-- phpMyAdmin SQL Dump
-- version 5.2.1
-- https://www.phpmyadmin.net/
--
-- Host: localhost:3306
-- Generation Time: Aug 16, 2024 at 09:10 AM
-- Server version: 10.11.7-MariaDB-cll-lve
-- PHP Version: 8.1.25

SET SQL_MODE = "NO_AUTO_VALUE_ON_ZERO";
START TRANSACTION;
SET time_zone = "+00:00";


/*!40101 SET @OLD_CHARACTER_SET_CLIENT=@@CHARACTER_SET_CLIENT */;
/*!40101 SET @OLD_CHARACTER_SET_RESULTS=@@CHARACTER_SET_RESULTS */;
/*!40101 SET @OLD_COLLATION_CONNECTION=@@COLLATION_CONNECTION */;
/*!40101 SET NAMES utf8mb4 */;

--
-- Database: `stki7272_pmb`
--

DELIMITER $$
--
-- Procedures
--
CREATE DEFINER=`stki7272`@`localhost` PROCEDURE `update_sisa_kuota` ()   BEGIN
                DECLARE prodi_id INT;
                DECLARE total_registers INT;
            
                -- Loop through each prodi
                DECLARE prodi_cursor CURSOR FOR SELECT id FROM prodis;
                DECLARE CONTINUE HANDLER FOR NOT FOUND SET prodi_id = NULL;
            
                OPEN prodi_cursor;
            
                prodi_loop: LOOP
                    FETCH prodi_cursor INTO prodi_id;
                    IF prodi_id IS NULL THEN
                        LEAVE prodi_loop;
                    END IF;
            
                    -- Calculate total registers for the current prodi
                    SET total_registers = (
                        SELECT COUNT(*)
                        FROM registers
                        WHERE diterima_di = prodi_id
                    );
            
                    -- Update sisa_kuota for the current prodi
                    UPDATE prodis
                    SET sisa_kuota = kuota - total_registers
                    WHERE id = prodi_id;
                END LOOP;
            
                CLOSE prodi_cursor;
            END$$

DELIMITER ;

-- --------------------------------------------------------

--
-- Table structure for table `banks`
--

CREATE TABLE `banks` (
  `id` bigint(20) UNSIGNED NOT NULL,
  `nama_pemilik` varchar(255) NOT NULL,
  `nomor_rekening` varchar(255) DEFAULT NULL,
  `nama_bank` varchar(255) DEFAULT NULL,
  `created_at` timestamp NULL DEFAULT NULL,
  `updated_at` timestamp NULL DEFAULT NULL
) ENGINE=InnoDB DEFAULT CHARSET=utf8mb4 COLLATE=utf8mb4_unicode_ci;

--
-- Dumping data for table `banks`
--

INSERT INTO `banks` (`id`, `nama_pemilik`, `nomor_rekening`, `nama_bank`, `created_at`, `updated_at`) VALUES
(5, 'STKIP PGRI BANGKALAN', '000601001005304', 'BANK BRI', '2024-04-24 03:22:05', '2024-04-24 03:22:05');

-- --------------------------------------------------------

--
-- Table structure for table `berkas_pendaftars`
--

CREATE TABLE `berkas_pendaftars` (
  `id` bigint(20) UNSIGNED NOT NULL,
  `user_id` bigint(20) UNSIGNED NOT NULL,
  `ijazah_skl` text DEFAULT NULL,
  `ijazah_skl_file` text DEFAULT NULL,
  `skhun` text DEFAULT NULL,
  `skhun_file` text DEFAULT NULL,
  `kk` text DEFAULT NULL,
  `kk_file` text DEFAULT NULL,
  `ktp` text DEFAULT NULL,
  `ktp_file` text DEFAULT NULL,
  `akta` text DEFAULT NULL,
  `akta_file` text DEFAULT NULL,
  `pas_foto` text DEFAULT NULL,
  `pas_foto_file` text DEFAULT NULL,
  `doc_pend_jalur_masuk` text DEFAULT NULL,
  `doc_pend_jalur_masuk_file` text DEFAULT NULL,
  `created_at` timestamp NULL DEFAULT NULL,
  `updated_at` timestamp NULL DEFAULT NULL
) ENGINE=InnoDB DEFAULT CHARSET=utf8mb4 COLLATE=utf8mb4_unicode_ci;

--
-- Dumping data for table `berkas_pendaftars`
--

INSERT INTO `berkas_pendaftars` (`id`, `user_id`, `ijazah_skl`, `ijazah_skl_file`, `skhun`, `skhun_file`, `kk`, `kk_file`, `ktp`, `ktp_file`, `akta`, `akta_file`, `pas_foto`, `pas_foto_file`, `doc_pend_jalur_masuk`, `doc_pend_jalur_masuk_file`, `created_at`, `updated_at`) VALUES
(4, 10, 'ijazah_skl_TES_20240402_115235.jpg', 'berkas/nGOrXFRVzHKZPxUSZrVhoexlzaUT6r7Q3WaFcqfK.jpg', 'skhun_TES_20240402_115235.jpg', 'berkas/Z8kZ5z1gGLssZmZMIrXakameLDyNILku2W3Yofmw.jpg', 'kk_TES_20240402_115235.jpg', 'berkas/oUhWwYH9UonuKeRNRSrHh0eRxWT4i6gpW8jfuy8p.jpg', 'ktp_TES_20240402_115235.jpg', 'berkas/1V4UdodQGh61RzPFCWzzK2gsrdNMb0ZTt4PdwVgm.jpg', 'akta_TES_20240402_115235.jpg', 'berkas/m6s0Hx76gzMVDKIE8Hv5RkurvwiXAUefejNWXa1V.jpg', 'pas_foto_TES_20240402_115235.jpg', 'berkas/kqBQkR5ymMTtwaktUPacXNWrUWjm3XwI9BACZ0Me.jpg', NULL, NULL, '2024-04-02 04:52:35', '2024-04-02 04:52:35'),
(5, 11, 'ijazah_skl_abc_20240424_093726.pdf', 'berkas/7MjkcqbP1sFYbYMjeIMTUYcBQ21QlR1S94n4UFfl.pdf', NULL, NULL, 'kk_abc_20240424_093727.pdf', 'berkas/SNKP2A2RAxXLMss1bkioJsnCw58rHgzCOvj7z179.pdf', 'ktp_abc_20240424_093727.pdf', 'berkas/1GlzEdkHnopCQAptzMZyFcz42EEDfDrlvTBSnNpO.pdf', 'akta_abc_20240424_093727.pdf', 'berkas/qBvt1mFE77ZwXINKQbdaTR4MHIAsw0zM7hDuMDCX.pdf', 'pas_foto_abc_20240424_093726.pdf', 'berkas/4UTpWzVHOyppZNjGQfC69Kdm48AQjOdDWonFMQtE.pdf', 'doc_pend_jalur_masuk_abc_20240424_093727.jpg', 'berkas/XuU5IqURkl7NPE6mVOcX0eOHhgpxusDWtcu5N5Ju.jpg', '2024-04-24 02:37:26', '2024-04-24 02:37:27'),
(6, 12, 'ijazah_skl_jhgghf_20240424_113717.pdf', 'berkas/pJOio0lJ2DMY92P43oj8mIJLHiadxSCTbjNyPfsk.pdf', NULL, NULL, 'kk_jhgghf_20240424_113717.pdf', 'berkas/D0zuIDDN2gDl16X1YYr2zoJkoZRB3F4035bSRlmg.pdf', 'ktp_jhgghf_20240424_113718.pdf', 'berkas/dnfkSTLuwohj57VxrwK0feTbgj8DvYQrXoctXL9F.pdf', 'akta_jhgghf_20240424_113718.pdf', 'berkas/IovVg4MIqRIx1PMCdMHKUWF34fxkphxIlyAku2au.pdf', 'pas_foto_jhgghf_20240424_113717.pdf', 'berkas/4dXarj7CG0tZjb3KamD3jOEX7u0KofyPEvLzJ0pw.pdf', 'doc_pend_jalur_masuk_jhgghf_20240424_113719.pdf', 'berkas/jJut1UegpAnpthG3Jg3uS3w9E9AXdgkybvkWSWCJ.pdf', '2024-04-24 04:37:17', '2024-04-24 04:37:20'),
(7, 13, 'ijazah_skl_jhgghf_20240424_114839.pdf', 'berkas/5CpkRXvjMkpCY1y2xskQlRSVoFQf0XzWwDAI5GFH.pdf', NULL, NULL, 'kk_jhgghf_20240424_114839.pdf', 'berkas/r2z6gWY7yYcSLSfkdCrOuCIe00Bv59NQi6ZtZem3.pdf', 'ktp_jhgghf_20240424_114840.pdf', 'berkas/wVR5DiqWkF8wx9kBKcMg6JanhAACsBUpmlClPhwu.pdf', 'akta_jhgghf_20240424_114840.pdf', 'berkas/SieUoClVRZhEfDGHor4IgMtNunHD8ef9WnU4ONUo.pdf', 'pas_foto_jhgghf_20240424_114839.pdf', 'berkas/ay5s9pd0rlrxjCF0UqEOA9Vi2XWAJbsQQzaPQJzT.pdf', 'doc_pend_jalur_masuk_jhgghf_20240424_114840.pdf', 'berkas/zpar8Btt58QPBaGXCh4jSR3Ni8DVYRoDywJMi90R.pdf', '2024-04-24 04:48:39', '2024-04-24 04:48:40'),
(8, 14, 'ijazah_skl_JOYA NUR PRIYANTI GUNAWAN_20240424_122016.pdf', 'berkas/7ApiqVnnP8wXWnGHHQa1WGaYxZgcaRBHDpS5JouY.pdf', NULL, NULL, 'kk_JOYA NUR PRIYANTI GUNAWAN_20240424_122016.pdf', 'berkas/FKFLNorbxOthCMjCFPjZbmRgJ8eVh6MnJCfddwJA.pdf', 'ktp_JOYA NUR PRIYANTI GUNAWAN_20240424_122016.pdf', 'berkas/NFOvAWHlQMrNZxO17ORHvYpNmWNY0RBAjku1bmcl.pdf', 'akta_JOYA NUR PRIYANTI GUNAWAN_20240424_122016.pdf', 'berkas/MrckP1y4KUskoL74uVNygtV9TBnJen4v4JnruLA9.pdf', 'pas_foto_JOYA NUR PRIYANTI GUNAWAN_20240424_122016.pdf', 'berkas/jGqUcDILRvsuUx3J7wmqEmAJAbQTfkNDId7SenBo.pdf', 'doc_pend_jalur_masuk_JOYA NUR PRIYANTI GUNAWAN_20240424_122016.pdf', 'berkas/BM43TDe1Hfwn6jFWCbGVLhWz0grZUbnIPX7ExkE4.pdf', '2024-04-24 05:20:16', '2024-04-24 05:20:16'),
(9, 15, 'ijazah_skl_jhgghf_20240426_140845.jpg', 'berkas/foBEIXkkwdPUfGjStNLTxk9bYQdIzNjDdhWK6etF.jpg', NULL, NULL, 'kk_jhgghf_20240426_140845.jpeg', 'berkas/OK9gDya7FCoy7MdXJ51iQDFqCH0rSY5YJbTL8zwH.jpg', 'ktp_jhgghf_20240426_140845.jpeg', 'berkas/OZucFItM4uBP8iw6UCZA7tdzX3UOj4zE4a0UWnSO.jpg', 'akta_jhgghf_20240426_140845.jpeg', 'berkas/LnkJvc1lYMK2ocSK3SOts18J1iKTtdU58jwyAUpZ.jpg', 'pas_foto_jhgghf_20240426_140845.jpeg', 'berkas/dRiBGeS0opExQO8eaB8AucyDhzX7mVWX7iZmo3ED.jpg', 'doc_pend_jalur_masuk_jhgghf_20240426_140845.jpeg', 'berkas/r5la7q9SWnFYfxzr5QDJJm1kjzhjMbJ0SU8pL1am.jpg', '2024-04-26 07:08:45', '2024-04-26 07:08:45'),
(10, 16, 'ijazah_skl_ALFIN MUBAROK_20240429_115146.pdf', 'berkas/3cQeeAIIrxMCOxXWqEaoZiq8Nxh8dXxeLtaVZJQr.pdf', NULL, NULL, 'kk_ALFIN MUBAROK_20240429_115146.pdf', 'berkas/R6iuST2hdMijXfAWLC2yd9OKMvKODVV0BNY7EMrK.pdf', 'ktp_ALFIN MUBAROK_20240429_115146.pdf', 'berkas/XC55tyHnDIEnxAr34GEFlIviSSZORbo3aadFIxY3.pdf', 'akta_ALFIN MUBAROK_20240429_115147.pdf', 'berkas/7tCuRWfOMbCFcZiHaeryjzlugXUVPJ2nUTuQRMWF.pdf', 'pas_foto_ALFIN MUBAROK_20240429_115146.JPG', 'berkas/xZ504ysN4tmY00EBYcml9l3885IMPJZrNlntFAzE.jpg', NULL, NULL, '2024-04-29 04:51:46', '2024-04-29 04:51:47'),
(11, 17, 'ijazah_skl_HOIRUL ANAM_20240429_115735.pdf', 'berkas/JTPmJrJ3T06IP8CZZOJPU125OylaSkBopZsFbDlP.pdf', NULL, NULL, 'kk_HOIRUL ANAM_20240429_115735.pdf', 'berkas/leCB5r3yzDLzQfjoZ8j6a1fQSAkVIEcExMf45sih.pdf', 'ktp_HOIRUL ANAM_20240429_115735.pdf', 'berkas/CDNh0HVO1eCf0JYy4Jk6bNBmOqrQ0UOxQ0wngt3W.pdf', 'akta_HOIRUL ANAM_20240429_115735.pdf', 'berkas/seUXABAAOa6v6TMUXdwj45ucElVNoHFZV8puuMq9.pdf', 'pas_foto_HOIRUL ANAM_20240429_115735.JPG', 'berkas/KWNTnILD3IaagVJprRTKFE2VmAerkGkS6bZ2d2BY.jpg', NULL, NULL, '2024-04-29 04:57:35', '2024-04-29 04:57:35'),
(12, 18, 'ijazah_skl_SHUFHAN JAMIL_20240429_120606.jpg', 'berkas/cUN7wOFMvfbKejrmcFTiGaEvLW3LtfE0hZZw5BfV.jpg', NULL, NULL, 'kk_SHUFHAN JAMIL_20240429_120606.jpg', 'berkas/DOo0ZUeMWeA1w3EHkDyo3Nb9yzrAX2w0LwbC92A9.jpg', 'ktp_SHUFHAN JAMIL_20240429_120606.jpg', 'berkas/vqKCg4Op5GZNW1rRvjpp3s04rc8J75zcn6h639U7.jpg', 'akta_SHUFHAN JAMIL_20240429_120606.jpg', 'berkas/1ZFwA1B1KKTMpkOZBZgtGlQ0Ga02XU6Cfx6Ep2SK.jpg', 'pas_foto_SHUFHAN JAMIL_20240429_120606.jpg', 'berkas/rzGScnn0zouK6inuf16lAo6BHl2fnPMS7JTryDPJ.jpg', NULL, NULL, '2024-04-29 05:06:06', '2024-04-29 05:06:06'),
(13, 19, 'ijazah_skl_RIZKY BAHTIAR_20240429_123332.jpeg', 'berkas/TjLVBLy3cdQQGcbYtRx0NUnE1SyfiUvfaS4WBR6G.jpg', NULL, NULL, 'kk_RIZKY BAHTIAR_20240429_123332.jpg', 'berkas/f1uJZjLjX1HqSLMC2AmLVJ5NHjudgtMNJfYFMlNR.jpg', 'ktp_RIZKY BAHTIAR_20240429_123332.jpg', 'berkas/gVIRMSX1SuboiBYulI0A3yTKKBhr9nFtlUOOFih1.jpg', 'akta_RIZKY BAHTIAR_20240429_123332.jpg', 'berkas/C6AJeyVcRToMcTD98EQUyYt7w8ozF6FmOu6KKzOm.jpg', 'pas_foto_RIZKY BAHTIAR_20240429_123332.jpg', 'berkas/mVnoBjJn6HZ3PJ7uL2iR8rsGIH6s7Dfax3qv0gUB.jpg', NULL, NULL, '2024-04-29 05:33:32', '2024-04-29 05:33:32'),
(14, 20, 'ijazah_skl_MOH. HUSNIL MA\'ARIF_20240429_124200.pdf', 'berkas/rsJ0U9b1qHhs4lGttgk9Vd9PahPLDGpnO4xyPf0O.pdf', NULL, NULL, 'kk_MOH. HUSNIL MA\'ARIF_20240429_124200.jpeg', 'berkas/LajCWaXZj9zlu2wo59Fhzi4mzBfmybJsUA6Zc8fV.jpg', 'ktp_MOH. HUSNIL MA\'ARIF_20240429_124200.jpeg', 'berkas/WyNDc4ajQLG6DRszVCWA1fuqoSmwVSXCzcNRHxQP.jpg', 'akta_MOH. HUSNIL MA\'ARIF_20240429_124200.jpeg', 'berkas/t2bf1BDEqAawlOfJdLsMA5iOu15aI1lfEM3iqqS2.jpg', 'pas_foto_MOH. HUSNIL MA\'ARIF_20240429_124200.png', 'berkas/NZhFIZegi5cfgs7WVnKzvpgrJCPC0FHIpBhmdM1I.png', 'doc_pend_jalur_masuk_MOH. HUSNIL MA\'ARIF_20240429_124200.jpeg', 'berkas/OleGfKRJ8ILzKl3gfPt9VwRvYR29rL9ANbTN1D7A.jpg', '2024-04-29 05:42:00', '2024-04-29 05:42:00'),
(15, 21, 'ijazah_skl_SITI ROFIAH_20240429_125049.pdf', 'berkas/dBEMq69Hz8hhehByt6yGYq8RLWzjfzeYd4XHr3NV.pdf', NULL, NULL, 'kk_SITI ROFIAH_20240429_125049.pdf', 'berkas/XV5ougGko36Ha4rd0mx9JzItEejbstblCm6NFOpA.pdf', 'ktp_SITI ROFIAH_20240429_125049.jpg', 'berkas/MV6dD4YcKulK97FbeeaCpsEUKtPQKHh088sGHq8B.jpg', 'akta_SITI ROFIAH_20240429_125049.jpg', 'berkas/XW5vPM3QU9fbUfrXNBFjJP9nUK6CQlzoOxqlclhj.jpg', 'pas_foto_SITI ROFIAH_20240429_125049.jpg', 'berkas/mFIkcW6KlxQJhOGyWMenI0DkDnWMY4Vtb5AB4bX8.jpg', 'doc_pend_jalur_masuk_SITI ROFIAH_20240429_125049.jpg', 'berkas/crKOyoPGUU3viJBNG514EREsaruzbROpoMSRfLdF.jpg', '2024-04-29 05:50:49', '2024-04-29 05:50:49'),
(16, 22, 'ijazah_skl_Andika dwi anggara_20240430_134014.pdf', 'berkas/cgIo0iD9POZlKTBDivE2b6zNJe4ZnvijkD9tTUIO.pdf', NULL, NULL, 'kk_Andika dwi anggara_20240430_134014.pdf', 'berkas/rtlKy91kGzJAug7Ue8YQuxjQQKpu4JY4aE5p2hlV.pdf', 'ktp_Andika dwi anggara_20240430_134014.pdf', 'berkas/RkFrDNiZZBBbdbodVRFy9UeN59Jhk8yZUQ8obec6.pdf', 'akta_Andika dwi anggara_20240430_134014.pdf', 'berkas/i7b9bge3YZOOogWopfyvidec22BzeHCxnRvc8hlZ.pdf', 'pas_foto_Andika dwi anggara_20240430_134014.jpeg', 'berkas/PCvqHtJzqolvO9uepTr1whOqft2CpUbXicBAMe42.jpg', NULL, NULL, '2024-04-30 06:40:14', '2024-04-30 06:40:15'),
(18, 24, 'ijazah_skl_Aynia Ramadani_20240430_205024.pdf', 'berkas/dHTE43mwRiEGlYMbz1GFPEkLnbN1kwUVC093Anuv.pdf', NULL, NULL, 'kk_Aynia Ramadani_20240430_205024.pdf', 'berkas/rneEZXSFOhedcQKCLFXfsc1kGSbxPRiMWSIWmskb.pdf', 'ktp_Aynia Ramadani_20240430_205024.pdf', 'berkas/KNfteiil785xI9mWc7eH4dm9UzCK6DeQDqSoXpB6.pdf', 'akta_Aynia Ramadani_20240430_205024.pdf', 'berkas/hgQFH2X3JeDfN7FIaIEOQF3EONlPCXiPHgJ10v8J.pdf', 'pas_foto_Aynia Ramadani_20240430_205024.pdf', 'berkas/d9wJ3lbUA69JxA8FjVnj0x9Xy42B34v4MPLfOe4T.pdf', 'doc_pend_jalur_masuk_Aynia Ramadani_20240430_205024.pdf', 'berkas/tmbOdX6lqUz78AhJISgFxeIL5KyLqH4ypy2RM0qO.pdf', '2024-04-30 13:50:24', '2024-04-30 13:50:24'),
(19, 25, 'ijazah_skl_ROSUL MUHAMMAD DANI_20240503_134029.jpeg', 'berkas/D5Juz5dHMCO41AAUIlY6T4WiZShCULZ3Swz9PFYe.jpg', NULL, NULL, 'kk_ROSUL MUHAMMAD DANI_20240503_134029.jpeg', 'berkas/I8yr7h2SX7E7PEKJKe0Q7YDxofK9yhf8q482kRiG.jpg', 'ktp_ROSUL MUHAMMAD DANI_20240503_134030.jpeg', 'berkas/oeJMP7eDuZDbIZQZWLmyLQ646jeffLJlMC64Icsl.jpg', 'akta_ROSUL MUHAMMAD DANI_20240503_134030.jpeg', 'berkas/B2RTyjoMzdJT2PK76YW0IiQtEhp7KgAJlIXVVT1c.jpg', 'pas_foto_ROSUL MUHAMMAD DANI_20240503_134029.jpeg', 'berkas/DZSMCYlmV3QvYcBDkXAr30TLIH1tXTngdbeXn3xs.jpg', 'doc_pend_jalur_masuk_ROSUL MUHAMMAD DANI_20240503_134030.jpeg', 'berkas/hRbQouMXG5UauTG9B8beKolZPbE74EasZQ2HQjCr.jpg', '2024-05-03 06:40:29', '2024-05-03 06:40:30'),
(20, 26, 'ijazah_skl_MIFTAHUL ANSHORI_20240503_134841.pdf', 'berkas/uusCEkWUoQvkRyYA7CAVvd5HmYoL12mZIuxUj0AY.pdf', NULL, NULL, 'kk_MIFTAHUL ANSHORI_20240503_134841.pdf', 'berkas/Hy5HyoL5x7BPbETPmQ8CORF518SS5npLOg3RhoFC.pdf', 'ktp_MIFTAHUL ANSHORI_20240503_134841.jpg', 'berkas/xTToMAnS3P8NR2gu2MhBMiwZouYYEnDF4i9iafks.jpg', 'akta_MIFTAHUL ANSHORI_20240503_134841.pdf', 'berkas/UX4datII8Uf2HV9Pk8q1KapUOimRPqqWxZcNa3Zz.pdf', 'pas_foto_MIFTAHUL ANSHORI_20240503_134841.jpg', 'berkas/tYbh6MPD5y6w0vCCS3yskgzjoXE14nrBzsPgo0a5.jpg', NULL, NULL, '2024-05-03 06:48:41', '2024-05-03 06:48:41'),
(21, 27, 'ijazah_skl_MOH. RAIHAN_20240503_135822.jpg', 'berkas/8kdosUtU8PyWmgdTf9NTHuXOMNtLE1pGhEUQm4j7.jpg', NULL, NULL, 'kk_MOH. RAIHAN_20240503_135822.jpg', 'berkas/ZT8vCblhCtscVP991dndAjV01IZ16H7Wlp31Zdu1.jpg', 'ktp_MOH. RAIHAN_20240503_135822.jpg', 'berkas/KvOJD38v5oypaBBKLRgRjfH2nazJwb60dM6G4OEX.jpg', 'akta_MOH. RAIHAN_20240503_135822.jpg', 'berkas/ng33nYZN5APbUCvH1xAAw20YTOjHwHpT3uXadQ4y.jpg', 'pas_foto_MOH. RAIHAN_20240503_135822.png', 'berkas/aF5HSQzyw9LodLDjXqQPJBjfRvpt8m2PJfRAJUCP.png', NULL, NULL, '2024-05-03 06:58:22', '2024-05-03 06:58:22'),
(22, 28, 'ijazah_skl_SITI ALIYAH_20240503_140637.jpg', 'berkas/FZzuaufBshBnbIhRnt7MHL10Dpgqrd3HWsuGhyiz.jpg', NULL, NULL, 'kk_SITI ALIYAH_20240503_140637.jpg', 'berkas/BtLtAKVp34yKvCzR84DkiivoA0SaIB9DFBP2p8Ez.jpg', 'ktp_SITI ALIYAH_20240503_140637.jpg', 'berkas/dSCycWMOSe3lf3W8tMRF1KtUwMs2imnoc9lFgpDy.jpg', 'akta_SITI ALIYAH_20240503_140637.jpg', 'berkas/DVAugvBirAbkQTleXymiBwqovmZyD6BNOM7KEYZh.jpg', 'pas_foto_SITI ALIYAH_20240503_140637.jpg', 'berkas/Hq05NyJyKK3ijZjYtxAfliNsuNtIuFJvH1biwHUg.jpg', NULL, NULL, '2024-05-03 07:06:37', '2024-05-03 07:06:38'),
(23, 29, 'ijazah_skl_MUHLIS_20240503_143902.pdf', 'berkas/k8zzEuGYsqTV3IovHvlMN6UJVMlXPWPak1YdTFlj.pdf', NULL, NULL, 'kk_MUHLIS_20240503_143902.pdf', 'berkas/SXwjfbPj7AGvyQhIs2Wv9Y7S5vyjTUQf5g02hRqz.pdf', 'ktp_MUHLIS_20240503_143902.pdf', 'berkas/qWuYhPoC2X94i8P1JpbNrtnt4y6BvkfXDy6nG35h.pdf', 'akta_MUHLIS_20240503_143902.pdf', 'berkas/atNIeLJW8fvqJM4gFHYkY3ZiIVFiJ0Edh9wJkCrU.pdf', 'pas_foto_MUHLIS_20240503_143902.pdf', 'berkas/Coc9foEH9wbdJby2pytcmupv5y03bwJNWOhrG0PQ.pdf', 'doc_pend_jalur_masuk_MUHLIS_20240503_143902.pdf', 'berkas/pj3nB1YcuRCN3nWHZ4t4QOihOrEdEqt1asIqLIsm.pdf', '2024-05-03 07:39:02', '2024-05-03 07:39:02'),
(24, 30, 'ijazah_skl_SALIMATUS SAKDIYAH_20240503_154128.jpg', 'berkas/u8weH6kNmVBA9lXb7oBQz9DqSxm2pcykgUo8p8iD.jpg', NULL, NULL, 'kk_SALIMATUS SAKDIYAH_20240503_154128.jpg', 'berkas/vXHPYXXzzgi16CdGHR4oNf2CdHavzSiaMc5FP430.jpg', 'ktp_SALIMATUS SAKDIYAH_20240503_154128.jpg', 'berkas/p9Tkfq5XVEcdnDuEzAmntRkdCE5eTzNllyWBIZv6.jpg', 'akta_SALIMATUS SAKDIYAH_20240503_154128.jpg', 'berkas/5tc7PPZ0q1eGZan6BB49VDLgaPiDTjKkYy2G3wlM.jpg', 'pas_foto_SALIMATUS SAKDIYAH_20240503_154128.jpg', 'berkas/jaSE57vlznz7RVcSiAeUAf0aMw4JlOnmVXglKQos.jpg', 'doc_pend_jalur_masuk_SALIMATUS SAKDIYAH_20240503_154128.jpg', 'berkas/jxqpbKBrbegjqhLPyFZddJ8hZVQln0QI7QmVWsZy.jpg', '2024-05-03 08:41:28', '2024-05-03 08:41:28'),
(25, 31, 'ijazah_skl_LATIFATUL SOFIYAH_20240506_085519.pdf', 'berkas/yYwz0nMiqXGkrJQAByz0e3OMrXb9lfP8JX5H0Ipy.pdf', NULL, NULL, 'kk_LATIFATUL SOFIYAH_20240506_085519.pdf', 'berkas/00VmXVHihwouo1rUsS2iUkqhP6vWvkGbkO9gN1ND.pdf', 'ktp_LATIFATUL SOFIYAH_20240506_085519.pdf', 'berkas/CLkJfMTzBwxC9cwN53zMRCFKc4suIHJJwNdJxmeD.pdf', 'akta_LATIFATUL SOFIYAH_20240506_085519.pdf', 'berkas/2ZfDwWhhLaWejyTZVSUsfKM7vH6JKCUsGyaIlFoL.pdf', 'pas_foto_LATIFATUL SOFIYAH_20240506_085519.JPG', 'berkas/2Ta82Ma0T5I9WrgRMd0XWXQDlvl632qvO2QJlaRZ.jpg', NULL, NULL, '2024-05-06 01:55:19', '2024-05-06 01:55:19'),
(26, 32, 'ijazah_skl_ABDUL MUIN_20240507_095319.pdf', 'berkas/2mvBCpRy7tHBpot5saJblRhX9Q8SgkgWsh5KR6nB.pdf', NULL, NULL, 'kk_ABDUL MUIN_20240507_095319.pdf', 'berkas/Z4YKP9dZgkCBw6snoeQf54vMjFcATC6aIpeU3KhH.pdf', 'ktp_ABDUL MUIN_20240507_095319.pdf', 'berkas/r9A2A7kPopSiyqCtehxM8nY3QLCkxlSkBj6xbL1p.pdf', 'akta_ABDUL MUIN_20240507_095319.pdf', 'berkas/UlOCf32YU0oF9PkAr4yNhEGfdnWIUCdTDmvLLGto.pdf', 'pas_foto_ABDUL MUIN_20240507_095319.jpg', 'berkas/jwjrHN1bCXLiOXfsPdirwj1GinNujS1NugVcgOxn.jpg', 'doc_pend_jalur_masuk_ABDUL MUIN_20240507_095319.pdf', 'berkas/5swIx2uRBrrjNjMZl6PLrC9xEIc99LkuEV64FiqZ.pdf', '2024-05-07 02:53:19', '2024-05-07 02:53:19'),
(27, 33, 'ijazah_skl_Marsuli_20240507_104136.pdf', 'berkas/4zAKq9KHSjYVvtw3bxg5q8jLf0atB1VvOaWz8Vem.pdf', NULL, NULL, 'kk_Marsuli_20240507_104136.pdf', 'berkas/GFsSMuYnMnywS5WXo0rWEoOhNKpxEyyXM9E0vi0e.pdf', 'ktp_Marsuli_20240507_104137.pdf', 'berkas/BYDx1Dj3HYmevhHr4BB3cZ0Z8adub0LkdJr6wm3f.pdf', 'akta_Marsuli_20240507_104137.pdf', 'berkas/2omeOgDatA5H92A6UwYTLlIsINPdvrhoN0ik7IZ1.pdf', 'pas_foto_Marsuli_20240507_104136.png', 'berkas/U2scnwuGdAoJXzA1piQt69IXTyWITF53Ocj7OhmZ.png', 'doc_pend_jalur_masuk_Marsuli_20240507_104137.pdf', 'berkas/9OpOcNjjQOcQEAfySTxOCASKX610pGMfPy61Gs3r.pdf', '2024-05-07 03:41:36', '2024-05-07 03:41:37'),
(28, 34, 'ijazah_skl_MUHAMMAD MAMLU\'UL HIKAM_20240507_114550.pdf', 'berkas/b3b8b4EEWKZtrdApL23vM7HqkmmD9SDLxzoRJlyb.pdf', NULL, NULL, 'kk_MUHAMMAD MAMLU\'UL HIKAM_20240507_114551.pdf', 'berkas/abiXALrHoO3sUamJUOVBkscls3AJObb3dpwWp2oU.pdf', 'ktp_MUHAMMAD MAMLU\'UL HIKAM_20240507_114551.pdf', 'berkas/1EQi4WDg1u94cOPI5nhQyRNEKj2VWOMfqp9umWJi.pdf', 'akta_MUHAMMAD MAMLU\'UL HIKAM_20240507_114551.pdf', 'berkas/Jk3BvfxJvEKYc8x68HJZesG09iLZzeoEyfge0QO9.pdf', 'pas_foto_MUHAMMAD MAMLU\'UL HIKAM_20240507_114550.JPG', 'berkas/ioyFo66YP1j8T7CV4XuAcnaKQs7F92CARbgfQESH.jpg', NULL, NULL, '2024-05-07 04:45:50', '2024-05-07 04:45:51'),
(29, 35, 'ijazah_skl_AFIFATUN NISA\'_20240507_115651.pdf', 'berkas/tMQ4kAG4NoBKgRgMrfdTe0VGnVJoWZN9zyzlzH7T.pdf', NULL, NULL, 'kk_AFIFATUN NISA\'_20240507_115651.jpg', 'berkas/QSd4HGUBMmKq8RDCJNv2YuCo5aYtaj5igS5UKMCw.jpg', 'ktp_AFIFATUN NISA\'_20240507_115651.jpg', 'berkas/09JM3WCJSsOXYWDZJW3Jr1WX0tPGI1lkG6cqq0iW.jpg', 'akta_AFIFATUN NISA\'_20240507_115651.jpg', 'berkas/4HOhbnlA6QC1R6Pdt6js2IfH0uuzw5nRGYKCYKHq.jpg', 'pas_foto_AFIFATUN NISA\'_20240507_115651.png', 'berkas/DNEHu3RqRw4H0Q8R7YjjfNYBNCI0j7VImYaGfB8V.png', 'doc_pend_jalur_masuk_AFIFATUN NISA\'_20240507_115651.jpg', 'berkas/cW13SbS9FbiEeJZcy3JkLuJj8RisTLaNTnomHXPw.jpg', '2024-05-07 04:56:51', '2024-05-07 04:56:51'),
(30, 36, 'ijazah_skl_RINA SULIS TIANA_20240508_143201.jpg', 'berkas/hblgBx1k2zFpSD8knp8iG0VnhwR8BG0waKjboBVX.jpg', NULL, NULL, 'kk_RINA SULIS TIANA_20240508_143201.jpg', 'berkas/LDBQSWPb7OEMbUFuwVg44Im6XiZ9ibLrNapgvgA6.jpg', 'ktp_RINA SULIS TIANA_20240508_143201.jpg', 'berkas/C8EBWjEOcMcE4WBBYRX1ZUt3DPilgnjKvHTFEIcc.jpg', 'akta_RINA SULIS TIANA_20240508_143201.jpg', 'berkas/6KbLaVPfabe62TdQnf6V4Dp6abH8PoUOQzhAXDc4.jpg', 'pas_foto_RINA SULIS TIANA_20240508_143201.jpg', 'berkas/stCeu0oAHGd8Il2wyqZGeODhNWP9aMavIvswIyWE.jpg', 'doc_pend_jalur_masuk_RINA SULIS TIANA_20240508_143201.jpg', 'berkas/vaAwmtQsoEDulTIKCyR3S7BtXiIaV8XPvP0Fd6Pf.jpg', '2024-05-08 07:32:01', '2024-05-08 07:32:01'),
(31, 37, 'ijazah_skl_ALIVIATUL MAHYU_20240508_144211.pdf', 'berkas/pQNudUW9zWz7z3z2KZuVWRjtyavdVdMgJnjAeNC1.pdf', NULL, NULL, 'kk_ALIVIATUL MAHYU_20240508_144211.jpg', 'berkas/oU0y71xjqzSQXIsYdXiAzCpU9CCWJjYFTKiMdZUf.jpg', 'ktp_ALIVIATUL MAHYU_20240508_144211.jpg', 'berkas/hGoG9YR8hsHuusyjqgqgli5m5cAqyQ1H5pdRWKQv.jpg', 'akta_ALIVIATUL MAHYU_20240508_144211.jpg', 'berkas/4oZmQWdH1lVR02oTsQBnLG06w3Qnad6q9oTYvBpP.jpg', 'pas_foto_ALIVIATUL MAHYU_20240508_144211.jpg', 'berkas/td7jB1KE2Ltq2L8FPa4pF6yDNnEebWo1wqhv8HKU.jpg', NULL, NULL, '2024-05-08 07:42:11', '2024-05-08 07:42:11'),
(32, 38, 'ijazah_skl_LAILA MASRUROH_20240508_154936.pdf', 'berkas/rdjK5kluXbcgrpzW3ifEkQ6QrFPTt1HoXeelRBwX.pdf', NULL, NULL, 'kk_LAILA MASRUROH_20240508_154936.pdf', 'berkas/QPtJPDYg8P0y9Pp73eFCWSz2V5jOe3K5mSeIM394.pdf', 'ktp_LAILA MASRUROH_20240508_154936.jpg', 'berkas/RySNvspxwJzkEYtQSafhovwzjywX78LXpGzT31kX.jpg', 'akta_LAILA MASRUROH_20240508_154937.pdf', 'berkas/qgNsoc14Z7yuswJ0EmtV8cn31xbMNuvQ6jRvhG5Y.pdf', 'pas_foto_LAILA MASRUROH_20240508_154936.jpg', 'berkas/id2tUU0NKkKE2g6hHbRr29cx1nQQglZSNVIdFMFV.jpg', 'doc_pend_jalur_masuk_LAILA MASRUROH_20240508_154937.jpg', 'berkas/S3vzOSl4YqB7p5EtO4qnWGjGAKRzrkXAPbAmp2fv.jpg', '2024-05-08 08:49:36', '2024-05-08 08:49:37'),
(33, 39, 'ijazah_skl_Siti Sholehah_20240508_174854.jpg', 'berkas/PEXAI4dyVjYKXBFFBl0hurujxsyVS6SO3G2gZ17e.jpg', NULL, NULL, 'kk_Siti Sholehah_20240508_174854.jpg', 'berkas/kP4IJVq84ONhOUJn0TJh2aGIyywkS1ZE62gKtB9h.jpg', 'ktp_Siti Sholehah_20240508_174854.jpg', 'berkas/rl6cbBJrZ7Hhlse2H6yuyzsLNfPw0YMI2TCDs2PW.jpg', 'akta_Siti Sholehah_20240508_174854.jpg', 'berkas/x3ifLmB69nfgKEjZF1B6ZH79jidRu4dHC7nTRxZe.jpg', 'pas_foto_Siti Sholehah_20240508_174854.jpg', 'berkas/6YLHGpjje6abYLhzJFjA3UOXCVmY648VvcOF0mfH.jpg', 'doc_pend_jalur_masuk_Siti Sholehah_20240508_174854.jpg', 'berkas/Rq9DBybjewrfuGng4NTG6cwdJRI9MPVJGsCrRdK1.jpg', '2024-05-08 10:48:54', '2024-05-08 10:48:54'),
(34, 40, 'ijazah_skl_RUSTIANAWATI_20240508_191249.jpg', 'berkas/jwdy7VvCJHMtwol526N7oO3Mz2nSu0cLhRxlGPoY.jpg', NULL, NULL, 'kk_RUSTIANAWATI_20240508_191249.jpg', 'berkas/FIFRCTaYmhz11bi0c7lhrmeZ1XAkMwHFLpprsa22.jpg', 'ktp_RUSTIANAWATI_20240508_191249.jpg', 'berkas/x9VSDIK97novf4ySQYPpQkKtFyI8qIIX5jYTjI6g.jpg', 'akta_RUSTIANAWATI_20240508_191249.jpg', 'berkas/54owLldvqFQ46Dj0MrFPFSbv9heN0CbW6eMrQ3qS.jpg', 'pas_foto_RUSTIANAWATI_20240508_191249.jpg', 'berkas/yGeS2X9ToyoZzmeFdPK0GmdhlqPQk4tUTOaRyrb0.jpg', 'doc_pend_jalur_masuk_RUSTIANAWATI_20240508_191249.jpg', 'berkas/tInwHfi2C03jwXMdzCSvSW7s1bLzbLH0L6CQuMEn.jpg', '2024-05-08 12:12:49', '2024-05-08 12:12:50'),
(35, 41, 'ijazah_skl_RUSTIANAWATI_20240508_192643.jpg', 'berkas/E7mKtgPHHC4k5gbYM3fe2BUKvwd9gl8RABRubsip.jpg', NULL, NULL, 'kk_RUSTIANAWATI_20240508_192643.jpg', 'berkas/K7zjwBU4K0qOF45EagRvPf53fIarj7yRP37GmjER.jpg', 'ktp_RUSTIANAWATI_20240508_192643.jpg', 'berkas/7I4t1xuC06hJeJg9hCjpJcCmIrK5qAAHsQ4qLLy1.jpg', 'akta_RUSTIANAWATI_20240508_192643.jpg', 'berkas/65JSUl9JpHS6NWgnHzIbfIt95qm4O73Dsfl1T5fP.jpg', 'pas_foto_RUSTIANAWATI_20240508_192643.jpg', 'berkas/Wdyze5hQRnbooFnMDcWQQ8TN5k2RfTxaJeDuKvNy.jpg', 'doc_pend_jalur_masuk_RUSTIANAWATI_20240508_192643.jpg', 'berkas/jlj85HSq0zUJXw394K6MXtfBAB286RWmhfqiIYyN.jpg', '2024-05-08 12:26:43', '2024-05-08 12:26:44'),
(36, 42, 'ijazah_skl_NUR KHOLIS AKBAR_20240508_223420.pdf', 'berkas/9BazD7VJIejU6BcelNZK7zuIRG9yb3TuZSyGj9wD.pdf', NULL, NULL, 'kk_NUR KHOLIS AKBAR_20240508_223420.pdf', 'berkas/KkvRlVxxzwGwvvMgydomBXX1CJyT8HpN8FkoI4Jo.pdf', 'ktp_NUR KHOLIS AKBAR_20240508_223420.jpeg', 'berkas/Nv2yeHJ7lEHF6SvNDDIi5FTsjtn6FsQdzP0v8ymL.jpg', 'akta_NUR KHOLIS AKBAR_20240508_223420.pdf', 'berkas/jUHvXZgQCPFPQ8nhUeo1Ek1pM6LD7LKtJhbd1gTb.pdf', 'pas_foto_NUR KHOLIS AKBAR_20240508_223420.jpg', 'berkas/eKUIcynVfhIfdiiPwjw6yGysWzv13RY4fsFgRT9g.jpg', 'doc_pend_jalur_masuk_NUR KHOLIS AKBAR_20240508_223420.pdf', 'berkas/hp786Kl21RKZgkOmke25bOIkO8IOJlYvEhiuObxO.pdf', '2024-05-08 15:34:20', '2024-05-08 15:34:21'),
(37, 43, 'ijazah_skl_YESSIROH_20240509_114858.jpeg', 'berkas/7bNizXwP2aZZ7W5flL93meXN2lIXjAzAxxAJSKIP.jpg', NULL, NULL, 'kk_YESSIROH_20240509_114858.jpeg', 'berkas/bJB8xTVUsIHdwmGvFO3ykYGEoL8SOcLjuBsmG07H.jpg', 'ktp_YESSIROH_20240509_114858.jpeg', 'berkas/98uNhDHxSUxlr2g8COs2cXNELj61NEq49ouncGaL.jpg', 'akta_YESSIROH_20240509_114858.jpeg', 'berkas/2wIHncNOMiBql0tJWrggESIowZpUoASPDg0RYYHf.jpg', 'pas_foto_YESSIROH_20240509_114858.jpeg', 'berkas/vIPts5YhP5reWRTYmUh56YPze8u2K5ZzMvC6gvtV.jpg', 'doc_pend_jalur_masuk_YESSIROH_20240509_114858.jpeg', 'berkas/wMZzjffpI9sflEvxk0rHRgNusnZYOCxNnMQGGV61.jpg', '2024-05-09 04:48:58', '2024-05-09 04:48:58'),
(38, 44, 'ijazah_skl_RYAN YUZRIZAL ABDILLAH PRATAMA_20240510_200008.pdf', 'berkas/5Vq4L8kvno66CP4g70vkD2OoMh80wSWY8FiWbwJb.pdf', NULL, NULL, 'kk_RYAN YUZRIZAL ABDILLAH PRATAMA_20240510_200008.jpg', 'berkas/nTEcDMSfEiR9RksaEzhOzV2aNIgVIwwwEqzP6eoS.jpg', 'ktp_RYAN YUZRIZAL ABDILLAH PRATAMA_20240510_200008.jpg', 'berkas/ZALq55MXr7e7G1klWultZZmjPKuSmjwkTjLEXw2S.jpg', 'akta_RYAN YUZRIZAL ABDILLAH PRATAMA_20240510_200008.jpg', 'berkas/WuLp1PjbLHnHNcGJEq29u0Xw3iS4vKnfh971t9d6.jpg', 'pas_foto_RYAN YUZRIZAL ABDILLAH PRATAMA_20240510_200008.jpg', 'berkas/dxWGThL5qDXruwp0IavNxg8qh7bC449uNAskq1Np.jpg', 'doc_pend_jalur_masuk_RYAN YUZRIZAL ABDILLAH PRATAMA_20240510_200008.pdf', 'berkas/UYccKYLpRIykncKkXXnxXggJyWaJwRR2zXb3h6Qs.pdf', '2024-05-10 13:00:08', '2024-05-10 13:00:08'),
(39, 45, 'ijazah_skl_Shofia.farohatul.jannah_20240512_094941.png', 'berkas/lItXqc4PbSIGBy1OupblfjrMYAPmfoLkBjrcA5j9.png', NULL, NULL, 'kk_Shofia.farohatul.jannah_20240512_094941.jpg', 'berkas/5WMEdRVVFFhqxA05zfymcYOzMahznHKTxxEu2X2y.jpg', 'ktp_Shofia.farohatul.jannah_20240512_094941.JPG', 'berkas/XdCjFOK5kjCSTAhsHXLVvpROvolB4ekif9NK1BCr.jpg', 'akta_Shofia.farohatul.jannah_20240512_094941.jpg', 'berkas/zKd8y3CeQaHOi9q6p8oMd4gRl6v5C5SW5pnNBzsN.jpg', 'pas_foto_Shofia.farohatul.jannah_20240512_094941.JPG', 'berkas/6JEErV7xVVdZmySYwLlRaMY0imC8jmLaS54SYQ8u.jpg', NULL, NULL, '2024-05-12 02:49:41', '2024-05-12 02:49:41'),
(40, 46, 'ijazah_skl_Dewi wulan safitri_20240513_104721.jpg', 'berkas/C2VK2OnVw8oLd8rF5jUUY9MNHQiyMVZmCBp8DoFg.jpg', NULL, NULL, 'kk_Dewi wulan safitri_20240513_104721.jpg', 'berkas/vHZwMSSA3RqpZO46ppBXyMAYLcUGm0d5eDjuSZfn.jpg', 'ktp_Dewi wulan safitri_20240513_104721.jpg', 'berkas/3JfSgepDZ9QuzxF3XZOyBUuteC7QdUsLmpbFR7vW.jpg', 'akta_Dewi wulan safitri_20240513_104721.jpg', 'berkas/XfDUF5KSYnI6vnM9tL1W72IgxK7i0E5Wxjb0nkdy.jpg', 'pas_foto_Dewi wulan safitri_20240513_104721.jpg', 'berkas/8qfQsGo5xc8HNVVDSKFOmAh4S0YkRd0Yhqiu6fow.jpg', 'doc_pend_jalur_masuk_Dewi wulan safitri_20240513_104721.jpg', 'berkas/JioCkwHvfRl9hGQoNa1FgW8S1gCI0lyg8Yd5y4bW.jpg', '2024-05-13 03:47:21', '2024-05-13 03:47:21'),
(41, 47, 'ijazah_skl_Dewi Wulan Safitri_20240513_114815.jpg', 'berkas/98eeGCfTXIPk3Gy2Si0CVQnbLjS6mL8Yb2CEYnTl.jpg', NULL, NULL, 'kk_Dewi Wulan Safitri_20240513_114815.jpg', 'berkas/d7WNAZuPicYsYlG1LeHMzuGCFMTghqtn8b4SsnTr.jpg', 'ktp_Dewi Wulan Safitri_20240513_114815.jpg', 'berkas/gIf6zs8P7uorq8rAQDb5H6zASnbkiiMwy8DFwfHY.jpg', 'akta_Dewi Wulan Safitri_20240513_114815.jpg', 'berkas/v72lB9DxokRffM0DuxcR1yRo2gqOLs5Ut69M6sPw.jpg', 'pas_foto_Dewi Wulan Safitri_20240513_114815.jpg', 'berkas/fgcTIOT65VxnH7fvnFawxTzUW3k9pHLlcDRN5jcY.jpg', 'doc_pend_jalur_masuk_Dewi Wulan Safitri_20240513_114815.jpg', 'berkas/KtdbAMv7MJJd9DFv74xvU8oVysPFpEO1QQYVpY8i.jpg', '2024-05-13 04:48:15', '2024-05-13 04:48:15'),
(42, 48, 'ijazah_skl_Lia Kamaliah_20240514_054443.jpg', 'berkas/GG3Iq3qttSFTChREI1UespXdicdbSg0hgJMB0mVn.jpg', NULL, NULL, 'kk_Lia Kamaliah_20240514_054443.jpg', 'berkas/rOKHqR8iUeyAOYODKSwLjS6vf0LyAGVgiU6t0F2v.jpg', 'ktp_Lia Kamaliah_20240514_054443.jpg', 'berkas/15bLci0LCiuFz2X9PrZdAectYw5baHCYBNh3dAtZ.jpg', 'akta_Lia Kamaliah_20240514_054444.jpg', 'berkas/D6A6ms1mKUQzdwC3A4FLFU9HcOJmnE7t89HRftbH.jpg', 'pas_foto_Lia Kamaliah_20240514_054443.jpg', 'berkas/PTqrCdx2qJtIlDzw1WPbkdhC7UeKpOFgX6RDyo0d.jpg', 'doc_pend_jalur_masuk_Lia Kamaliah_20240514_054444.jpg', 'berkas/Sxbp5qYfkwGRtD4Oz1jRZy25kznCQqavzRXz594r.jpg', '2024-05-13 22:44:43', '2024-05-13 22:44:44'),
(43, 49, 'ijazah_skl_AIDHATUL LAILA SULFITRIAH_20240514_092923.jpg', 'berkas/O3VcMqfeOJEJpAZo3J5srXeAAwE06wjV6LayRZDI.jpg', NULL, NULL, 'kk_AIDHATUL LAILA SULFITRIAH_20240514_092923.jpg', 'berkas/6wQDMe9XfskJmQozgBHbUj7IRQZML7LAlDND41gN.jpg', 'ktp_AIDHATUL LAILA SULFITRIAH_20240514_092924.jpg', 'berkas/B1M7Q09jY7yioATczZidQ0x7eLtzxmKoiOfDeNwv.jpg', 'akta_AIDHATUL LAILA SULFITRIAH_20240514_092924.jpg', 'berkas/LZr3zPXg9oeUGOyz6Wat1obfJIVTwIRbTA67dkSY.jpg', 'pas_foto_AIDHATUL LAILA SULFITRIAH_20240514_092923.jpg', 'berkas/R9vb2LMaNqrpIxqJfhDbCub180a1Z09SsjgNjeT6.jpg', NULL, NULL, '2024-05-14 02:29:23', '2024-05-14 02:29:24'),
(44, 50, 'ijazah_skl_SALDY HIDAYAT_20240514_093845.jpg', 'berkas/H8I579APF1TO135Af3f3MMp4aiiRs7FUJGvDjN9M.jpg', NULL, NULL, 'kk_SALDY HIDAYAT_20240514_093845.jpg', 'berkas/CgOhFNIiRmIj2klTclj5HigHfjlJ3FnJghUa1Gix.jpg', 'ktp_SALDY HIDAYAT_20240514_093845.jpg', 'berkas/e4ZCakUyPtCizsda2vwZjumyFsPEl1t1W426MIt4.jpg', 'akta_SALDY HIDAYAT_20240514_093845.jpg', 'berkas/p4LD9cs2rK4zxnyDdSvUvoU1qTrhVNNC9TDUVDcS.jpg', 'pas_foto_SALDY HIDAYAT_20240514_093845.png', 'berkas/KFu3Du6XuwqWm5Xf04ao8Zru5dZag8VxdWyk5Tvv.png', NULL, NULL, '2024-05-14 02:38:45', '2024-05-14 02:38:45'),
(45, 51, 'ijazah_skl_AHMAD NAHRU ZAMZAMY_20240514_164312.jpeg', 'berkas/NDJIBYmkPlPmLlwh63iDx6dlW5nsYT36jT6c2HgT.jpg', NULL, NULL, 'kk_AHMAD NAHRU ZAMZAMY_20240514_164312.jpeg', 'berkas/oRcTszVR0tCh1QJwH2AeZAtaT2yR7QDyGRKRcYpn.jpg', 'ktp_AHMAD NAHRU ZAMZAMY_20240514_164312.jpeg', 'berkas/jP1VDIKjlTsC79wOCf3uzYllluw14L4GIGdctAdQ.jpg', 'akta_AHMAD NAHRU ZAMZAMY_20240514_164312.jpeg', 'berkas/tj2wt8c1q47U7qVOFxuaVONNIy71nHJSPq0cnjDR.jpg', 'pas_foto_AHMAD NAHRU ZAMZAMY_20240514_164312.jpeg', 'berkas/pyzZwbSzlFK4Nlrh2CSFXuw6wQoYJc3qhxF9Z3dO.jpg', 'doc_pend_jalur_masuk_AHMAD NAHRU ZAMZAMY_20240514_164312.jpeg', 'berkas/BRU5nulAD0OKPvuuPbqLnDmjIwsEnEw1vyHqS4LY.jpg', '2024-05-14 09:43:12', '2024-05-14 09:43:12'),
(46, 52, 'ijazah_skl_AHMAD NAHRU ZAMZAMY_20240514_171739.jpeg', 'berkas/pQqrTw6MdBHN3umduNdWDHLlP88Vf46wiBivjHKj.jpg', NULL, NULL, 'kk_AHMAD NAHRU ZAMZAMY_20240514_171739.jpeg', 'berkas/1RUWxS5XS9txTMHhOIKBFgm1sb25Q6Ab18taktUf.jpg', 'ktp_AHMAD NAHRU ZAMZAMY_20240514_171739.jpeg', 'berkas/J1GRkysPoBoPO5lC4rEy2gZYhPz7LhBq6VM5YCxp.jpg', 'akta_AHMAD NAHRU ZAMZAMY_20240514_171739.jpeg', 'berkas/Wzkq3FQiXFJgSrb7mD4QCqUSl5o6EgzvQ4HuqXDM.jpg', 'pas_foto_AHMAD NAHRU ZAMZAMY_20240514_171739.jpeg', 'berkas/NB5zn77u8ZQRj8r9TWI7bJduJMyneIprUuO4jwvP.jpg', 'doc_pend_jalur_masuk_AHMAD NAHRU ZAMZAMY_20240514_171739.jpeg', 'berkas/YkR1Qx2uytt3jqjRGCzL46xOQgDprVCrTyy97EHi.jpg', '2024-05-14 10:17:39', '2024-05-14 10:17:39'),
(47, 53, 'ijazah_skl_ARINDA CITRA ARYANI_20240514_213205.jpg', 'berkas/A2sfxz0GbrjSyGFqDhMdspkfFInr3aoAeJIdcTGs.jpg', NULL, NULL, 'kk_ARINDA CITRA ARYANI_20240514_213205.pdf', 'berkas/tB9GVqnshjZR2xFuRVx0w0ZiGdQ8KwayKnFRecxB.pdf', 'ktp_ARINDA CITRA ARYANI_20240514_213206.jpg', 'berkas/CIVuuld8P01Kqy91VNDhsQIA6dUieueC8EeF1Xmz.jpg', 'akta_ARINDA CITRA ARYANI_20240514_213206.jpg', 'berkas/V8licF1Yy5Xx4LdTDvkzQSOnyfRs0979SLgS7b6V.jpg', 'pas_foto_ARINDA CITRA ARYANI_20240514_213205.png', 'berkas/NXLJg03Nx3yXuhsBaBvaUJsvK1ENGQodyOVSftrI.png', NULL, NULL, '2024-05-14 14:32:05', '2024-05-14 14:32:06'),
(48, 54, 'ijazah_skl_HABIB RIZQI JAMAL_20240515_131353.pdf', 'berkas/J5BCz8LxlAsNQeH8XaaQ8Z0EZFCr7lWZjZ6IdA5C.pdf', NULL, NULL, 'kk_HABIB RIZQI JAMAL_20240515_131353.pdf', 'berkas/LJd0bNHudTL2KGQ93zZfoPmvHpXrPupZRw1csihO.pdf', 'ktp_HABIB RIZQI JAMAL_20240515_131353.pdf', 'berkas/qOCFNuwUAgYlFFCHjugsxGOlTS42fZ3vdOjpy7sE.pdf', 'akta_HABIB RIZQI JAMAL_20240515_131353.pdf', 'berkas/itCKdNRtYfwFC8YkgwRAvfZ84FIoRschpkHToHxP.pdf', 'pas_foto_HABIB RIZQI JAMAL_20240515_131353.pdf', 'berkas/N6AY2eJozWECH0xe4QaW6XyaYlzYzhwZNZAJe1W0.pdf', 'doc_pend_jalur_masuk_HABIB RIZQI JAMAL_20240515_131353.pdf', 'berkas/JsIf4v2RtivBOuDzv95dvWdaT9TnVqBv3wVcifS2.pdf', '2024-05-15 06:13:53', '2024-05-15 06:13:53'),
(49, 55, 'ijazah_skl_Mahendra aditya abil_20240516_092048.jpg', 'berkas/bYj4IRNOU1ZeJopgtyuwmAjd3UrR5L6fz796as4C.jpg', NULL, NULL, 'kk_Mahendra aditya abil_20240516_092048.jpg', 'berkas/PIpjOoBqDc7UIRlEjW6kM6sYmi14QZo7Yqz4JFod.jpg', 'ktp_Mahendra aditya abil_20240516_092048.jpg', 'berkas/PMBvKO9JmOEiTShAHLboxt0nePrmw6pzMVb0HX1G.jpg', 'akta_Mahendra aditya abil_20240516_092049.jpg', 'berkas/u7h2FSR2Oz9yFkeFbtjw0S0tAibE0o3V4NAQPYEm.jpg', 'pas_foto_Mahendra aditya abil_20240516_092048.JPG', 'berkas/H7GMUrfhALLnmiEYvuQjvHFyGX6QtvByxZvaxeeJ.jpg', 'doc_pend_jalur_masuk_Mahendra aditya abil_20240516_092049.pdf', 'berkas/Cq3ERSaDJhP8Hhkv7lQsdbCYI1nC2aPSdGUACKlv.pdf', '2024-05-16 02:20:48', '2024-05-16 02:20:50'),
(50, 56, 'ijazah_skl_ISSETUL MUNAWWARAH_20240516_093432.jpeg', 'berkas/ldlADT5CfnXcrXO8ktvXxQGTdcTztUDj0UCuDvIA.jpg', NULL, NULL, 'kk_ISSETUL MUNAWWARAH_20240516_093432.jpeg', 'berkas/VUCFnhRC8ao7oR2arDzaHkil64WOXM5NZpHDNEHX.jpg', 'ktp_ISSETUL MUNAWWARAH_20240516_093432.jpeg', 'berkas/vwIVSSBnmrC9wTTPOfVvzDRTZtE6wlEQXumeY1B9.jpg', 'akta_ISSETUL MUNAWWARAH_20240516_093432.jpeg', 'berkas/6f7XOQT71T9Cq64dK443wmF9wb6Y2GYEGYUPPvcj.jpg', 'pas_foto_ISSETUL MUNAWWARAH_20240516_093432.jpeg', 'berkas/ugXaIyWJk9Sw7MuXqzzDXIPyKn0LVFGVinFJLGHw.jpg', 'doc_pend_jalur_masuk_ISSETUL MUNAWWARAH_20240516_093432.jpeg', 'berkas/EaUp3L7DrrWaEa1R9wxi67tco3xiKfd2ZCdu6v7P.jpg', '2024-05-16 02:34:32', '2024-05-16 02:34:32'),
(51, 57, 'ijazah_skl_GAFID ROHMAN_20240516_110247.pdf', 'berkas/sYeui1WdCBQBLHRBCinCwCjv9xOPVlbMiFoEbFmm.pdf', NULL, NULL, 'kk_GAFID ROHMAN_20240516_110247.pdf', 'berkas/sxzacOOLwhwKBuObhcoLt0hcsO0V0idKVG7EYfWW.pdf', 'ktp_GAFID ROHMAN_20240516_110247.pdf', 'berkas/1yBntmdJ7TiBwhG0T3dJ4cSGjxXOgio85LWwQM9H.pdf', 'akta_GAFID ROHMAN_20240516_110247.pdf', 'berkas/sxNsbLgqaWjWmmVZWhkveIPW3PWz5tydjoGBtxi9.pdf', 'pas_foto_GAFID ROHMAN_20240516_110247.pdf', 'berkas/0vksG7Je96XfqHuomhAdaXXcoIiW4qgnL9XXJAki.pdf', 'doc_pend_jalur_masuk_GAFID ROHMAN_20240516_110247.pdf', 'berkas/4epXATPbLrlw8tse33U3S1rTxVqBqOrwl4tuOpr3.pdf', '2024-05-16 04:02:47', '2024-05-16 04:02:47'),
(52, 58, 'ijazah_skl_Ayu Nindyawati_20240517_185437.pdf', 'berkas/comTXRLMlrF5H2FAvPcIk8I1l1gomW39R3mGI8Eq.pdf', NULL, NULL, 'kk_Ayu Nindyawati_20240517_185437.pdf', 'berkas/a9aUt86l2R7Wj1NYkzZkluDNHUba0KdqVnxSLKnA.pdf', 'ktp_Ayu Nindyawati_20240517_185438.pdf', 'berkas/C8pVi0lg22HzOd10FEQiJfyCkMLFuDmNVmRS95tV.pdf', 'akta_Ayu Nindyawati_20240517_185438.pdf', 'berkas/TJrzoyG23R4djfqLse2WlLEcTFU2eKSlpj5Cz8dD.pdf', 'pas_foto_Ayu Nindyawati_20240517_185437.JPG', 'berkas/vFspdzH5yoNlz8ni9O38auwbynEpLsuUK1J8bFeX.jpg', 'doc_pend_jalur_masuk_Ayu Nindyawati_20240517_185438.pdf', 'berkas/x54vWPPircKjl4cYJcm43ibWUR2BA5lhRpkDfWho.pdf', '2024-05-17 11:54:37', '2024-05-17 11:54:38'),
(53, 59, 'ijazah_skl_Saiful_20240518_105304.pdf', 'berkas/F84zmtvRiY4E2OHxrgOFiQKIcRmLRT9rG25xzb3z.pdf', NULL, NULL, 'kk_Saiful_20240518_105304.jpeg', 'berkas/2QY58X9BnUlkMLhpqrr1r422bAYbvOZ20Bpn9brk.jpg', 'ktp_Saiful_20240518_105304.jpeg', 'berkas/e0j2PkMKBUS7AIbqthmwFkmajn17L4HiI5Xevy6L.jpg', 'akta_Saiful_20240518_105304.jpeg', 'berkas/uwMJO4tW8z1OCrG0NsPIiCFXSUbjzWaFLf7aGjFD.jpg', 'pas_foto_Saiful_20240518_105304.jpeg', 'berkas/11JU4sGwBDkZ8DDlkxzHgS71euDAYRQo8onIsfII.jpg', 'doc_pend_jalur_masuk_Saiful_20240518_105304.png', 'berkas/XFZzllJKByqwZ59whFqBsHCzpLE7h5srMNvoBeVf.png', '2024-05-18 03:53:04', '2024-05-18 03:53:05'),
(54, 60, 'ijazah_skl_Sugianto Purnomo Mainaki_20240518_193509.jpg', 'berkas/H39LtHhWHZfItFbmlzO7PHaYM2pfulLbD92Nxptr.jpg', NULL, NULL, 'kk_Sugianto Purnomo Mainaki_20240518_193509.jpg', 'berkas/A8k03VfYp3hCaiupJK15g81OGw17ATLRD4tUndfD.jpg', 'ktp_Sugianto Purnomo Mainaki_20240518_193509.jpg', 'berkas/MdTNHT6fEQbrplew6JREXh7J4vX9FTmelcg6c16U.jpg', 'akta_Sugianto Purnomo Mainaki_20240518_193509.jpg', 'berkas/EAUEq9cMikT3SHiqNw4aob88RcNRuMeWJHEv1obo.jpg', 'pas_foto_Sugianto Purnomo Mainaki_20240518_193509.jpg', 'berkas/dyBFvxuRZIUHJR6JyPpcBYL1T1zgfVRqVmmKi6qd.jpg', 'doc_pend_jalur_masuk_Sugianto Purnomo Mainaki_20240518_193509.jpg', 'berkas/pUBLoYNMXzBEM9xtDIbibAkkTDHeinaF9hfqxLMt.jpg', '2024-05-18 12:35:09', '2024-05-18 12:35:09'),
(55, 61, 'ijazah_skl_RIZAL ARISANDI_20240519_171326.pdf', 'berkas/Qrx5pAYxQptJ23sn0KNfpdB2lmHl60D3wQATlm8e.pdf', NULL, NULL, 'kk_RIZAL ARISANDI_20240519_171326.pdf', 'berkas/iXtSxTDszehUikQP5BRJLaDDnzdIJWEyvLhwxiuB.pdf', 'ktp_RIZAL ARISANDI_20240519_171326.jpg', 'berkas/Z6weTc3IzTAglaNb6xaeJ6czYqK41DpoHGhjysaM.jpg', 'akta_RIZAL ARISANDI_20240519_171326.pdf', 'berkas/TXeGfXo62UHDUwXALz1Jb2rEAqqk1T99ao5IyVbU.pdf', 'pas_foto_RIZAL ARISANDI_20240519_171326.jpg', 'berkas/Id5QFsI6F1pLbbVqCcPMQABK8C9PmHcjHrulsiKy.jpg', 'doc_pend_jalur_masuk_RIZAL ARISANDI_20240519_171326.pdf', 'berkas/zzzq9o6Zy7GfNWewrQUmgUka5PoXSosNODXGWhCL.pdf', '2024-05-19 10:13:26', '2024-05-19 10:13:27'),
(56, 62, 'ijazah_skl_DHURRIYATUS SHOLIHAH_20240521_083041.jpg', 'berkas/evqS56C0KgV38vddfA8CeClDpj2cRGPpelXoqwnv.jpg', NULL, NULL, 'kk_DHURRIYATUS SHOLIHAH_20240521_083041.jpg', 'berkas/n74ttggwYfY3wSJvEXv0L0lhkBefCIcnHeUMH93u.jpg', 'ktp_DHURRIYATUS SHOLIHAH_20240521_083041.jpg', 'berkas/2JnjFUp0clz23LMj18tpjUvu1v3izkTpB4LKFYyb.jpg', 'akta_DHURRIYATUS SHOLIHAH_20240521_083041.jpg', 'berkas/NgAkYG5UNRXyrE0cQzp7NPGpxm4f7Uvq6L0F2TOi.jpg', 'pas_foto_DHURRIYATUS SHOLIHAH_20240521_083041.jpg', 'berkas/xGp92AoplqUVK7bq3T0BaJQRUSb4dOHKTKqsShdS.jpg', 'doc_pend_jalur_masuk_DHURRIYATUS SHOLIHAH_20240521_083041.jpg', 'berkas/kvQaWxcw4IS2aJxd2zhFDC2CqIMvdIljm6XUpWrM.jpg', '2024-05-21 01:30:41', '2024-05-21 01:30:41'),
(57, 63, 'ijazah_skl_Rosik_20240521_105020.jpg', 'berkas/JGrrbLxGpWolS2b9iSitXExHdDTHbDAafle3BlT7.jpg', NULL, NULL, 'kk_Rosik_20240521_105020.jpg', 'berkas/K4YvROZbEdDwSg19ejh4Si1BsTrdaNpYFEsqvabc.jpg', 'ktp_Rosik_20240521_105020.jpg', 'berkas/X99Hag4MhGhREsNIqlvdHu3fMbx1UTRiWh9LwNwI.jpg', 'akta_Rosik_20240521_105021.jpg', 'berkas/JNGizgb7XxIsYDzvJl9NAwmkSyLzraooCXSpf8nO.jpg', 'pas_foto_Rosik_20240521_105020.jpg', 'berkas/eVl3fvocLAukXpUx07MT3ibqB2iZzTfUNGNyUy9r.jpg', 'doc_pend_jalur_masuk_Rosik_20240521_105021.jpg', 'berkas/0FUJeyokjAwHuqaUtaCGtPAmPEroAIVymSdQkNZI.jpg', '2024-05-21 03:50:20', '2024-05-21 03:50:21'),
(58, 64, 'ijazah_skl_MOH. FATHOR ROHMAN_20240522_052238.pdf', 'berkas/54bdkywOxfe51eDKsMQ4hfgHfApqSjxbQjNIemjc.pdf', NULL, NULL, 'kk_MOH. FATHOR ROHMAN_20240522_052238.jpeg', 'berkas/XPCeIvnUzSek5pBOqtjUuZBH5CxCY4qE2XA8p43A.jpg', 'ktp_MOH. FATHOR ROHMAN_20240522_052238.jpeg', 'berkas/9INF6M1j2WEPmjYuY8fiuVOj3JBiKGAYKu2wP4Nh.jpg', 'akta_MOH. FATHOR ROHMAN_20240522_052238.jpeg', 'berkas/ajrRUdwUDyY33HDh5kLoPzGEeWYVbhByrltmffa8.jpg', 'pas_foto_MOH. FATHOR ROHMAN_20240522_052238.jpeg', 'berkas/71xh8JDOy5qiezjsGsvL2A19XduquNGjksMa8wyW.jpg', 'doc_pend_jalur_masuk_MOH. FATHOR ROHMAN_20240522_052238.pdf', 'berkas/ambOncY0EcZjdv4TNaR8ts1oF5MnzN1pmymzhZ1d.pdf', '2024-05-21 22:22:38', '2024-05-21 22:22:38'),
(59, 65, 'ijazah_skl_Nova Yasmin Putri_20240522_103301.jpg', 'berkas/A3ub8o7MEmNvh4TQdQeVSmeBjL5jnuNJ3btnPV7d.jpg', NULL, NULL, 'kk_Nova Yasmin Putri_20240522_103301.jpg', 'berkas/qLgk0nHFUWg32QA8hfJY0nxVydzQV1tvY0zIBo37.jpg', 'ktp_Nova Yasmin Putri_20240522_103302.jpg', 'berkas/qrB40L9ydtgIzzVOtsslTm9NSXJcP2ZOulQ3AtrB.jpg', 'akta_Nova Yasmin Putri_20240522_103302.jpg', 'berkas/bkoxfEMMzubg0MDsCd9AL6i7d2RfSg5fLC0kgA6P.jpg', 'pas_foto_Nova Yasmin Putri_20240522_103301.jpg', 'berkas/452xGXCopnLQ150O26UPxdEUGy0DCf61IC3vH8w9.jpg', 'doc_pend_jalur_masuk_Nova Yasmin Putri_20240522_103302.jpg', 'berkas/RQNIAIWtyju7FQgNEWdpHojCFtdxVgB87BDS2NC4.jpg', '2024-05-22 03:33:01', '2024-05-22 03:33:02'),
(60, 66, 'ijazah_skl_MOCH FAISAL_20240522_142601.jpg', 'berkas/YSSHyzLWL4MHUNOLB3lzXbtFakmekZQxN7Xnj6Ti.jpg', NULL, NULL, 'kk_MOCH FAISAL_20240522_142601.jpg', 'berkas/qpTKHsrLgkvlfZHcuidJu9cR6Fptu7kxs3y4XXQa.jpg', 'ktp_MOCH FAISAL_20240522_142601.jpg', 'berkas/hVRUVat4Rza8ryzuRpXbWwQRBUr97E4KBHFE51EY.jpg', 'akta_MOCH FAISAL_20240522_142601.jpg', 'berkas/uu6asROKTZM9Wpy1eAgDAFMZEor8cpthtJUEIuNg.jpg', 'pas_foto_MOCH FAISAL_20240522_142601.jpeg', 'berkas/SDitiw93euN608RzDkpMDoGB53p3Dck6M2VGIw8g.jpg', 'doc_pend_jalur_masuk_MOCH FAISAL_20240522_142601.jpg', 'berkas/biRS5vshxcokHrzfZAZCjUkV4qtxqPqXHphjSDHI.jpg', '2024-05-22 07:26:01', '2024-05-22 07:26:02'),
(61, 67, 'ijazah_skl_MOCH FAISAL_20240522_144153.jpg', 'berkas/fPluMSXdlxnEJlnUqSZa3yMIBstcI4pmiRFwUVj7.jpg', NULL, NULL, 'kk_MOCH FAISAL_20240522_144153.jpg', 'berkas/F6fW42AKHOyTDOOuID6iVKDs4KbfegOUJOcrBws5.jpg', 'ktp_MOCH FAISAL_20240522_144153.jpg', 'berkas/jMZ5y9vgCI2Ls7hoTNJWfQJD1J3gi0ZLe5EcIoFz.jpg', 'akta_MOCH FAISAL_20240522_144154.jpg', 'berkas/2q7IcnJD900NC54dUiTZlT5P2jl7bTGA8PmdheJK.jpg', 'pas_foto_MOCH FAISAL_20240522_144153.jpeg', 'berkas/Y7OiFnY9TsaKfT47Uzy8IFDXyY8i7BRBiFBcSr6K.jpg', 'doc_pend_jalur_masuk_MOCH FAISAL_20240522_144154.jpg', 'berkas/kpQoCSR5B92jT9OIjlNxIVzAXFh5GBRSFD6Jd7Uf.jpg', '2024-05-22 07:41:53', '2024-05-22 07:41:54'),
(62, 68, 'ijazah_skl_KAYLA ANDINI ANSORI_20240523_182145.pdf', 'berkas/i3jpQdj8RXtnx8YTdGzX36P0fVfrfJnkvohtm1yr.pdf', NULL, NULL, 'kk_KAYLA ANDINI ANSORI_20240523_182146.pdf', 'berkas/1xObSteLyYJp5mKTlqtj5EI3Al6kB5HDEPChdYMn.pdf', 'ktp_KAYLA ANDINI ANSORI_20240523_182146.jpeg', 'berkas/jhtWq6ov7mGn1AmPcl3MwfpEcJbAkRIanRtl0Xxa.jpg', 'akta_KAYLA ANDINI ANSORI_20240523_182146.pdf', 'berkas/lAuPPgftj6uDx4QmKV8x4tCP92ttlvCB4uKgaEzC.pdf', 'pas_foto_KAYLA ANDINI ANSORI_20240523_182145.jpg', 'berkas/QkPFCT9qmHPaz8aPgJNGYuyu3XYSixZYKvcFUO52.jpg', NULL, NULL, '2024-05-23 11:21:45', '2024-05-23 11:21:46'),
(63, 69, 'ijazah_skl_THEO SYAPUTRA_20240524_090212.pdf', 'berkas/Hislou6Uv1Y8qei7awXuItk8VPcrWKarsD1520KO.pdf', NULL, NULL, 'kk_THEO SYAPUTRA_20240524_090212.pdf', 'berkas/BsLGgFXP6HzzJa6TROimU5SUNZoakNyqud1cis6N.pdf', 'ktp_THEO SYAPUTRA_20240524_090212.jpeg', 'berkas/70zUoxcCbceSt1e2vAYDrxlMFFMgDXsEAbeBYCcI.jpg', 'akta_THEO SYAPUTRA_20240524_090212.pdf', 'berkas/RDXTo8fixC6ETguK94PUncjDiBdopOIECl08HeN9.pdf', 'pas_foto_THEO SYAPUTRA_20240524_090212.jpeg', 'berkas/f96Iprp9en3cJpVcdoubsusFigrRHN2bz5c9Adwt.jpg', NULL, NULL, '2024-05-24 02:02:12', '2024-05-24 02:02:12'),
(64, 70, 'ijazah_skl_IKHTIATUS SHOLIHAH_20240524_201414.pdf', 'berkas/2ySVA64JdN6qthaZuQUOgCEUj2A8uNkhoK5wD8Eb.pdf', NULL, NULL, 'kk_IKHTIATUS SHOLIHAH_20240524_201414.pdf', 'berkas/uMAt645nBf6b9xK9AcjGH0lQOvSl6SzmUUrn6C6u.pdf', 'ktp_IKHTIATUS SHOLIHAH_20240524_201414.jpg', 'berkas/dmyQPMrNyBaObEjYbBCD1CaaQt8Gm1eXXPPOpmqO.jpg', 'akta_IKHTIATUS SHOLIHAH_20240524_201414.pdf', 'berkas/9Fpq8LPuuodUirMSOLEzH85bFYnkgfTfJdoGkzBs.pdf', 'pas_foto_IKHTIATUS SHOLIHAH_20240524_201414.png', 'berkas/jqOWJsd6WxGqtrc23DuqTh6ZKM2IFi8IxuSQ0ktJ.png', 'doc_pend_jalur_masuk_IKHTIATUS SHOLIHAH_20240524_201415.jpg', 'berkas/zkv1ESuDedlMgVpAnAaOfy7BJG7F6vADaWIiSaPk.jpg', '2024-05-24 13:14:14', '2024-05-24 13:14:15'),
(65, 71, 'ijazah_skl_SARAFAH ABADIYAH_20240525_151312.jpg', 'berkas/WGXbQU61MVfPeTM79FMjfPXnXghYMYqBrhP9JNL8.jpg', NULL, NULL, 'kk_SARAFAH ABADIYAH_20240525_151312.jpg', 'berkas/XnDER9GfKTOq4lDP0sessIqMyKgtBDWaYL2h3aIC.jpg', 'ktp_SARAFAH ABADIYAH_20240525_151312.jpg', 'berkas/inz9QchNAL7Imsuxtrecc6aIfL7cD5LoCAWJ8PYj.jpg', 'akta_SARAFAH ABADIYAH_20240525_151312.jpg', 'berkas/qeb9cxfkN7Vho56CMUhXX74JpUytqsXlAmH6QC8F.jpg', 'pas_foto_SARAFAH ABADIYAH_20240525_151312.jpg', 'berkas/HDnuZwdQDKL7Il70Fl8h7FJBGhHpy6zcJSpuQlPQ.jpg', 'doc_pend_jalur_masuk_SARAFAH ABADIYAH_20240525_151312.pdf', 'berkas/gmQy8kUUm4EZ1LsIHvSuUyp2sDEpnA7rT9pYtTW0.pdf', '2024-05-25 08:13:12', '2024-05-25 08:13:12'),
(66, 72, 'ijazah_skl_SARAFAH ABADIYAH_20240525_171959.jpg', 'berkas/3TiovSNTZdfdgSErHbceIAaY7hTf4ifT0eKkn3gu.jpg', NULL, NULL, 'kk_SARAFAH ABADIYAH_20240525_171959.jpg', 'berkas/PAFuj9dXH2NMhpArFwzeyW8nsTTG2lB1Y4zUUekT.jpg', 'ktp_SARAFAH ABADIYAH_20240525_171959.jpg', 'berkas/rrLdkmTEgr3WCldiOUEvcHLHiH9ccAX1RhGp0BFM.jpg', 'akta_SARAFAH ABADIYAH_20240525_171959.jpg', 'berkas/VdKFv5XGluZJA5nCXMr6koiy7cTX5oymF3eyskSR.jpg', 'pas_foto_SARAFAH ABADIYAH_20240525_171959.jpg', 'berkas/pcHnLmwSj89SaTmScrc9lXp2qNQSV5TRbpAImc9y.jpg', 'doc_pend_jalur_masuk_SARAFAH ABADIYAH_20240525_171959.pdf', 'berkas/RuXkrkNedpivOgNtZR007TiVLDnxA4BTpUFhXa4Y.pdf', '2024-05-25 10:19:59', '2024-05-25 10:19:59'),
(67, 73, 'ijazah_skl_MAS\'UDI_20240527_160552.pdf', 'berkas/xpfebCDzRNhKcBegcMPzWgLto3xQPVxkY4mMspfg.pdf', NULL, NULL, 'kk_MAS\'UDI_20240527_160552.pdf', 'berkas/PhGte4CVI3BNkupAY0Ox7I5bbesZ7jVdq7oNT8ea.pdf', 'ktp_MAS\'UDI_20240527_160552.pdf', 'berkas/s6BT4wdfHyWMSh0ZftGjSV1nBBNSV1YZuaLJXcmd.pdf', 'akta_MAS\'UDI_20240527_160552.pdf', 'berkas/OB32RnpAXkN3N5BS4k4zx0LoS3HocIXWsCgY6eQ8.pdf', 'pas_foto_MAS\'UDI_20240527_160552.jpeg', 'berkas/QUnhO8C4iYh6TFSFAbJo7427ZgQ6wSqm2AgkCapw.jpg', 'doc_pend_jalur_masuk_MAS\'UDI_20240527_160552.pdf', 'berkas/8kKROw2xbEOkHENiMUGju0gFMcGRqqEajKBUMy80.pdf', '2024-05-27 09:05:52', '2024-05-27 09:05:53'),
(68, 74, 'ijazah_skl_AHMAD MUSLEH_20240528_110207.jpeg', 'berkas/DS2I7TDMNejyEgLzz8WjpyZTE4iHujfZcYq9VMgF.jpg', NULL, NULL, 'kk_AHMAD MUSLEH_20240528_110207.jpeg', 'berkas/qtvcUgDcEMvQwmLpOnnJQQ6gRgp7COr3CIAwZJQP.jpg', 'ktp_AHMAD MUSLEH_20240528_110207.jpeg', 'berkas/idgqDF6P5JLiyBYAu9teJ5By6BNSM7ENhepuUgYu.jpg', 'akta_AHMAD MUSLEH_20240528_110207.jpeg', 'berkas/N2GTHQ4VuxnPtws1tWB4eYYg7Cg68jKRpq9fFF8T.jpg', 'pas_foto_AHMAD MUSLEH_20240528_110207.jpeg', 'berkas/KC7VNfeZndoDkvpj9e0DbpZA4c1PZaHezH3men1H.jpg', 'doc_pend_jalur_masuk_AHMAD MUSLEH_20240528_110207.pdf', 'berkas/KKntLemKKOewD2KX3HlOFBY63XmWrAau5nVh57Xj.pdf', '2024-05-28 04:02:07', '2024-05-28 04:02:07'),
(69, 75, 'ijazah_skl_ISTI QOMARIAH_20240529_092431.jpg', 'berkas/paLrWSj5TiCsZTrcVx2fAWHcG53k483LcijMm780.jpg', NULL, NULL, 'kk_ISTI QOMARIAH_20240529_092431.jpg', 'berkas/42uBYGLluSuOypmRpeosgkyqeLMYq550GXoo7qWp.jpg', 'ktp_ISTI QOMARIAH_20240529_092431.pdf', 'berkas/z1I3EUKKCph16LJ9ZaBRU2hzMrL13zOeQBU2Dt2L.pdf', 'akta_ISTI QOMARIAH_20240529_092431.jpg', 'berkas/pqQVUCvcKx9Efpoa8Na6pMr6jXDG7C59XfJytC5y.jpg', 'pas_foto_ISTI QOMARIAH_20240529_092431.jpg', 'berkas/JmNR3YPwtbqsrWMt2hzpV6Y9md3tqJ2RQ1YOgMn0.jpg', 'doc_pend_jalur_masuk_ISTI QOMARIAH_20240529_092431.jpg', 'berkas/21ySkL7N9jLaXSRknKwwoOpVpjodbY9ronE8hqhM.jpg', '2024-05-29 02:24:31', '2024-05-29 02:24:31'),
(70, 76, 'ijazah_skl_ABDEL HAQQ PAHLEVY_20240529_114052.pdf', 'berkas/hGrVINT3vrrucaaOj7ZXYPSsnH4BqaSq0iblZZIu.pdf', NULL, NULL, 'kk_ABDEL HAQQ PAHLEVY_20240529_114052.pdf', 'berkas/nhalAz77mdJ1VYJjvbtOpUweRbaYqqeYzmxdNr8v.pdf', 'ktp_ABDEL HAQQ PAHLEVY_20240529_114052.pdf', 'berkas/r4sQQqFMpPThZROa3mNDCj0oLkpU7qQJye6YGIXk.pdf', 'akta_ABDEL HAQQ PAHLEVY_20240529_114052.pdf', 'berkas/5gUoOJvxGLoVR4s24kZMl0CDo14lafkogVvJ8mAO.pdf', 'pas_foto_ABDEL HAQQ PAHLEVY_20240529_114052.jpg', 'berkas/K3Ta33Xab4GKHsvC8qXWouCJSys7BNSK7DzIzDUW.jpg', 'doc_pend_jalur_masuk_ABDEL HAQQ PAHLEVY_20240529_114052.pdf', 'berkas/vMF7SWLdW6XMgepRUulAyXYnuIlcuUIcukyKElxg.pdf', '2024-05-29 04:40:52', '2024-05-29 04:40:52'),
(71, 77, 'ijazah_skl_SYAIFUL BAHRI_20240529_123701.pdf', 'berkas/h1Zzvm7pr122E7QyTimSt3OmkVXWZNMbYZhBGzBF.pdf', NULL, NULL, 'kk_SYAIFUL BAHRI_20240529_123701.pdf', 'berkas/FdBI3CRGvU1DtEVaTxOr5ZwrVhcbXj0mSjb2MYlW.pdf', 'ktp_SYAIFUL BAHRI_20240529_123701.pdf', 'berkas/0naAKu00OiUCU7IQmGPhoIGCWM6kcFSMnKuDKZgC.pdf', 'akta_SYAIFUL BAHRI_20240529_123701.pdf', 'berkas/zFmCiIu4itZTmqL3tYawNTcMQoStxgBsaLs75yej.pdf', 'pas_foto_SYAIFUL BAHRI_20240529_123701.pdf', 'berkas/8Kd1GaMYITvO73yuVfdbLoBy4UM21wNp2tsPtGmB.pdf', 'doc_pend_jalur_masuk_SYAIFUL BAHRI_20240529_123701.pdf', 'berkas/izVgfUB19tLIFKxGZ4TcsxhGXWgRgBXFHCTKtmpt.pdf', '2024-05-29 05:37:01', '2024-05-29 05:37:02'),
(72, 78, 'ijazah_skl_HAIRUL_20240529_132234.jpg', 'berkas/jEUDBp1tiAXevzD4XBZoYmYIj8dLGDodeyssDl49.jpg', NULL, NULL, 'kk_HAIRUL_20240529_132234.jpg', 'berkas/gApV5h1u8T1RDHfmnZeAq57z65ZWwVh8aCZqXTzU.jpg', 'ktp_HAIRUL_20240529_132234.jpg', 'berkas/kW23z4SegeMCIyxST6wwGcEtE05OZTfymROu81Dz.jpg', 'akta_HAIRUL_20240529_132234.jpg', 'berkas/iJbOe6I0GciPHgIRoDqTboyMG8nknPvwJLbau3nv.jpg', 'pas_foto_HAIRUL_20240529_132234.jpg', 'berkas/8jSLJ6thqPt7a0w4uz8e6ot4TLLx0GMR4G7NsUTz.jpg', NULL, NULL, '2024-05-29 06:22:34', '2024-05-29 06:22:34'),
(73, 79, 'ijazah_skl_AHMAD MUSLEH_20240529_163725.jpeg', 'berkas/WO3DmEzGVhp8OCwGCxo6dXDysVSOs17mdjr05dYc.jpg', NULL, NULL, 'kk_AHMAD MUSLEH_20240529_163725.jpeg', 'berkas/tWiD7Fy4D5g4VPj23WLtH7DWpqLwamiKY9OSYTrs.jpg', 'ktp_AHMAD MUSLEH_20240529_163725.jpeg', 'berkas/3txolOPOYXKfwdIvaZ5KANMKmIuQvz6MyBUlMbds.jpg', 'akta_AHMAD MUSLEH_20240529_163725.jpeg', 'berkas/tuLEzr0gohd2MWMMsTTeGVjvu1PktiX2aDWSoGsU.jpg', 'pas_foto_AHMAD MUSLEH_20240529_163725.jpeg', 'berkas/f9MQ3zVcLwq3K0yliP1L98VkDYURiGOHPiTadwJG.jpg', 'doc_pend_jalur_masuk_AHMAD MUSLEH_20240529_163725.pdf', 'berkas/eeR4quJPhpXzQpRQ9AYtjwD3rZQqCU3Mp7UMQBb0.pdf', '2024-05-29 09:37:25', '2024-05-29 09:37:25'),
(74, 80, 'ijazah_skl_DANI PRATAMA NUGRAHA_20240531_081856.pdf', 'berkas/IIwhRdmvlnKZUZbjTsidHH4F8530Fk7eESkfeILk.pdf', NULL, NULL, 'kk_DANI PRATAMA NUGRAHA_20240531_081856.pdf', 'berkas/tjWhieoqgDOlsdUXZGLuB2vsOwAUajaLYJCCFqcg.pdf', 'ktp_DANI PRATAMA NUGRAHA_20240531_081856.jpg', 'berkas/vCxS0MFZLX6f8h3az29lUr5kTSlaxvK2CtoROhME.jpg', 'akta_DANI PRATAMA NUGRAHA_20240531_081856.pdf', 'berkas/zaLEgVffYp071tbivoiEPzLz77Wdo52Jr24KU0fY.pdf', 'pas_foto_DANI PRATAMA NUGRAHA_20240531_081856.jpg', 'berkas/FGDQTLrKZyoah8eTGXD4zxL5iEwHwRT0XhnIps1Z.jpg', 'doc_pend_jalur_masuk_DANI PRATAMA NUGRAHA_20240531_081856.pdf', 'berkas/jnkd9KqjktpQZHvJItojz3M2SVAUXyFSdaHdDZZl.pdf', '2024-05-31 01:18:56', '2024-05-31 01:18:56'),
(75, 81, 'ijazah_skl_MOH. FADLAN HUSEIN_20240531_115429.jpeg', 'berkas/YSK7EiI2LO1JXmTyveQK0IgizOrpJWd0QGl6jnFT.jpg', NULL, NULL, 'kk_MOH. FADLAN HUSEIN_20240531_115429.jpeg', 'berkas/APp1MHioHQ87i0MRL7aVV5UqLgdNgivm2CCBnYEw.jpg', 'ktp_MOH. FADLAN HUSEIN_20240531_115429.jpeg', 'berkas/v8u9qWFiSvXbSqExvqxQ6oQYFgE8RZcNuTXE4Lvx.jpg', 'akta_MOH. FADLAN HUSEIN_20240531_115429.jpeg', 'berkas/fG9hQmfsHvxGoWkQRdjUVajUV3PNwgRc0VzEN0Gv.jpg', 'pas_foto_MOH. FADLAN HUSEIN_20240531_115429.jpg', 'berkas/J69t76iok6a81QkXxm573CULxmCNGb3n2YQy8BOK.jpg', 'doc_pend_jalur_masuk_MOH. FADLAN HUSEIN_20240531_115429.jpeg', 'berkas/UYiFRoRGqo8g8ivxpSQv1w7nL3LJyD9JQPDL2Rk9.jpg', '2024-05-31 04:54:29', '2024-05-31 04:54:29'),
(77, 83, 'ijazah_skl_NAILATUL MANNAH, SH_20240531_174828.jpg', 'berkas/hMNQULave2Cx1eRzg9MetI5xQDVuKmZ2gKAd21zr.jpg', NULL, NULL, 'kk_NAILATUL MANNAH, SH_20240531_174828.jpg', 'berkas/mzV8qZjOw7OfHBvzVt8YA50MXb2Ff3Lha09rPWgF.jpg', 'ktp_NAILATUL MANNAH, SH_20240531_174828.jpg', 'berkas/EDPKsB4Kvq2v8AnUV1sHjtDxwpHvhMRicKWnKQuV.jpg', 'akta_NAILATUL MANNAH, SH_20240531_174828.jpg', 'berkas/UHMlUWaGcjkTPIIaj03dgjeMMu6YNZfUmH1zhls5.jpg', 'pas_foto_NAILATUL MANNAH, SH_20240531_174828.jpg', 'berkas/3e3i7frGUNFomRU8QkI596JpjilxMnTqTZ9IZ9Za.jpg', NULL, NULL, '2024-05-31 10:48:28', '2024-05-31 10:48:28'),
(78, 84, 'ijazah_skl_ALIYATUL FIKRIYAH_20240531_190212.pdf', 'berkas/OUQUnQHqCQUCGzRbc0C6ZteUjUJoX3IUg1MDHg3E.pdf', NULL, NULL, 'kk_ALIYATUL FIKRIYAH_20240531_190212.pdf', 'berkas/uSoaXK37vdCBdyTBgW59SUwK88nSUfgQq91B7poK.pdf', 'ktp_ALIYATUL FIKRIYAH_20240531_190213.pdf', 'berkas/8QJQ4Ogz2cdEA1njktYGhvDOHGi2iaeNeVMloPkz.pdf', 'akta_ALIYATUL FIKRIYAH_20240531_190213.pdf', 'berkas/tXXU5xe1TVIB9edN4a3KkGTEGWCp9rEH4A8XoBS7.pdf', 'pas_foto_ALIYATUL FIKRIYAH_20240531_190212.pdf', 'berkas/Db5xDCaDc60BUiBMGWeG3PXldPIO6yIWJAa28EY7.pdf', 'doc_pend_jalur_masuk_ALIYATUL FIKRIYAH_20240531_190213.pdf', 'berkas/PaSMgU8dA99UVHIuxhtjpld1tmjEjGKoKScMFPKM.pdf', '2024-05-31 12:02:12', '2024-05-31 12:02:13'),
(79, 85, 'ijazah_skl_ALYATUL FIKRIYAH_20240603_100112.pdf', 'berkas/BbVj6Zi7DXbXJWciazOVvLbNqHKHTfFkpAqpyTnh.pdf', NULL, NULL, 'kk_ALYATUL FIKRIYAH_20240603_100112.pdf', 'berkas/JAonsF2JIfGG7JhnhMJZ2M7xD10YDe4uk0aljzqI.pdf', 'ktp_ALYATUL FIKRIYAH_20240603_100112.pdf', 'berkas/Pu0AYSMnpbdPeO6xPASlFl1AMgtaZ4tsf93dTFb1.pdf', 'akta_ALYATUL FIKRIYAH_20240603_100112.pdf', 'berkas/5GH2QyDJJLgzglF53MPt6dciaydSf2fcDD66bucE.pdf', 'pas_foto_ALYATUL FIKRIYAH_20240603_100112.pdf', 'berkas/y64nvI2314Sheb18uPtlkntErAjYUbEFQAYHSiU1.pdf', 'doc_pend_jalur_masuk_ALYATUL FIKRIYAH_20240603_100112.pdf', 'berkas/tWhLK5xkrBiZskGk2MGo29grnXpDFJwofgEEihKp.pdf', '2024-06-03 03:01:12', '2024-06-03 03:01:12'),
(80, 86, 'ijazah_skl_cobain123_20240603_110426.jpg', 'berkas/3TRKZl16dZT5YCcodIja7M5st5tlaYo9YNacZiZe.jpg', NULL, NULL, 'kk_cobain123_20240603_110426.jpg', 'berkas/uPcqvOZ707FlMK0NYtzuJZuoxOJpCUMSXVnKxRWE.jpg', 'ktp_cobain123_20240603_110426.jpg', 'berkas/RHTFgzNsSmdok0dQXtOV7dKK8nNybEIy9JCXNo2w.jpg', 'akta_cobain123_20240603_110426.jpg', 'berkas/oZwq79wzUTkyTiPzF311l26sjxqxF6YRsM2wtaeG.jpg', 'pas_foto_cobain123_20240603_110426.jpg', 'berkas/idZZpz0hbQBkblsU5cwes5Kh1xmKnIXOG4XKAOTc.jpg', 'doc_pend_jalur_masuk_cobain123_20240603_110426.jpg', 'berkas/Pj1iug98xyCmrn0qh4kwMLFbxm35l2GQtKW3amTV.jpg', '2024-06-03 04:04:26', '2024-06-03 04:04:26'),
(81, 87, 'ijazah_skl_MOH. RONAL DONI_20240603_111603.jpeg', 'berkas/Hkuxjen5UWXzcGMWPevNc6J9ysMVd0wJGbsxgYSy.jpg', NULL, NULL, 'kk_MOH. RONAL DONI_20240603_111603.pdf', 'berkas/wE3eELoDFllNEPByPBKMCiAxsuqFWuYMW65Kfio7.pdf', 'ktp_MOH. RONAL DONI_20240603_111603.jpeg', 'berkas/IQqipefs1HwJtjgDamaGDfxuigWvK6q6XDm11EJ2.jpg', 'akta_MOH. RONAL DONI_20240603_111603.pdf', 'berkas/hA5Yf5ImYlufgNv77c63WBLcykuVBhx77m1DJSNi.pdf', 'pas_foto_MOH. RONAL DONI_20240603_111603.jpeg', 'berkas/Wyyid17KzPw8T6IYKdIAP3Q0AkwJbe1qIxKWvjZR.jpg', NULL, NULL, '2024-06-03 04:16:03', '2024-06-03 04:16:03');
INSERT INTO `berkas_pendaftars` (`id`, `user_id`, `ijazah_skl`, `ijazah_skl_file`, `skhun`, `skhun_file`, `kk`, `kk_file`, `ktp`, `ktp_file`, `akta`, `akta_file`, `pas_foto`, `pas_foto_file`, `doc_pend_jalur_masuk`, `doc_pend_jalur_masuk_file`, `created_at`, `updated_at`) VALUES
(82, 88, 'ijazah_skl_RIA ALIYA RAHMA_20240603_150746.jpg', 'berkas/gHVqYU45oNsmcvYBO4gY9exp4DUoOeuSr2jw2Shd.jpg', NULL, NULL, 'kk_RIA ALIYA RAHMA_20240603_150746.jpg', 'berkas/0DEWgcLVqdvZkTYMZQaJagE6fZ3uze97V87J4v5W.jpg', 'ktp_RIA ALIYA RAHMA_20240603_150746.jpg', 'berkas/vDTMNxdodBvRiMuVXeVLpSyx0tNXbZHtLFqlptAz.jpg', 'akta_RIA ALIYA RAHMA_20240603_150746.jpg', 'berkas/rmwIQI8owI5Y8rP0Buzdw1TpNagwwle1KWN76uo2.jpg', 'pas_foto_RIA ALIYA RAHMA_20240603_150746.png', 'berkas/yTwR05Punyr2ppCigYCTNnirS6Rtu12vaICcM1o8.png', 'doc_pend_jalur_masuk_RIA ALIYA RAHMA_20240603_150746.doc', 'berkas/ASdlsIrYOWw0WWUkWaineCw1N3YyPz1zhw0jo8i8.doc', '2024-06-03 08:07:46', '2024-06-03 08:07:46'),
(83, 89, 'ijazah_skl_SITI NURUL ULUM_20240603_210745.pdf', 'berkas/tDGZuAjO0txIwCDs98mc7VxrjaoVnVUWVppe2Xff.pdf', NULL, NULL, 'kk_SITI NURUL ULUM_20240603_210745.pdf', 'berkas/YvDyMxlM7SIw8SyEm82fnolGFfNxNfEsSJZGxEJX.pdf', 'ktp_SITI NURUL ULUM_20240603_210745.pdf', 'berkas/QyNUdDDcqagSkGq7HWiuMi4H84uhTVO6cMe4TtoV.pdf', 'akta_SITI NURUL ULUM_20240603_210745.pdf', 'berkas/CvNpgPUdoGaGegnaHtoNOrnKOCD6EhcXo2odDbnm.pdf', 'pas_foto_SITI NURUL ULUM_20240603_210745.jpg', 'berkas/p4n6lazPxcRqPWFAej07gKGsyMwGS70UVKmkXoKU.jpg', 'doc_pend_jalur_masuk_SITI NURUL ULUM_20240603_210745.pdf', 'berkas/QK6J1qxoTX320BBBMgfWGjLsikG61DRkfWzMaqmX.pdf', '2024-06-03 14:07:45', '2024-06-03 14:07:45'),
(84, 90, 'ijazah_skl_ANDIKA TRI MUSLIMIN_20240604_094838.pdf', 'berkas/AJhGisCILVPA5OPdBaHdKyKfFD3sc9iGGOaSsi7F.pdf', NULL, NULL, 'kk_ANDIKA TRI MUSLIMIN_20240604_094838.pdf', 'berkas/NmkWNec4SW5ilIYE6mdiCwwBWpxUfqTCqvBzEsui.pdf', 'ktp_ANDIKA TRI MUSLIMIN_20240604_094838.jpeg', 'berkas/QowJeW2AtlWKIQmR0lD41N5qRgGkBTDuvOGqWmE3.jpg', 'akta_ANDIKA TRI MUSLIMIN_20240604_094838.pdf', 'berkas/n65wYGjGXL4VY55WhX9P2usKHNzfxqhKPWTvjea1.pdf', 'pas_foto_ANDIKA TRI MUSLIMIN_20240604_094838.pdf', 'berkas/BZ54BNJCCpp6JdVCHHUeIy2rSKu5s69fnkAOvi3c.pdf', 'doc_pend_jalur_masuk_ANDIKA TRI MUSLIMIN_20240604_094839.pdf', 'berkas/q5hDFlPoh8A9RZpt2H0DvddvFQ1HfoQQU3RVjtd9.pdf', '2024-06-04 02:48:38', '2024-06-04 02:48:39'),
(87, 93, 'ijazah_skl_Nuri Fatika salsabila_20240605_090452.jpg', 'berkas/lE2aqun5rVJiRxYJxoncz4eRwKMQCbvnzkoGUCFe.jpg', NULL, NULL, 'kk_Nuri Fatika salsabila_20240605_090452.jpg', 'berkas/D0nycc5YtQLaUxeBD5cpb8yJH6YMbYHTWomb2A2O.jpg', 'ktp_Nuri Fatika salsabila_20240605_090452.jpg', 'berkas/LfZBKcqRyV9JoPxsbPEDMhmgH7UqkXaRmgMJmDoV.jpg', 'akta_Nuri Fatika salsabila_20240605_090452.jpg', 'berkas/9IY9gPzwMjA0Wt528bNvA5hPzfLcEc8c5CsKdEQw.jpg', 'pas_foto_Nuri Fatika salsabila_20240605_090452.png', 'berkas/PMOfJjV6IPaRgTN6iuQcL7c2wTIrjpHPnpknTPnn.png', NULL, NULL, '2024-06-05 02:04:52', '2024-06-05 02:04:53'),
(88, 94, 'ijazah_skl_ADFIN NAHUBAL_20240605_104214.jpg', 'berkas/MniAz6vX22Ve748c1kmmPKg7B6Gsor0uI6zP4BNU.jpg', NULL, NULL, 'kk_ADFIN NAHUBAL_20240605_104214.jpg', 'berkas/AMlh2lOOtBMK5V0Xqy2kzJLtOvGIe3rQCBzCeysR.jpg', 'ktp_ADFIN NAHUBAL_20240605_104214.jpg', 'berkas/SvLO0qHrZSIGotk2EJxWRvNDSzoDuEuyhRwXOGCH.jpg', 'akta_ADFIN NAHUBAL_20240605_104214.jpg', 'berkas/rlgJIbaCrrZmBc57eSJpcD142uvDIzzWl3g8Ze9k.jpg', 'pas_foto_ADFIN NAHUBAL_20240605_104214.jpg', 'berkas/7hLRSTL0Zx2Tzhjsu9h2flyGjZ1OSc7yTuWsPbaV.jpg', NULL, NULL, '2024-06-05 03:42:14', '2024-06-05 03:42:14'),
(89, 95, 'ijazah_skl_MANISA UTARI MOFID_20240605_210942.jpg', 'berkas/TWIABQksEWxUYW07iMXT7PmRYnF0r7tQ3Vv7WnRD.jpg', NULL, NULL, 'kk_MANISA UTARI MOFID_20240605_210942.jpg', 'berkas/qPobQJL93gW2DAkOgLl5HbanmEFKbbIvlIIMSdI2.jpg', 'ktp_MANISA UTARI MOFID_20240605_210942.jpg', 'berkas/1hErM0z0rsD4CZobLzlzKdC4qcihFjtP0cYbSMw3.jpg', 'akta_MANISA UTARI MOFID_20240605_210942.jpg', 'berkas/17ujCdNHsHpvf4ejbeoMdfW5j860ZdzJ25NPpY75.jpg', 'pas_foto_MANISA UTARI MOFID_20240605_210942.png', 'berkas/DnDDxoIC80VocE7GPA1JygU1Op7diAKKgZJUofil.png', 'doc_pend_jalur_masuk_MANISA UTARI MOFID_20240605_210943.pdf', 'berkas/xL8Rw5kRaA9ADc0J9q5hFBe25qKR563PtD6CPOD1.pdf', '2024-06-05 14:09:42', '2024-06-05 14:09:43'),
(90, 96, 'ijazah_skl_Ika lastari_20240606_092802.jpg', 'berkas/IpJtf5AY9CtsLosacbv6HG8HhFKdVLbERT1AphUI.jpg', NULL, NULL, 'kk_Ika lastari_20240606_092802.jpg', 'berkas/odpWPw38ab8mQ1plp8Ewf6H9EShT6UeoZtuPb2gD.jpg', 'ktp_Ika lastari_20240606_092802.jpg', 'berkas/MEAR7heOGVQJNfgo0nVWpufGMQXXeYHwSx97IcFE.jpg', 'akta_Ika lastari_20240606_092802.jpg', 'berkas/EJpqLljvHvqkBekjX1RIzOxcnfJFaArWk3nPYe7m.jpg', 'pas_foto_Ika lastari_20240606_092802.jpeg', 'berkas/cE89xcGVelzRxgdKYymivEDWGxtVu2AenITjobCE.jpg', NULL, NULL, '2024-06-06 02:28:02', '2024-06-06 02:28:02'),
(91, 97, 'ijazah_skl_SITI HAFIFAH_20240606_164331.pdf', 'berkas/51FaPYKVAfitZikLYhl1g5QHZzHM6giKiGiZMprl.pdf', NULL, NULL, 'kk_SITI HAFIFAH_20240606_164331.pdf', 'berkas/f0snOyzYhj5IS0EL69Sv83k8DntM90vaH0N1oMN7.pdf', 'ktp_SITI HAFIFAH_20240606_164331.jpg', 'berkas/Rw0rP6xCcVyPLOL0aXGg0AajGU2Ck3pOWsxWIWbs.jpg', 'akta_SITI HAFIFAH_20240606_164331.pdf', 'berkas/1uG4FEogYOCklbK6wc6ir5QsENzubGXXQJIUNg6X.pdf', 'pas_foto_SITI HAFIFAH_20240606_164331.jpg', 'berkas/dumb16DWPT0YkrbzYtEzQpkOgAn7ODwLyvSvclGp.jpg', 'doc_pend_jalur_masuk_SITI HAFIFAH_20240606_164331.pdf', 'berkas/iw1E0WHpULZfFBfUkLehEmuGLidFS2flOIB0S29u.pdf', '2024-06-06 09:43:31', '2024-06-06 09:43:31'),
(92, 98, 'ijazah_skl_NOVAL_20240606_215022.pdf', 'berkas/CMvpsXb5wsujny12XJfVJHB1xKRbamkWzzXkWXVy.pdf', NULL, NULL, 'kk_NOVAL_20240606_215022.pdf', 'berkas/wHWRiZmTukXKovFRE1DBEqxjcOyFR7lPKGJw4Qjm.pdf', 'ktp_NOVAL_20240606_215022.pdf', 'berkas/toN183mUtzkWvz5jzzAV4Sgmi9NgPx4ROCd37vd0.pdf', 'akta_NOVAL_20240606_215022.pdf', 'berkas/PSCnoh1oDnPEmy9usLRcgXv8yLxFrMNRDoMZ9l6D.pdf', 'pas_foto_NOVAL_20240606_215022.jpeg', 'berkas/RNJGaHhkT3PoKRcCiBMwfXOE0GTFueJ0jWrXMy5B.jpg', 'doc_pend_jalur_masuk_NOVAL_20240606_215022.pdf', 'berkas/ZYKa44iqFvDievDpQLbvymqIECZB5cWYWdQLuxBt.pdf', '2024-06-06 14:50:22', '2024-06-06 14:50:22'),
(93, 99, 'ijazah_skl_QURROTUL AINY UTAMI_20240607_084343.jpg', 'berkas/lZY1vwAPO6kYtvMlX8usPHsUpIXcYFyAPAIDgp7N.jpg', NULL, NULL, 'kk_QURROTUL AINY UTAMI_20240607_084343.jpg', 'berkas/wJEK9U44pclHC4JZ7iENGFEgU7EBBkjiVQxEx4h9.jpg', 'ktp_QURROTUL AINY UTAMI_20240607_084343.jpg', 'berkas/wlSk9qy22kAA9F2AhOoa6DKLpPnwTJ3FVqPHgPE6.jpg', 'akta_QURROTUL AINY UTAMI_20240607_084343.jpg', 'berkas/Bxq0wZ1EOmCQvPq0FGueND07ZEcuTJLaIyTPbftd.jpg', 'pas_foto_QURROTUL AINY UTAMI_20240607_084343.jpg', 'berkas/3mwxudUvVfp1Uj08JI95WdbqtRD1riuhUa9ZBuzD.jpg', 'doc_pend_jalur_masuk_QURROTUL AINY UTAMI_20240607_084344.jpg', 'berkas/PARoOsH28wxZoeVLt8fScvzGydHLpUvZntoy6uXr.jpg', '2024-06-07 01:43:43', '2024-06-07 01:43:44'),
(94, 100, 'ijazah_skl_AGUS SAPUTRA ASSAGAF_20240607_130323.jpg', 'berkas/j0f6kGSZEVu1Ju4x4QSQu6chkUnTVTCcLURmEpuK.jpg', NULL, NULL, 'kk_AGUS SAPUTRA ASSAGAF_20240607_130323.jpg', 'berkas/VvIRrMA3IvHUMdyunMytVGPtVv346KbcoDungSr4.jpg', 'ktp_AGUS SAPUTRA ASSAGAF_20240607_130324.jpg', 'berkas/IleOV7FTsa690QYcLnX9cn4FlSjE4RPZTRZPC7zw.jpg', 'akta_AGUS SAPUTRA ASSAGAF_20240607_130324.jpg', 'berkas/IHbdx1aqa1bSUxqeMEP4C1bjIUd33B5XqnYhInUX.jpg', 'pas_foto_AGUS SAPUTRA ASSAGAF_20240607_130323.jpg', 'berkas/CWqkZTBlXEZr3DXjqJgdZ5G2MA01CpusUNRJi6VV.jpg', NULL, NULL, '2024-06-07 06:03:23', '2024-06-07 06:03:24'),
(95, 101, 'ijazah_skl_Rika Raga Putri_20240607_204358.jpg', 'berkas/B2ETwbemZaILrDpYBD9gla1ig0mxsIxsNuUZQXrE.jpg', NULL, NULL, 'kk_Rika Raga Putri_20240607_204358.jpg', 'berkas/p7iJkXMy1VPCiJslfz0HNdI9d8WzTopwsK2mtU7d.jpg', 'ktp_Rika Raga Putri_20240607_204358.jpg', 'berkas/OkjQWCY9c4eJbWTEBEOa5LrlEnOyvMQ6sAn2q1IQ.jpg', 'akta_Rika Raga Putri_20240607_204358.jpg', 'berkas/opVwpr6z7k9c3nUnt95aB05hNC2uHoJva6Mv7flW.jpg', 'pas_foto_Rika Raga Putri_20240607_204358.jpg', 'berkas/f3uQfD2AF9IA1QZIpQxQh4h1qp4Pq8uUSOIhXRhL.jpg', NULL, NULL, '2024-06-07 13:43:58', '2024-06-07 13:43:58'),
(96, 102, 'ijazah_skl_AHMAD ZAINI_20240609_140129.jpg', 'berkas/KuJZ6yfn8AnSza4vygIgAxgzl1LPzjlMo7jBC6Bw.jpg', NULL, NULL, 'kk_AHMAD ZAINI_20240609_140130.pdf', 'berkas/djES3KqTWScjV1kHxgzGTEg376ffHsENJycHpSea.pdf', 'ktp_AHMAD ZAINI_20240609_140130.jpg', 'berkas/yWpb07YMOTjM9ZhwWvBMffk8XKSurRIoRKtjcBDt.jpg', 'akta_AHMAD ZAINI_20240609_140130.jpg', 'berkas/mY0D50RdfwcGP2vw6a6gxLywRG9zmT5pqw9mGNyZ.jpg', 'pas_foto_AHMAD ZAINI_20240609_140129.jpg', 'berkas/qIJmV232kGLNNAjh3AnSKdVvHv7y60S0oRSFrqkE.jpg', 'doc_pend_jalur_masuk_AHMAD ZAINI_20240609_140130.jpg', 'berkas/WGceAp29huDfC3LYo2YKf0Ixem0kr3iAPH9SryRa.jpg', '2024-06-09 07:01:29', '2024-06-09 07:01:30'),
(97, 103, 'ijazah_skl_Evi suciati_20240610_141847.jpg', 'berkas/mVJhuP3ct7RIrZJO6FFPpaR1MuoTqMIoJyhqeSaS.jpg', NULL, NULL, 'kk_Evi suciati_20240610_141847.jpg', 'berkas/KVKJKnW6sURqoBnMyi7bk4X9jGoDtMQl1yvZ9jBT.jpg', 'ktp_Evi suciati_20240610_141847.jpg', 'berkas/V2NED6mZxF6vvOMWzyk4cyVaewke87yQNuJgx7eJ.jpg', 'akta_Evi suciati_20240610_141847.jpg', 'berkas/iIv2sNCSDqiUmHrTzpBFpfUQuMLK6Ip0i3t1msuC.jpg', 'pas_foto_Evi suciati_20240610_141847.jpg', 'berkas/N71b5fIPeQlZ133ZY9fVrRZJMM7S9MXr6RsKysAN.jpg', 'doc_pend_jalur_masuk_Evi suciati_20240610_141847.docx', 'berkas/4RRToXwL26O0FDPVfUXeu9Dolb8FtzYdHMnQCkhN.docx', '2024-06-10 07:18:47', '2024-06-10 07:18:48'),
(98, 104, 'ijazah_skl_ALIATUL KARIMAH_20240610_145058.jpeg', 'berkas/XbR4q1WkkUdILzRcQwLCuSs3t1E6c11d3xwlwPnn.jpg', NULL, NULL, 'kk_ALIATUL KARIMAH_20240610_145058.jpeg', 'berkas/msxnNVdbNcgrMwkVrAiiGukUtlq4mf0ZBGlz0RBZ.jpg', 'ktp_ALIATUL KARIMAH_20240610_145058.jpeg', 'berkas/Qx4wpCwdHejbGKk5dgpzVwC0iOisSQt6B8NkLGWE.jpg', 'akta_ALIATUL KARIMAH_20240610_145058.jpg', 'berkas/AnsMppKWUP65D34BFa01jHy97KltUthEVLqDiHqc.jpg', 'pas_foto_ALIATUL KARIMAH_20240610_145058.png', 'berkas/ftamTDI4c3x92Ii7MekCvmAyFPzcbySzaacCAc9i.png', NULL, NULL, '2024-06-10 07:50:58', '2024-06-10 07:50:58'),
(99, 105, 'ijazah_skl_HASAN BESRI_20240611_151716.jpg', 'berkas/Szrp3akGDjPO4BQf7c9av4zXFK6fiYe6RbsA8Wzd.jpg', NULL, NULL, 'kk_HASAN BESRI_20240611_151716.jpg', 'berkas/z1CmsAFpQhvkGcve0zQRnfjq1xQJQ5IaKJ14fmTP.jpg', 'ktp_HASAN BESRI_20240611_151716.jpg', 'berkas/9ObsUmOeZpvOowAb3lzfGokoOmPbdxwCxJ3rXsyy.jpg', 'akta_HASAN BESRI_20240611_151717.jpg', 'berkas/cunekOJGJPK7TB3iKNlVX0s2zACH8bsXnUxifcpL.jpg', 'pas_foto_HASAN BESRI_20240611_151716.jpg', 'berkas/oBzSadLZHACIwViPG5QJRoHwMvr0tuUwUMgbp459.jpg', 'doc_pend_jalur_masuk_HASAN BESRI_20240611_151717.jpg', 'berkas/OnPKgVaEPQff1zIXP6aJ0D4Gx4kx8kCmx6REt3He.jpg', '2024-06-11 08:17:16', '2024-06-11 08:17:17'),
(100, 106, 'ijazah_skl_Rofiqotul mawla_20240611_220920.jpg', 'berkas/yH3rNvxb2XQ20hstSwaOuIMPlagWaHVWRFIhXjTA.jpg', NULL, NULL, 'kk_Rofiqotul mawla_20240611_220920.jpg', 'berkas/MQkd8vqEpJWl5YB5VAQK3DJq0ZQ8cubmQUfFjqOd.jpg', 'ktp_Rofiqotul mawla_20240611_220920.jpg', 'berkas/TsZOd6RHbfPxIzz2Z7nZ69pO14OHePc6iGBQyd4T.jpg', 'akta_Rofiqotul mawla_20240611_220920.jpg', 'berkas/TbOZjTzq1cuF084NNUFLxONakfPKUWalMur3S20F.jpg', 'pas_foto_Rofiqotul mawla_20240611_220920.jpg', 'berkas/9CHVfwBiW92miNRMISr5AyDnVlkFvQOiknWSo3iJ.jpg', 'doc_pend_jalur_masuk_Rofiqotul mawla_20240611_220920.jpg', 'berkas/YTNCGTAOwy2zypMyEPF4LlOyrt0sU6prorJO6uKs.jpg', '2024-06-11 15:09:20', '2024-06-11 15:09:20'),
(101, 107, 'ijazah_skl_ABDILLAH AL FARISI_20240612_151000.jpg', 'berkas/dASGgjRDY6XRhyK4YP7IIhtrU6tq03GmrQGl8HAL.jpg', NULL, NULL, 'kk_ABDILLAH AL FARISI_20240612_151000.jpg', 'berkas/cCRBxORWJPZm97Z7HP1SFmyoZzgEZB73GiccRNdN.jpg', 'ktp_ABDILLAH AL FARISI_20240612_151000.jpg', 'berkas/R1F5vuOs4bV8rCGUT9zTBX9t7tSw7TLgCArHMsqU.jpg', 'akta_ABDILLAH AL FARISI_20240612_151000.jpg', 'berkas/zC7IlY60tKJIIHgA0zP1IN2cpKzcvagU3qWC7nRP.jpg', 'pas_foto_ABDILLAH AL FARISI_20240612_151000.JPG', 'berkas/q7JliRq4sEpxgP53bFtt0j3OfmKAoGE9kYNTptEy.jpg', 'doc_pend_jalur_masuk_ABDILLAH AL FARISI_20240612_151000.jpg', 'berkas/muMFLeycApDHz0glUSuA4RE86w25EYXhY05Emugm.jpg', '2024-06-12 08:10:00', '2024-06-12 08:10:00'),
(102, 108, 'ijazah_skl_NAILIZ ZULVA RIZKYA_20240613_160337.jpeg', 'berkas/Wnzt03NkdkWcpegIZai864FiXvA6FxarMshSPsEw.jpg', NULL, NULL, 'kk_NAILIZ ZULVA RIZKYA_20240613_160337.jpeg', 'berkas/JoQMod9dakzvQwG2eRKX4iHRGt9obpYlUiGD4LHl.jpg', 'ktp_NAILIZ ZULVA RIZKYA_20240613_160337.jpeg', 'berkas/zLLaGIBC5WGD7S2dHw1GgAfmVEptJGThrFdlPdNH.jpg', 'akta_NAILIZ ZULVA RIZKYA_20240613_160337.jpeg', 'berkas/YY00pEWwS4MKxMd3CwhuMNwbkWsAn9AWODpldCQg.jpg', 'pas_foto_NAILIZ ZULVA RIZKYA_20240613_160337.jpeg', 'berkas/9JTEGGr17TNaEHdgTy92qHwZGlPAhGfa8UzWFugm.jpg', 'doc_pend_jalur_masuk_NAILIZ ZULVA RIZKYA_20240613_160337.jpeg', 'berkas/3g3BzRU1X1bGSEIzeZTlk4TWs591h1F8lVbsuIEP.jpg', '2024-06-13 09:03:37', '2024-06-13 09:03:37'),
(103, 109, 'ijazah_skl_Nurul Widhad_20240613_223731.pdf', 'berkas/P8QLLuJdQqeSX4l0IJcYpNKhmpSD1DE6TTRBXYYR.pdf', NULL, NULL, 'kk_Nurul Widhad_20240613_223731.pdf', 'berkas/VANJwktmgamtpAWYf93LK89Qvrl3MVmKlssfi7wB.pdf', 'ktp_Nurul Widhad_20240613_223731.pdf', 'berkas/BFS9l8yRBPovSWNXgBPYFkVqUtKS1CLZ3CCl7QVq.pdf', 'akta_Nurul Widhad_20240613_223731.pdf', 'berkas/W1PRKytilewD6xfhYeIA5nCMtnPBrxV3ewUpqrbB.pdf', 'pas_foto_Nurul Widhad_20240613_223731.jpg', 'berkas/Ilz8BGRAHi4ESKxvtVnTDm6CSjTSWYVypenxEhPM.jpg', 'doc_pend_jalur_masuk_Nurul Widhad_20240613_223731.pdf', 'berkas/F2tOm8n4SItnsnQEBCMo1Lt3kCCOFrqlqFZON9RW.pdf', '2024-06-13 15:37:31', '2024-06-13 15:37:32'),
(104, 110, 'ijazah_skl_Desy Lovevita Ramadhani_20240614_102941.jpg', 'berkas/MZIlRBw1XM4YgUyAX6JKRg8yPKLMcT0BF3EFHJdA.jpg', NULL, NULL, 'kk_Desy Lovevita Ramadhani_20240614_102941.jpg', 'berkas/J9BiDygqsaO8x2O4wGQPePFZYV8teJa46HysGkfv.jpg', 'ktp_Desy Lovevita Ramadhani_20240614_102941.jpg', 'berkas/V8C0tyCrNlTeUFmsHEQjjtEpEMPudDSA6xHNFXwh.jpg', 'akta_Desy Lovevita Ramadhani_20240614_102941.jpg', 'berkas/2M6LKRDb5k1NFaOsDyPirsXxB7TxRbGDE1w7fwW8.jpg', 'pas_foto_Desy Lovevita Ramadhani_20240614_102941.jpg', 'berkas/6EtN1kbLCN8IDDmux4LTeZCH9KcyBuAakUaryP97.jpg', 'doc_pend_jalur_masuk_Desy Lovevita Ramadhani_20240614_102942.jpg', 'berkas/RymdtoRiFRNV1E5j1NwnF5Cg0ttUQTgw0qjJ2kwD.jpg', '2024-06-14 03:29:41', '2024-06-14 03:29:42'),
(106, 112, 'ijazah_skl_AYU SUGIARTI_20240614_145606.jpg', 'berkas/gQ6VYSdGboq1t1qyq0efumBDWijFUcI9P5i2q9Be.jpg', NULL, NULL, 'kk_AYU SUGIARTI_20240614_145606.jpg', 'berkas/aDX0uTZn6JUToeTKQZCpIBx2P8yHRKjNCWPzMj7h.jpg', 'ktp_AYU SUGIARTI_20240614_145606.jpg', 'berkas/viDb7kZYC6Ptm41EYUcoH3BD7JKaw986lctT7oxc.jpg', 'akta_AYU SUGIARTI_20240614_145607.jpg', 'berkas/Vja8QLF56OqIKQsizKdEACuVkbeu629eoGugcPID.jpg', 'pas_foto_AYU SUGIARTI_20240614_145606.JPG', 'berkas/YPqxBbJpZfkK3LvOErhSXXWvdxNZS0ct8rfSbasw.jpg', 'doc_pend_jalur_masuk_AYU SUGIARTI_20240614_145607.png', 'berkas/i5vWQeqKePqQt0lh5Z3JvBKIzzmDrCP6dMKPQvw8.png', '2024-06-14 07:56:06', '2024-06-14 07:56:07'),
(107, 113, 'ijazah_skl_Nurul Sakinah_20240614_175017.jpg', 'berkas/MAAJPyHP0wYKPZ7iy4mZqdkJLBZU0LnpluEwjiS7.jpg', NULL, NULL, 'kk_Nurul Sakinah_20240614_175018.jpg', 'berkas/IJl7e888PmYavgjjheyfCgqmcjrbGED6vszAp3Ze.jpg', 'ktp_Nurul Sakinah_20240614_175018.jpg', 'berkas/3DIMcwDTz5l3Idmcxaiis9PJR8Nx2zwOGGnV4xUP.jpg', 'akta_Nurul Sakinah_20240614_175018.jpg', 'berkas/vx7ohrPyJEfOPvxHjJoVVcTtRn6Fr0GHQa8iOOwr.jpg', 'pas_foto_Nurul Sakinah_20240614_175017.png', 'berkas/RAGi4IkoOwjT6FJEeIRzaICtUfwfQgfR19VondHU.png', 'doc_pend_jalur_masuk_Nurul Sakinah_20240614_175018.jpg', 'berkas/1xdz57aTp0B2kPmFX7ITIPJ4XZYOfDRy3wdVqkiJ.jpg', '2024-06-14 10:50:17', '2024-06-14 10:50:18'),
(108, 114, 'ijazah_skl_Elisya Agustini Asyari_20240614_204559.pdf', 'berkas/r4fywUlF7fcEbiOhOJiHWjJ07FeybwoEYVrlG46F.pdf', NULL, NULL, 'kk_Elisya Agustini Asyari_20240614_204559.pdf', 'berkas/JxdM6SbOfGyUI8fTumz9XG2pvxN5WwLv59WxQm2i.pdf', 'ktp_Elisya Agustini Asyari_20240614_204559.pdf', 'berkas/JZYZ78BVgtRoHqtltHllvbFGOavGTWOLo3YxKbrB.pdf', 'akta_Elisya Agustini Asyari_20240614_204600.pdf', 'berkas/SL2NBhnsrLvySaWKi0khY0WI0MJgdA5tjyKEMiIf.pdf', 'pas_foto_Elisya Agustini Asyari_20240614_204559.jpg', 'berkas/Ep70sXDxRSESttJLGlGtHFIV6IxKRPFamaUv0BJn.jpg', 'doc_pend_jalur_masuk_Elisya Agustini Asyari_20240614_204600.pdf', 'berkas/OzKYQu5Rz15oxUE5mmMpKt9nOpFHkNOQ40j9Sjlo.pdf', '2024-06-14 13:45:59', '2024-06-14 13:46:00'),
(110, 116, 'ijazah_skl_Alfiatus Syifa_20240615_103714.jpg', 'berkas/soILyXZzir6CB4ydeDyYcqpb9s4UO8Ge2s661Wy6.jpg', NULL, NULL, 'kk_Alfiatus Syifa_20240615_103714.jpg', 'berkas/8hV7jmWshCHVPhHMwp85WgWVli4OdzxKEwcr6e17.jpg', 'ktp_Alfiatus Syifa_20240615_103714.jpg', 'berkas/NHQu6q4gfyyRxggOMU07GGridUpm9v6oHI0Nbpy5.jpg', 'akta_Alfiatus Syifa_20240615_103714.jpg', 'berkas/AKmLuHB3mXRRYaxzLlXYoSuXompgFDS0zio58FEo.jpg', 'pas_foto_Alfiatus Syifa_20240615_103714.jpg', 'berkas/IvUlyu9hSRdJfaZl7gavo3JEWUqkMQnqClFLIo5b.jpg', 'doc_pend_jalur_masuk_Alfiatus Syifa_20240615_103714.pdf', 'berkas/nqHmmIlgYixm3LbP65ujpDXQpela8MAaN2b6E8gz.pdf', '2024-06-15 03:37:14', '2024-06-15 03:37:14'),
(114, 120, 'ijazah_skl_Nurul Marom_20240616_115814.jpg', 'berkas/5gXkowv0vQbBPuvFAXOZ3EvJkLpVww7slJv3zobG.jpg', NULL, NULL, 'kk_Nurul Marom_20240616_115814.jpg', 'berkas/Xz8R6O4S4dfSdxnrFkvmcKDXly79uZS6p6DKUT76.jpg', 'ktp_Nurul Marom_20240616_115814.jpg', 'berkas/Tdgz8M8FM95KH1VDTl2WprHuBNkRYqdHy4zkpCoy.jpg', 'akta_Nurul Marom_20240616_115814.jpg', 'berkas/D5VFz2sJwBPJA8qz7Kic9AQWpBnVb9uqOE56B1Lf.jpg', 'pas_foto_Nurul Marom_20240616_115814.jpg', 'berkas/StFORpFO9mku9P8xTNmEFRKxEPsOehw3QRFnqELs.jpg', 'doc_pend_jalur_masuk_Nurul Marom_20240616_115814.jpg', 'berkas/0ig8pvyW6cOOkH4IHxyBW6q3tKSPmMdyzNOOzUFJ.jpg', '2024-06-16 04:58:14', '2024-06-16 04:58:14'),
(116, 122, 'ijazah_skl_RAYSA EKA DELVIRA_20240617_215030.pdf', 'berkas/Dz56TFLwWiwyukHrXMCGFL8Nou5UsxmI6K8PNplJ.pdf', NULL, NULL, 'kk_RAYSA EKA DELVIRA_20240617_215030.pdf', 'berkas/Baq0RU3dM2TLjNvaRFufDzbiIUrsLezwkrksRNTj.pdf', 'ktp_RAYSA EKA DELVIRA_20240617_215030.pdf', 'berkas/TfOAM5bazQagPzMlYCjgKM6O2Nb2TvtcMy7nmP4h.pdf', 'akta_RAYSA EKA DELVIRA_20240617_215030.pdf', 'berkas/uIQzQqUNMfaz8wD0eBgjFeXESHwOYrpC1yuIvV2k.pdf', 'pas_foto_RAYSA EKA DELVIRA_20240617_215030.pdf', 'berkas/kG8JwOlYFEnWamWz08NJQ9zywEZZ1gJwGWFGYKUQ.pdf', 'doc_pend_jalur_masuk_RAYSA EKA DELVIRA_20240617_215030.pdf', 'berkas/bXRX6HdZ5eRmskRh4PGteMxGi7fpnD7xgLpwLOJn.pdf', '2024-06-17 14:50:30', '2024-06-17 14:50:30'),
(118, 124, 'ijazah_skl_Suhrotus syafaah_20240619_105831.pdf', 'berkas/lsT5aSqdbre2g3t43Ropd87gZFbL2QbtaOK5ST6Y.pdf', NULL, NULL, 'kk_Suhrotus syafaah_20240619_105832.pdf', 'berkas/i7hUqxZqYnP0krgRF0GuPIRao8rHs27TwwDpAgZ2.pdf', 'ktp_Suhrotus syafaah_20240619_105832.pdf', 'berkas/hSTSL1P0SMsCHaSyvHKguAcNl9jeeOOq5PYiFVYN.pdf', 'akta_Suhrotus syafaah_20240619_105832.pdf', 'berkas/jYkCTX5IY44qAoadewEpXSLIMrRhW3cTaMV7wOQ9.pdf', 'pas_foto_Suhrotus syafaah_20240619_105831.pdf', 'berkas/O2kG9BpA7aeHjthxGSaxgmcI3GqhydzbWHopQU90.pdf', 'doc_pend_jalur_masuk_Suhrotus syafaah_20240619_105832.pdf', 'berkas/YIzTxP7fVvDiegqGELuGO4nVrGX0tireyYiHV9Bi.pdf', '2024-06-19 03:58:31', '2024-06-19 03:58:32'),
(120, 126, 'ijazah_skl_Moh. Abi Farhan_20240619_112624.jpg', 'berkas/02l0wCc6jWQAAt6WaP93iFUZ9LYbOzmqfNtXZF8w.jpg', NULL, NULL, 'kk_Moh. Abi Farhan_20240619_112624.jpg', 'berkas/QAom9MMEsTD32uPJWFEGvwvSFoIzDejdcXBcTtLw.jpg', 'ktp_Moh. Abi Farhan_20240619_112624.jpg', 'berkas/9uIKORuy1QyMiNLNmv6ZbwY8gIwMaBCvZvVvARRg.jpg', 'akta_Moh. Abi Farhan_20240619_112624.jpg', 'berkas/RIrY4vnEXUOXWz0WfinRhXsFoZAgW8Vya2zvVlgi.jpg', 'pas_foto_Moh. Abi Farhan_20240619_112624.png', 'berkas/d0SDCAG1iZ8aMxoGb75SJUmjGQsUR0iWNX10Z6jc.png', 'doc_pend_jalur_masuk_Moh. Abi Farhan_20240619_112624.pdf', 'berkas/iTTJvWLELdHQjupI79GU1imjO29hJri91AeDLnt0.pdf', '2024-06-19 04:26:24', '2024-06-19 04:26:24'),
(122, 128, 'ijazah_skl_Sayidatul Fitria_20240619_121347.jpg', 'berkas/6Vm4qFO7UJ6pxt8Re9kirz5OiKbG6l5icPHojKg5.jpg', NULL, NULL, 'kk_Sayidatul Fitria_20240619_121347.jpg', 'berkas/Y94GrAih2Lvr1KlvptfF7q4bTuov3p1trnsLSxzR.jpg', 'ktp_Sayidatul Fitria_20240619_121347.jpg', 'berkas/VSbb2ROja5exbuvaPS5ATDSKUM6sivcMIXrSyPkr.jpg', 'akta_Sayidatul Fitria_20240619_121347.jpg', 'berkas/KSypMck0VfQj5AINXAKcwGyANu98lN5DA1XOjVp5.jpg', 'pas_foto_Sayidatul Fitria_20240619_121347.jpg', 'berkas/kPaiphzAGVCAKXXQVYX8G0lB6s3ITBMD6b9PLv4p.jpg', 'doc_pend_jalur_masuk_Sayidatul Fitria_20240619_121347.pdf', 'berkas/AcALxKLWOv1iH5RnrjIXvKGcdqkdp1BSWwgcMhnI.pdf', '2024-06-19 05:13:47', '2024-06-19 05:13:47'),
(123, 129, 'ijazah_skl_Nur Rizkiyati Maulida_20240619_172402.jpg', 'berkas/6u7irWMvs0ZmsuzSBHFRHDfUplOGwjQtvoKk4jha.jpg', NULL, NULL, 'kk_Nur Rizkiyati Maulida_20240619_172402.jpg', 'berkas/n42iy5qLZBrcmnhLrvzdOA99Sr2q9zMvOfHEdBOe.jpg', 'ktp_Nur Rizkiyati Maulida_20240619_172402.jpg', 'berkas/RFvLCRIadhhrITZ2Ux7EytGBbr0U28E8y2gMzFNS.jpg', 'akta_Nur Rizkiyati Maulida_20240619_172402.jpg', 'berkas/spseECQV1gUGdvyZz2NeYlWni6xcJG886JBTFaCi.jpg', 'pas_foto_Nur Rizkiyati Maulida_20240619_172402.jpg', 'berkas/7netmfeHJYoh0mP8hiBsVDk3RIAvI2BOSLzjZOSA.jpg', 'doc_pend_jalur_masuk_Nur Rizkiyati Maulida_20240619_172402.jpeg', 'berkas/dJkRN4QdSVUNaR0aN30Y1cwDd9W28s3WWpZgSTPJ.jpg', '2024-06-19 10:24:02', '2024-06-19 10:24:02'),
(124, 130, 'ijazah_skl_Audina Noor Avivah_20240619_173205.pdf', 'berkas/FOpylcKpBEZe9bvefK3uzb4FJxT906GEvEt8Z9aG.pdf', NULL, NULL, 'kk_Audina Noor Avivah_20240619_173205.jpg', 'berkas/4oyWxMebesckpsHHHBB0mctDs64ywKUFLdrCHGCD.jpg', 'ktp_Audina Noor Avivah_20240619_173205.pdf', 'berkas/RyRoDZMnAHYig7y9CDpim8aS1C5svSOptSO9pFf7.pdf', 'akta_Audina Noor Avivah_20240619_173205.jpg', 'berkas/xH1Qsul5jqZIPIzMtorMKwUxMaxDnAyeJoHzos1Q.jpg', 'pas_foto_Audina Noor Avivah_20240619_173205.jpg', 'berkas/mKFxamgzrLLkoC54xymwPDdzhkNTrHDwTPFRwr5w.jpg', 'doc_pend_jalur_masuk_Audina Noor Avivah_20240619_173205.jpg', 'berkas/JESXEcw69gcElBrYfx3RDRDHatAsCP6T9v9ClGiT.jpg', '2024-06-19 10:32:05', '2024-06-19 10:32:05'),
(125, 131, 'ijazah_skl_Manarotul Maghfiroh_20240620_064539.jpg', 'berkas/PhvCcXQOOGW6kYP07utbf78za8loYik7YVDiaz8y.jpg', NULL, NULL, 'kk_Manarotul Maghfiroh_20240620_064539.jpg', 'berkas/axESHGHeRjCSPjrocF2WwQM2eY7p6Y2qgbrFdETk.jpg', 'ktp_Manarotul Maghfiroh_20240620_064539.jpg', 'berkas/x0RmBcrhxuA12dSg2qDPt8OqJjBGspaDt3LssB9K.jpg', 'akta_Manarotul Maghfiroh_20240620_064539.jpg', 'berkas/NUG3IaGIr5sJQ0CjL72kcbKYunMtPEk8sGxLkyWG.jpg', 'pas_foto_Manarotul Maghfiroh_20240620_064539.jpg', 'berkas/B1s3p4jgPaz1zjOrvYhcAao7h36ZRznrIGy0cmjM.jpg', 'doc_pend_jalur_masuk_Manarotul Maghfiroh_20240620_064540.jpg', 'berkas/1IvBLxtv3O3WiRWuepB3eTQQtMUW8wwXFELu47QT.jpg', '2024-06-19 23:45:39', '2024-06-19 23:45:40'),
(126, 132, 'ijazah_skl_Rinda Safinatul Hujjah_20240620_182022.pdf', 'berkas/HOr1h5cd5rIiNDIPpswpALwhsSSlsZzRUtjQ109p.pdf', NULL, NULL, 'kk_Rinda Safinatul Hujjah_20240620_182022.pdf', 'berkas/towUOG53TVj8auLDogs9K3P6pp5o9G4HGBdO9ouo.pdf', 'ktp_Rinda Safinatul Hujjah_20240620_182022.pdf', 'berkas/8s67WZXItlu2RkAdowYgqzOiKZqMkrhq2UdgayA7.pdf', 'akta_Rinda Safinatul Hujjah_20240620_182022.pdf', 'berkas/GiyanZBbWPuD7USblScdb7Y9SEg92gsy1GIzPcRl.pdf', 'pas_foto_Rinda Safinatul Hujjah_20240620_182022.pdf', 'berkas/Qf4WMEeC50wvzpsFvRlcf8oFNfc8O8SKwTm3fzCb.pdf', 'doc_pend_jalur_masuk_Rinda Safinatul Hujjah_20240620_182022.pdf', 'berkas/zzk9l5kPOrBQIblvwiHNPEyyuOUKOEsOSKxz8xA7.pdf', '2024-06-20 11:20:22', '2024-06-20 11:20:22'),
(127, 133, 'ijazah_skl_Filda Maulidiyah_20240620_223943.pdf', 'berkas/4Q7pJN2ViIm5hYDhmjZzeSZwFvrsM18Mkfxv5CfO.pdf', NULL, NULL, 'kk_Filda Maulidiyah_20240620_223943.pdf', 'berkas/ueerk5NW6fbH7Vv0wtS71GsNoy5ar1kfN4G2quKq.pdf', 'ktp_Filda Maulidiyah_20240620_223943.pdf', 'berkas/yUE7DobZRT1wfjHuO0VfqSNNI472pvdbINjDlv2A.pdf', 'akta_Filda Maulidiyah_20240620_223943.pdf', 'berkas/NGBZfXrJYlfgcW7e4zqCqLQQy6WfOxpTLwrzPjOl.pdf', 'pas_foto_Filda Maulidiyah_20240620_223943.pdf', 'berkas/PHhxw61aD2nkRkAKdjUbLxFrBrXhSAMZXegfcYM5.pdf', 'doc_pend_jalur_masuk_Filda Maulidiyah_20240620_223943.pdf', 'berkas/i7cx2n8dWQEZn4rWEKAll3NfctBnnHb2asWucEBY.pdf', '2024-06-20 15:39:43', '2024-06-20 15:39:43'),
(128, 134, 'ijazah_skl_Angky pratama Hermawan_20240622_071458.jpg', 'berkas/RguFScpF0hGkM4CdKfZoB47wayhzXpTwafX6Md63.jpg', NULL, NULL, 'kk_Angky pratama Hermawan_20240622_071458.jpg', 'berkas/3zpA0cKiGeKKka9lKplcRkjXKFqUmOWr9PsALNnr.jpg', 'ktp_Angky pratama Hermawan_20240622_071458.jpg', 'berkas/L6ZguQ0KdKAZwrpVeX68s9I7RLNXk7WQ9nMUoFCl.jpg', 'akta_Angky pratama Hermawan_20240622_071458.jpg', 'berkas/qTwVY7hWI0Mnqq2PonApFtcMYCcWFvpp9fEl71f9.jpg', 'pas_foto_Angky pratama Hermawan_20240622_071458.jpg', 'berkas/Zp8rKksgGhnogHZmTcLImzCw0WQ0F5fPm9dWy8qG.jpg', NULL, NULL, '2024-06-22 00:14:58', '2024-06-22 00:14:58'),
(131, 137, 'ijazah_skl_Fitria_20240622_175414.jpg', 'berkas/fV1r0tYtjfaJaAGkJ4E1R2tO5WHyPG5CTHP8G2A8.jpg', NULL, NULL, 'kk_Fitria_20240622_175414.jpg', 'berkas/X0pGl1jOD7K11RS2LZPr4w9gVl4Sr5UPE71wTYEA.jpg', 'ktp_Fitria_20240622_175414.jpg', 'berkas/bYPcBH5pQUNJhOw815dGVo6KOmRTRVfwrIJqVJH5.jpg', 'akta_Fitria_20240622_175414.jpg', 'berkas/pXdCO8CH34FroWUiNvo9445l02W1ibQNxZjcqIiJ.jpg', 'pas_foto_Fitria_20240622_175414.jpg', 'berkas/HgAhy9yCN5kV9xEV0bl1y1nphWtpFMoM1Hv1nrrx.jpg', 'doc_pend_jalur_masuk_Fitria_20240622_175414.jpg', 'berkas/i7Vtw6fDaVzYGL0hxqdgRVDoAQXmpSAmEGXLqxzG.jpg', '2024-06-22 10:54:14', '2024-06-22 10:54:14'),
(132, 138, 'ijazah_skl_Najlah Hasania_20240622_175808.pdf', 'berkas/iNrgxsUIOQSGwDmDHralZxniTTVkx3ZJrol788PS.pdf', NULL, NULL, 'kk_Najlah Hasania_20240622_175808.pdf', 'berkas/czdYzxCK5wmyZBzyvpvlblsks4jKQ9jDPvMxWlAT.pdf', 'ktp_Najlah Hasania_20240622_175808.jpg', 'berkas/YYXRKEK0wlqPdI8ezVuLtnfA7beszCng6WFO1B3M.jpg', 'akta_Najlah Hasania_20240622_175808.jpg', 'berkas/2Lb0Zzj95VkrZNCTFmx3IkyAv5CfBqyCXwsyrnh6.jpg', 'pas_foto_Najlah Hasania_20240622_175808.pdf', 'berkas/hhrn2WXMYNpxQ9NibMwqEClB4b03416x1d7nqEck.pdf', 'doc_pend_jalur_masuk_Najlah Hasania_20240622_175809.pdf', 'berkas/Ak19bGS6NG7af67jgrNeQrccr4JHgvg7jZ2EZW5M.pdf', '2024-06-22 10:58:08', '2024-06-22 10:58:09'),
(133, 139, 'ijazah_skl_Maulidia_20240623_105929.jpg', 'berkas/c59Ouv0HvYJCzBq0LiEnETVV47mxc42j6E3PDFny.jpg', NULL, NULL, 'kk_Maulidia_20240623_105929.jpg', 'berkas/JsSjXhxLrIi0iWg9qBXhOkRlFUoCFrxSOVxfFbXu.jpg', 'ktp_Maulidia_20240623_105929.jpg', 'berkas/emBBRTkl1HoUHcCxsjE9KhFwv9VVB3FDRfdecCpy.jpg', 'akta_Maulidia_20240623_105930.jpg', 'berkas/eGEuR34bt6rGoMbXbjeSb9of8CcpAGlYLw5JDTWS.jpg', 'pas_foto_Maulidia_20240623_105929.png', 'berkas/zwPCrDyTXWBpt7J6vdPOErf6NwtoKiMLA2lvqW9Y.png', 'doc_pend_jalur_masuk_Maulidia_20240623_105930.jpg', 'berkas/WbNq0Q0lgP4ki4jQNbfWvsxQhOGA4smHAbFwQ0DU.jpg', '2024-06-23 03:59:29', '2024-06-23 03:59:30'),
(135, 141, 'ijazah_skl_NADIYATUL HASANAH_20240623_183551.jpg', 'berkas/r6t98bwV3LTgr3ScjNeJPQRZb0JKPT5R1ybhQuzi.jpg', NULL, NULL, 'kk_NADIYATUL HASANAH_20240623_183551.jpg', 'berkas/iYTb4yYW2Z9aJuN6IooBe2GsGB9MEuyc9oxrrsub.jpg', 'ktp_NADIYATUL HASANAH_20240623_183551.jpg', 'berkas/vcSWMDMzHkfvQKjlVe43elOZVRZ4PzWkxvUpt4BV.jpg', 'akta_NADIYATUL HASANAH_20240623_183552.jpg', 'berkas/toOj9NzkhRSqKXDB9iQmcFriClMsOggaMfI1Cqb5.jpg', 'pas_foto_NADIYATUL HASANAH_20240623_183551.jpg', 'berkas/k6ZZxNnODnjqlKojTVlxZ47HPLTmaYzkSKwq9N8S.jpg', 'doc_pend_jalur_masuk_NADIYATUL HASANAH_20240623_183552.jpg', 'berkas/fiqKmWJQdPBDB9bWFv9jTy9GEKm5ykg9Gd8PI2QW.jpg', '2024-06-23 11:35:51', '2024-06-23 11:35:52'),
(136, 142, 'ijazah_skl_Kiswatul Rohma_20240623_191421.jpg', 'berkas/Hq5jbiJN0zzZnQZIFPJzz7SzIbNYFN7GYNMDIAa5.jpg', NULL, NULL, 'kk_Kiswatul Rohma_20240623_191421.jpg', 'berkas/n3KG773t5MX0OaYLUt6hcVGABIUDlYnNwNYWmPEY.jpg', 'ktp_Kiswatul Rohma_20240623_191421.jpg', 'berkas/29CNYO3APTEY1Uw5zcuDTb8w8YgB0wAgGTuegmil.jpg', 'akta_Kiswatul Rohma_20240623_191421.jpg', 'berkas/leEsM6uJudJTsPSWElkeT6uAeRjGYWiJ1aaVJm0x.jpg', 'pas_foto_Kiswatul Rohma_20240623_191421.jpg', 'berkas/VnI0Ojs0dQnhHX1ps48XtwIUAHmt5HWhV6VXLu7i.jpg', 'doc_pend_jalur_masuk_Kiswatul Rohma_20240623_191421.jpg', 'berkas/mKUtMPgMyuICmj5AQObuJ2Aw717uzzCcXkNcPrxk.jpg', '2024-06-23 12:14:21', '2024-06-23 12:14:21'),
(137, 143, 'ijazah_skl_Asmaul Husna_20240623_191717.JPG', 'berkas/GoF4vlIGWeKmixggGGht9ElOxIIk0BVaq6SaJLZh.jpg', NULL, NULL, 'kk_Asmaul Husna_20240623_191717.jpeg', 'berkas/lhsb16ezuQoastDVBlEpMh0JsN3WquMf4ySjMjgB.jpg', 'ktp_Asmaul Husna_20240623_191717.JPG', 'berkas/b8plNHTaeDjvFtsWO1FAzNAHmTC7OmAiLBdRk0Ww.jpg', 'akta_Asmaul Husna_20240623_191717.jpeg', 'berkas/dGlEYMtoUIyIalReqTR89QDNhvppmSvgukjJ2Jsz.jpg', 'pas_foto_Asmaul Husna_20240623_191717.jpeg', 'berkas/PuEwc22R35w8zHouE1W0GQC0q6ay92ZYTKiVvLj1.jpg', 'doc_pend_jalur_masuk_Asmaul Husna_20240623_191717.JPG', 'berkas/znJasP8ccXziLjFzkSjrTI6UTzEYB3fChqQCH5tq.jpg', '2024-06-23 12:17:17', '2024-06-23 12:17:18'),
(139, 145, 'ijazah_skl_Moh syukron_20240623_211639.jpg', 'berkas/F1Q3o2ZMgWEl0PKDXbbIC9EOPGGXjbmWmaccxMtg.jpg', NULL, NULL, 'kk_Moh syukron_20240623_211639.jpg', 'berkas/arqsLnCLSSE7Kt7iXwXN2K5mRFMlEtwVSZxXW911.jpg', 'ktp_Moh syukron_20240623_211639.jpg', 'berkas/FqlYr6JJiddlokF5DHe784dnPA7vpF3buMCJf9eE.jpg', 'akta_Moh syukron_20240623_211639.jpg', 'berkas/1h3JosCD1aPmQbIBjBsDVZcOdg1oblRPMcXoU376.jpg', 'pas_foto_Moh syukron_20240623_211639.jpg', 'berkas/YLubhDnK3RX8oaRWIcib54fHez3sd0BlPOrAX174.jpg', 'doc_pend_jalur_masuk_Moh syukron_20240623_211639.jpg', 'berkas/q0XV7VGPCAwfVhWmzicuZV2602UqFEqtyYmfdqL6.jpg', '2024-06-23 14:16:39', '2024-06-23 14:16:39'),
(140, 146, 'ijazah_skl_Adinda Dwi Rizca Bella_20240624_124328.jpg', 'berkas/hNMX32GCGBTl6t0HAQi95pn5VkeZpOQ35752sNtF.jpg', NULL, NULL, 'kk_Adinda Dwi Rizca Bella_20240624_124328.jpg', 'berkas/cPs5WGgbKle1SSrM4CVSdU1n4YzKO3LqL0UyQtlF.jpg', 'ktp_Adinda Dwi Rizca Bella_20240624_124328.jpg', 'berkas/cL29hiZefRZYImE8w6zB92hR3Ekjxo5lUNbJnW8g.jpg', 'akta_Adinda Dwi Rizca Bella_20240624_124329.jpg', 'berkas/yFCsKDG2vL6mO8Gr8kA9Z83RLLel2Bbw2yk05Qli.jpg', 'pas_foto_Adinda Dwi Rizca Bella_20240624_124328.jpg', 'berkas/flTjxQ6mxoBDE1Bltvfq7f9eSDSaJtATETAtmHu7.jpg', 'doc_pend_jalur_masuk_Adinda Dwi Rizca Bella_20240624_124329.pdf', 'berkas/6kjdUZpKet0wqBy7Hls2PzyQ4yXe0YGxJC4X5EBy.pdf', '2024-06-24 05:43:28', '2024-06-24 05:43:29'),
(141, 147, 'ijazah_skl_Rachel Agustiana_20240624_130949.pdf', 'berkas/0UaaQZsNQeT3GpTaWLUQ5u6HdKpHxcpxdGwazO7j.pdf', NULL, NULL, 'kk_Rachel Agustiana_20240624_130949.pdf', 'berkas/1WSd1YBo2ns0KAdgRa7GdwmuBNraTiNlrjHd7kTS.pdf', 'ktp_Rachel Agustiana_20240624_130949.jpg', 'berkas/hdRfBsNC7cW7k2NZu33uu3WF1eZ2Anj4dw8YgyDX.jpg', 'akta_Rachel Agustiana_20240624_130949.pdf', 'berkas/il42nejsCjEAF0CXpLw8lyjxOL27QhSc2w0c1jkH.pdf', 'pas_foto_Rachel Agustiana_20240624_130949.jpg', 'berkas/qJ7fKmEANLzYpkWlywR3aIstW41irGZQ949VOMRZ.jpg', NULL, NULL, '2024-06-24 06:09:49', '2024-06-24 06:09:49'),
(142, 148, 'ijazah_skl_FITRIA_20240625_075404.jpeg', 'berkas/yfpYmAwbO9fO3QtlpiHsALo3vVSrCytGpqgqBqx8.jpg', NULL, NULL, 'kk_FITRIA_20240625_075404.jpeg', 'berkas/Ywdi3b3tzY7J1MqgQD7HamTK7YcYtvzSWJGEhXsw.jpg', 'ktp_FITRIA_20240625_075404.jpeg', 'berkas/TOWUEPTCDtMx5rjn1nOWcF2fqGgWk7Jz8hjC2GPX.jpg', 'akta_FITRIA_20240625_075404.jpeg', 'berkas/bTERMtaGfZ49maNsLpU7ZbBPN12T1UnEUW3JnCyX.jpg', 'pas_foto_FITRIA_20240625_075404.jpeg', 'berkas/8I8pkiK97KZD0OsjRpeDfITlL8H7nPhnZnrcf45o.jpg', NULL, NULL, '2024-06-25 00:54:04', '2024-06-25 00:54:04'),
(143, 149, 'ijazah_skl_ARINATIL MUTA\'ALLIMAH_20240625_103332.pdf', 'berkas/GPwqQtuheADtkZapol5jc71ovsVeb2MD3j9cZxEz.pdf', NULL, NULL, 'kk_ARINATIL MUTA\'ALLIMAH_20240625_103332.pdf', 'berkas/PcSm5p3kzqWK3GCF5JK46eMgDuVZO49NUaYnPGe1.pdf', 'ktp_ARINATIL MUTA\'ALLIMAH_20240625_103332.pdf', 'berkas/j8jv6WrvLYXzXMzsA1mW8CKHy7oHCXFy8YMMpiuX.pdf', 'akta_ARINATIL MUTA\'ALLIMAH_20240625_103332.pdf', 'berkas/ON37MGQ9nACUirHjwmDQQggJimiKDU8HHmZDB7BT.pdf', 'pas_foto_ARINATIL MUTA\'ALLIMAH_20240625_103332.jpeg', 'berkas/1DmsQnlfVGJB4FAYs9iuHeXYtCVsKC5heqNnTNco.jpg', 'doc_pend_jalur_masuk_ARINATIL MUTA\'ALLIMAH_20240625_103332.pdf', 'berkas/mGu0iLLqdxoeMbneNY5CeWIm0KmV75PJbvMAXEmd.pdf', '2024-06-25 03:33:32', '2024-06-25 03:33:32'),
(144, 150, 'ijazah_skl_SILFIYA_20240625_125222.jpeg', 'berkas/NbeZfQdj8SAj1BvKh3GXcuVtQDpxbiunkiDdwtiR.jpg', NULL, NULL, 'kk_SILFIYA_20240625_125222.jpeg', 'berkas/bhBVDxhuKnovUDyV1DraZ1oQWcIPXD2YH2EB1rgI.jpg', 'ktp_SILFIYA_20240625_125222.jpeg', 'berkas/Ayg8in0gVbu13GhtCcgW2URsDRAf0fO58CayGFDY.jpg', 'akta_SILFIYA_20240625_125222.jpeg', 'berkas/knVmezhV52zF7iGDeJ1X593ltCjMa7QwDaDzPMfW.jpg', 'pas_foto_SILFIYA_20240625_125222.jpeg', 'berkas/gXGeSUw2tdGhl3KZI1pEhBeEAdSOYZNhdI6SM2CC.jpg', 'doc_pend_jalur_masuk_SILFIYA_20240625_125222.jpeg', 'berkas/az4YXopKv533DAqcSYnFjsfMxgwEfKm4BFmvHFYQ.jpg', '2024-06-25 05:52:22', '2024-06-25 05:52:22'),
(145, 151, 'ijazah_skl_FARID WINATA_20240625_141253.jpg', 'berkas/uRvP0AJbvG5YiGw3nxpccUK5VqQsCG2sUd3PONhC.jpg', NULL, NULL, 'kk_FARID WINATA_20240625_141253.jpg', 'berkas/2BSzwbfpN1wjAvAlEPXeWlA3g4lkoD9qDDpb0UkK.jpg', 'ktp_FARID WINATA_20240625_141253.jpg', 'berkas/lOrcHHGmOawSFN0sNaXSFwsKGPPpmXnU8zd96eXF.jpg', 'akta_FARID WINATA_20240625_141253.jpg', 'berkas/7cZEZfXyCUqUcfOdLsbje6jqX54l5ovZkuBKeooZ.jpg', 'pas_foto_FARID WINATA_20240625_141253.jpg', 'berkas/2Ju1XDIp2G2mOa5oSYrydTvyIe7XnOay2YJkBtjZ.jpg', NULL, NULL, '2024-06-25 07:12:53', '2024-06-25 07:12:53'),
(146, 152, 'ijazah_skl_Kurmatul umami_20240625_153420.jpg', 'berkas/ZrDW0egf4r9DMgEUhWo1rU5fM0lZGZIzgiU9a2kM.jpg', NULL, NULL, 'kk_Kurmatul umami_20240625_153420.jpg', 'berkas/vyaX5jZveet770yfHxGzd2hdciI0zXiMocyvoVgP.jpg', 'ktp_Kurmatul umami_20240625_153420.jpg', 'berkas/2vBlJUVs12FYsdEZYptmf9yOEUdDUPteynAXInLB.jpg', 'akta_Kurmatul umami_20240625_153420.jpg', 'berkas/LU9hnqPGEtgmiiXc9vsKWjnNASi0jTNjUCq4esxt.jpg', 'pas_foto_Kurmatul umami_20240625_153420.jpg', 'berkas/jCJUcKuuL4XjSBHlMBCFWA2OWkljnf4dbpt8txXm.jpg', 'doc_pend_jalur_masuk_Kurmatul umami_20240625_153420.pdf', 'berkas/D0EwXZYyBShHaI3YHklkF5VycTM0k90ts3tMPwGG.pdf', '2024-06-25 08:34:20', '2024-06-25 08:34:20'),
(147, 153, 'ijazah_skl_sonia contesa_20240626_123041.jpg', 'berkas/Bp17NcfnBmAI1n4A9Y66svPaD1TW9btLmpr7iZTW.jpg', NULL, NULL, 'kk_sonia contesa_20240626_123041.jpg', 'berkas/rTSlVoDdz32Caot0qQ2QmO7Knj7DLKGqi6xRo7wf.jpg', 'ktp_sonia contesa_20240626_123041.jpg', 'berkas/xrIiqLyal3Y9jrrXU60lTXXAsWrYNS5yf1tyXe80.jpg', 'akta_sonia contesa_20240626_123041.jpg', 'berkas/72M7slLRTfZSPIDxBqmYOhEDas2oHOPtKOPNLONx.jpg', 'pas_foto_sonia contesa_20240626_123041.jpg', 'berkas/Q5DkTFkbO4xjq0YmZJFGfyVJqvDdGZuEcEbJEtkA.jpg', NULL, NULL, '2024-06-26 05:30:41', '2024-06-26 05:30:41'),
(148, 154, 'ijazah_skl_Siti aisyah_20240626_123532.jpg', 'berkas/nZIeF8PnKVmphyj40EemwWXHWWyKPXmkmzI5wX3D.jpg', NULL, NULL, 'kk_Siti aisyah_20240626_123533.jpg', 'berkas/3BMdxSI2GWpsR9QOdSNdzDGyUbGHS12H8m1KeSur.jpg', 'ktp_Siti aisyah_20240626_123533.jpg', 'berkas/rjUd8VkTDpWlm5B61SwZXXKJ9RoLTt7hUyoxewMh.jpg', 'akta_Siti aisyah_20240626_123533.jpg', 'berkas/3S936TIOIpww0CFXg0vq4cdp9eylqDhqOfd7V0CC.jpg', 'pas_foto_Siti aisyah_20240626_123532.jpg', 'berkas/Hq9EPfHx7NKdjNQBhCvn7do4ozj2DGAMXtsED42Z.jpg', NULL, NULL, '2024-06-26 05:35:32', '2024-06-26 05:35:33'),
(150, 156, 'ijazah_skl_WIKAYATUL FARADILA_20240627_053240.jpg', 'berkas/3JZIpAC7w1MC0YQIUlypDcTzr2iLgMMlmiUVgMP1.jpg', NULL, NULL, 'kk_WIKAYATUL FARADILA_20240627_053240.jpg', 'berkas/S6UVsqaFX8FHzGJI44cocPUS14RAEkuI2u9468Hz.jpg', 'ktp_WIKAYATUL FARADILA_20240627_053240.jpg', 'berkas/IfwKfVLXtbNczsxmoXyNWL45u5MUIK16VeyMZVN7.jpg', 'akta_WIKAYATUL FARADILA_20240627_053240.jpg', 'berkas/6hBewApjmwacWmMC2IbAcy0by8foOqtNRvrBNByR.jpg', 'pas_foto_WIKAYATUL FARADILA_20240627_053240.jpg', 'berkas/kBf5HvE9nlTKmJoL57JoQZ1gbEX3jnlm5NovHQPF.jpg', 'doc_pend_jalur_masuk_WIKAYATUL FARADILA_20240627_053240.jpg', 'berkas/3NSrTOLyIDT9fsbJOZ4ifNpRZ6NNgS26Gwa3Mbgr.jpg', '2024-06-26 22:32:40', '2024-06-26 22:32:40'),
(151, 157, 'ijazah_skl_Nuzulah Ramadhani_20240627_085629.jpg', 'berkas/wUV5NUIks6rDcTiRbdI5IA5lOKTtL0taGcU2UycH.jpg', NULL, NULL, 'kk_Nuzulah Ramadhani_20240627_085629.jpg', 'berkas/AXE7WzBlLc2RIC18UxXWYjRtVFPlbRvQMXT7tv8I.jpg', 'ktp_Nuzulah Ramadhani_20240627_085629.jpg', 'berkas/GhTNucE7ks2ZmPJg4BhqjonFCE2ofaY5sPtsbR0H.jpg', 'akta_Nuzulah Ramadhani_20240627_085629.jpg', 'berkas/brKrXxwfAjyMM3jz0C3n8hwjTejNVb2e32bPfCeT.jpg', 'pas_foto_Nuzulah Ramadhani_20240627_085629.jpg', 'berkas/rnpq8pcYf5FlmirSoZnzp4LTJGzeYCD8ycdzVqdX.jpg', 'doc_pend_jalur_masuk_Nuzulah Ramadhani_20240627_085629.jpg', 'berkas/mwQS4pBLzLXHpB1xtxoncQ2yMdjIeyHTFiFzI0uk.jpg', '2024-06-27 01:56:29', '2024-06-27 01:56:29'),
(152, 158, 'ijazah_skl_safitri setiawani_20240627_110815.jpg', 'berkas/GMmqfKAoOt5c00EEn6SIWLU2GlsePwFcIvGeCnzX.jpg', NULL, NULL, 'kk_safitri setiawani_20240627_110815.jpg', 'berkas/uYoI0X2pZ0O23WGP2ifSh2kWMpMvYccpFLAzUH96.jpg', 'ktp_safitri setiawani_20240627_110815.jpg', 'berkas/lx1uIONO7BWGpIR55sJcJPqd5rRtrdG9fkW9wSz8.jpg', 'akta_safitri setiawani_20240627_110815.jpg', 'berkas/2ZSZA4Bc9WfXl6bvWAE8HV7icXiOU7nTqbsXisO6.jpg', 'pas_foto_safitri setiawani_20240627_110815.jpg', 'berkas/2YhODhPHAA2tAkzbRGmWRE7Nutjvme1dmCXadUt9.jpg', 'doc_pend_jalur_masuk_safitri setiawani_20240627_110815.jpg', 'berkas/jPATzoSGWNcV0VUno7Ut1WpiQc8w8rLcYJffKZ1R.jpg', '2024-06-27 04:08:15', '2024-06-27 04:08:15'),
(153, 159, 'ijazah_skl_FEBRIAN IBRAHIMOVIQ_20240627_184541.jpg', 'berkas/nJGpZX5XLixlnbTIf4d1wWKplAIX14yZeWQXvPOx.jpg', NULL, NULL, 'kk_FEBRIAN IBRAHIMOVIQ_20240627_184541.jpg', 'berkas/9uKpxOYTLdEpmezdXBaetNGoimAi2ECEKfx3VWhb.jpg', 'ktp_FEBRIAN IBRAHIMOVIQ_20240627_184541.jpg', 'berkas/REjgEdTM78t48Fsfb7TQKCskju8BltPWgF0KcysM.jpg', 'akta_FEBRIAN IBRAHIMOVIQ_20240627_184542.jpg', 'berkas/lHOYoTyJhDGFZXWmmfL0MnqR9n5qhGd9PRHxxSNr.jpg', 'pas_foto_FEBRIAN IBRAHIMOVIQ_20240627_184541.jpg', 'berkas/G7dCiwxXDrkhTjrb1qzL2qoKV3skp29qaIWlsINJ.jpg', 'doc_pend_jalur_masuk_FEBRIAN IBRAHIMOVIQ_20240627_184542.jpg', 'berkas/6kHrk8s7BZ3Wwwu6grNnb4rhKrGJUGE2EV2PIERI.jpg', '2024-06-27 11:45:41', '2024-06-27 11:45:42'),
(155, 161, 'ijazah_skl_RAUDHOTUL JANNAH_20240627_205825.jpg', 'berkas/lKBykhvbjLFaFldfcm3PDX0q2GJQlW9nFYVxdKTI.jpg', NULL, NULL, 'kk_RAUDHOTUL JANNAH_20240627_205825.jpg', 'berkas/qGRhHdLdkiqOpXK8zYII0i20xrJQYed2SwCbdvCe.jpg', 'ktp_RAUDHOTUL JANNAH_20240627_205825.jpg', 'berkas/B4hcvnC4NSryZThB93Cs0RPMLw83RBXTAgT8EEIP.jpg', 'akta_RAUDHOTUL JANNAH_20240627_205825.jpg', 'berkas/lXjYqTThcTt0OAUq5XrJXpB5Sr1bkPnZhveFCZjw.jpg', 'pas_foto_RAUDHOTUL JANNAH_20240627_205825.jpg', 'berkas/PKqmPRvf290tDpaBl9KdCrXuxaVsUqfkHR02jgMm.jpg', 'doc_pend_jalur_masuk_RAUDHOTUL JANNAH_20240627_205825.jpg', 'berkas/JhhEyxqNbDhGwx8Di2rw4EFQZppla8V33yq3FOKE.jpg', '2024-06-27 13:58:25', '2024-06-27 13:58:25'),
(156, 162, 'ijazah_skl_WARDAH_20240627_205853.pdf', 'berkas/DT3nwtD75U7KzlcoiIUo6vcvXzfTZFEm3Wa7tdxO.pdf', NULL, NULL, 'kk_WARDAH_20240627_205853.pdf', 'berkas/fpr8IFha66pjaSmsVyJaxoI42FvmXprQ2wO5wThY.pdf', 'ktp_WARDAH_20240627_205853.pdf', 'berkas/Upoz1YLgA6Fy2mfbKAHDxKY8yEHlmZfoXWgy0shr.pdf', 'akta_WARDAH_20240627_205853.pdf', 'berkas/LvYb0eoUp8QbFrRRFABYzFBoAHcQbnic8fnyZhHw.pdf', 'pas_foto_WARDAH_20240627_205853.jpg', 'berkas/FXroWvcdvwTOcWOhKSCluWlixjEO0OQt148wctTj.jpg', 'doc_pend_jalur_masuk_WARDAH_20240627_205853.pdf', 'berkas/HQHbBV6L9KbmOAiombRz3N1bYecPnINLQzmJRG8t.pdf', '2024-06-27 13:58:53', '2024-06-27 13:58:53'),
(160, 166, 'ijazah_skl_RIA RISKA_20240627_223643.jpg', 'berkas/0f10plI3JgjSKNKIelczaTjaTM03Y84RXI1QTZj6.jpg', NULL, NULL, 'kk_RIA RISKA_20240627_223643.jpg', 'berkas/DeUZmUI94uI6UVj7V7RvYpttGJuLp2cBk150r6F5.jpg', 'ktp_RIA RISKA_20240627_223643.jpg', 'berkas/NgESRqhxXRj9z9rSdX85LB5XOt4bsTDBK28k9m6u.jpg', 'akta_RIA RISKA_20240627_223643.jpg', 'berkas/fxXhU4ffZ7FFmVIYRgQDjx2SFXkjDkHvipeyBcv5.jpg', 'pas_foto_RIA RISKA_20240627_223643.jpg', 'berkas/JpScMR18fIyD57EjnywFQAmrrguB1byO1FD9LjTv.jpg', NULL, NULL, '2024-06-27 15:36:43', '2024-06-27 15:36:43'),
(162, 168, 'ijazah_skl_Daneal Suddud Zarai_20240628_113535.pdf', 'berkas/znB5asZQ79w9X63wKRXTfu0AOnEGZ6hh1NzAnkrg.pdf', NULL, NULL, 'kk_Daneal Suddud Zarai_20240628_113535.pdf', 'berkas/RQJF7pofw1mPNDBT6ZencB9T3bU1phmD9UXNSe34.pdf', 'ktp_Daneal Suddud Zarai_20240628_113535.jpg', 'berkas/lJTikCViUCz24itfd1GTlVDywO0VYp5RnT8IgytR.jpg', 'akta_Daneal Suddud Zarai_20240628_113535.pdf', 'berkas/CVamSv9VV3vUDrYFR5swfwIIsIa5P4sWjRX76m2n.pdf', 'pas_foto_Daneal Suddud Zarai_20240628_113535.JPG', 'berkas/ksES1gFpvEEeHFhgTCjPc5oIZ98ijXoW2LZODyXZ.jpg', 'doc_pend_jalur_masuk_Daneal Suddud Zarai_20240628_113535.pdf', 'berkas/F8hr8coZvq3pX5mt9lhztsD6HD6wgCOTi7XGu5DW.pdf', '2024-06-28 04:35:35', '2024-06-28 04:35:35'),
(163, 169, 'ijazah_skl_Moh Sukri_20240628_153036.jpg', 'berkas/3VFuAeeDcULi5Jv9kbGE5CKYifpCQ68oAAjueDLj.jpg', NULL, NULL, 'kk_Moh Sukri_20240628_153036.jpg', 'berkas/WLm1VrDpn4cNntQeRZvoRnhr9gtNPpeWZ3ZLCPdd.jpg', 'ktp_Moh Sukri_20240628_153036.jpg', 'berkas/S1aKwfVY67lOtkDFDqI41HpegXqrCRvQMHlMXwdy.jpg', 'akta_Moh Sukri_20240628_153036.jpg', 'berkas/y3hHJktH5VJTo56U0lB4DSZEdhTyu4tztqUDtNTS.jpg', 'pas_foto_Moh Sukri_20240628_153036.jpg', 'berkas/Ty9XrPHO68GNXQRXaAJXas7gPzldJuxCQAB1cva1.jpg', 'doc_pend_jalur_masuk_Moh Sukri_20240628_153036.jpg', 'berkas/YnTpsEfl6uiCCRPvf3cMda2NDRS0NBdvKSPNcjLs.jpg', '2024-06-28 08:30:36', '2024-06-28 08:30:36'),
(165, 171, 'ijazah_skl_Rana Dwi Arafah_20240629_110713.jpg', 'berkas/uNk5fBbU6YDYI8VbpbBnyu0GYF4Z5MXJNTWgv3d2.jpg', NULL, NULL, 'kk_Rana Dwi Arafah_20240629_110713.jpg', 'berkas/H7ximMLphrmd0EfJJjt3jJuvkm1DqzjqbiOIqbFx.jpg', 'ktp_Rana Dwi Arafah_20240629_110713.jpg', 'berkas/qvfA7rpZu8qKA0GqlB9cgYMioZGQzWggHi0cGfTP.jpg', 'akta_Rana Dwi Arafah_20240629_110713.jpg', 'berkas/vcQFewifho43oiVKxejPAqhGfFrycpCB8QvnClwO.jpg', 'pas_foto_Rana Dwi Arafah_20240629_110713.jpg', 'berkas/mDC5sglxm2Xt2z9xVm0roWro8dUneg4U4fsrB8pc.jpg', 'doc_pend_jalur_masuk_Rana Dwi Arafah_20240629_110713.jpg', 'berkas/s6DrQxopmVJZsKGkkqGDmsfVRWBL3Blp0yDeqhBp.jpg', '2024-06-29 04:07:13', '2024-06-29 04:07:13'),
(166, 172, 'ijazah_skl_NAHRISYA PRITA AGUSTIN_20240629_113137.pdf', 'berkas/iUqdpz56dDaYyF4FzU17EJWT0Um6hqTk3pHC2u6m.pdf', NULL, NULL, 'kk_NAHRISYA PRITA AGUSTIN_20240629_113137.', 'berkas/kkaey4BlQXdmSJdnvaWxgr8HhL6XC4I8DEbKTLRm.jpg', 'ktp_NAHRISYA PRITA AGUSTIN_20240629_113137.pdf', 'berkas/UIYhw5a0DHBNyaf6bZJbFmZnOWI7JNHLGvIJr5Ek.pdf', 'akta_NAHRISYA PRITA AGUSTIN_20240629_113137.pdf', 'berkas/hDT3VyNtSGJPWb4VxrdYe5ZoAYUUTq2nCE8IXm0C.pdf', 'pas_foto_NAHRISYA PRITA AGUSTIN_20240629_113137.jpeg', 'berkas/OAjqsPTWonRIKarL3ZOSmPU5C09eaOTm2c4F0x2n.jpg', 'doc_pend_jalur_masuk_NAHRISYA PRITA AGUSTIN_20240629_113137.pdf', 'berkas/bR2iHpCjjyRnxRfx32zQo1vhpkOsK1iPXdId86Su.pdf', '2024-06-29 04:31:37', '2024-06-29 04:31:37'),
(169, 175, 'ijazah_skl_M. Hasbi_20240629_135156.jpg', 'berkas/S0P33KCvid6GGK8dyapqg0gtQ3ZuUvwRuIcvAjXa.jpg', NULL, NULL, 'kk_M. Hasbi_20240629_135156.jpg', 'berkas/kWyhQedapz06e5sbvRnatUAWvqGmUPIxgoXLuVNw.jpg', 'ktp_M. Hasbi_20240629_135156.jpg', 'berkas/kfw1L0xtQX4sBoVfsf3Lnr4p723jnRsOlnZS4cCI.jpg', 'akta_M. Hasbi_20240629_135156.jpg', 'berkas/ZujSyjCIIS7l4tPThBZFTzRClPOePzAIuJ5thGKl.jpg', 'pas_foto_M. Hasbi_20240629_135156.jpg', 'berkas/ZMIItAiNSioI3P1ZvgmL82eSQglr2Jd9Npqzv5HB.jpg', 'doc_pend_jalur_masuk_M. Hasbi_20240629_135156.jpg', 'berkas/7iBRkw3wgxWaHzt6AGP8yoNRnGZJhddofojZHSRi.jpg', '2024-06-29 06:51:56', '2024-06-29 06:51:56'),
(170, 176, 'ijazah_skl_Uwais al qorni_20240629_210425.jpg', 'berkas/cw88uMCKwEf5I3KNnChDXUaYEV4bCFBBhIKrerJm.jpg', NULL, NULL, 'kk_Uwais al qorni_20240629_210425.jpg', 'berkas/4Sj6I1HDLVagbd9LY8QWycauE7kHM8UnjmWwy1x3.jpg', 'ktp_Uwais al qorni_20240629_210425.jpg', 'berkas/sYXq1tTKyetzSeh5cxYZis7hNGbKtMjusMn8xL2Z.jpg', 'akta_Uwais al qorni_20240629_210425.jpg', 'berkas/Bq2cJQW7hPQvGr5Uv7ghUu1uLl2TP1tg58fh4ICM.jpg', 'pas_foto_Uwais al qorni_20240629_210425.jpg', 'berkas/0XcvNU63tI1cEcFPj9MXtgZKcOihKkJ52MeB4NPj.jpg', 'doc_pend_jalur_masuk_Uwais al qorni_20240629_210425.jpg', 'berkas/QBzjT2y13Y1YJ5zZ2i4xSnRM5IE9mppd7nL1iDo4.jpg', '2024-06-29 14:04:25', '2024-06-29 14:04:25'),
(171, 177, 'ijazah_skl_FIDIYAN LIZA ANDARU_20240630_113922.pdf', 'berkas/3lyfv1tj9WyQk5gMVQ6km8JllyEZCX9fP0eIgWMW.pdf', NULL, NULL, 'kk_FIDIYAN LIZA ANDARU_20240630_113922.pdf', 'berkas/QHsnjHYULF9IM6kEC4Yj1knMUb8EtfouKyTdBeDb.pdf', 'ktp_FIDIYAN LIZA ANDARU_20240630_113922.pdf', 'berkas/X1Zm6HNelfIW3fbTm2t9HjBO0Ts0T1DjuTT5Kesz.pdf', 'akta_FIDIYAN LIZA ANDARU_20240630_113922.jpg', 'berkas/L25dZjqtfgkKvBZyepIohXAYqpiSHhURKbGSlmlk.jpg', 'pas_foto_FIDIYAN LIZA ANDARU_20240630_113922.jpg', 'berkas/bpL9ydMfAUWUHLMako36pRdCy7wxDTc9ePxkdpEG.jpg', NULL, NULL, '2024-06-30 04:39:22', '2024-06-30 04:39:22'),
(173, 179, 'ijazah_skl_SYARIFAH LAILI ANGGRAINI_20240701_094658.jpg', 'berkas/uwKuA15CXzFddXsNqBJrrTAi7Fynfrrzc7IBp3un.jpg', NULL, NULL, 'kk_SYARIFAH LAILI ANGGRAINI_20240701_094658.pdf', 'berkas/2v0qWqrnegNaNfEv9kB389U664OCCqtCKXSiv9Me.pdf', 'ktp_SYARIFAH LAILI ANGGRAINI_20240701_094658.jpg', 'berkas/f6sJaed7LivV6MQCJm2xaQc8aB24JPKrs6RmcVj7.jpg', 'akta_SYARIFAH LAILI ANGGRAINI_20240701_094658.pdf', 'berkas/kpxUziSJxN9jnCrdsu7075Vb9CsEl8wjCYhLpsp5.pdf', 'pas_foto_SYARIFAH LAILI ANGGRAINI_20240701_094658.jpg', 'berkas/8EmuFclqm1rIGpOWvU2h17kn9LoXmPE3b0fQiez8.jpg', NULL, NULL, '2024-07-01 02:46:58', '2024-07-01 02:46:58'),
(174, 180, 'ijazah_skl_ISWATUS SHOLEHA_20240701_095533.jpg', 'berkas/O6nLaYJNsomBJHYmajfgINZqfTbjxv7hhPIwMm5X.jpg', NULL, NULL, 'kk_ISWATUS SHOLEHA_20240701_095533.jpg', 'berkas/fHATkjQN7WUCEtd0DBMmzMBekHNY9dvE5gYIUwHw.jpg', 'ktp_ISWATUS SHOLEHA_20240701_095533.jpg', 'berkas/Z5HdPa28ssRfZwNKrvZ5rQNVuML42fCmS6FmUeY5.jpg', 'akta_ISWATUS SHOLEHA_20240701_095533.jpg', 'berkas/OsOjXlhlrbvmWKSKoC4xEXp0T570jgDEqey60HxN.jpg', 'pas_foto_ISWATUS SHOLEHA_20240701_095533.jpg', 'berkas/TmoSudyNP8zuVx8tJTO29X0KbgKWmX1PSZAHh5pZ.jpg', NULL, NULL, '2024-07-01 02:55:33', '2024-07-01 02:55:33'),
(175, 181, 'ijazah_skl_AISYATUR RIDHO NAVILA EKA PUTRI_20240701_100850.jpg', 'berkas/DKMrKuGyvw31VLnZJlERh3Cm06bGqjmhmiL2sqgk.jpg', NULL, NULL, 'kk_AISYATUR RIDHO NAVILA EKA PUTRI_20240701_100850.jpg', 'berkas/5P6SIFm0r0llnrbaDdYvxAkJhgtBvwPTcJPRd1ae.jpg', 'ktp_AISYATUR RIDHO NAVILA EKA PUTRI_20240701_100851.jpg', 'berkas/np09W6ANqwSRCaIbqoSH7zVjcb69sSnRZnG6BCj8.jpg', 'akta_AISYATUR RIDHO NAVILA EKA PUTRI_20240701_100851.jpg', 'berkas/as9dWLZAxQnNZRFbaFMwV2Jo8XNN2pa2bWAe8v38.jpg', 'pas_foto_AISYATUR RIDHO NAVILA EKA PUTRI_20240701_100850.jpg', 'berkas/zoIb1y8gjHlW95CBGs8sXkQ3LPixwGM5yK2qhNvm.jpg', NULL, NULL, '2024-07-01 03:08:50', '2024-07-01 03:08:51'),
(176, 182, 'ijazah_skl_ULFATUL ULYA_20240701_104020.jpg', 'berkas/EBqMuey1Gv7MZQNhbTN8FVx4TJ4vWoBGF8W42xOu.jpg', NULL, NULL, 'kk_ULFATUL ULYA_20240701_104020.jpg', 'berkas/Bgz6ppX70agw4Uor4VVgIVS1fqj9N8htBu5qs7qO.jpg', 'ktp_ULFATUL ULYA_20240701_104020.jpg', 'berkas/6qtrlFQClfeldZhEtiVgERNTrC8rswdDF2mALvr5.jpg', 'akta_ULFATUL ULYA_20240701_104020.jpg', 'berkas/yL6QYeZRZxuUa1hzFKmHtZcBYx9biWLmnyC4otcQ.jpg', 'pas_foto_ULFATUL ULYA_20240701_104020.jpg', 'berkas/I688ydGHPASwhGL5RDgka5C3mRUDN2VBXG1CeQHS.jpg', 'doc_pend_jalur_masuk_ULFATUL ULYA_20240701_104020.jpeg', 'berkas/nUExyy1MkW4H2nAzVzYgJBvnyIkfcipHVEb1OF0w.jpg', '2024-07-01 03:40:20', '2024-07-01 03:40:20'),
(177, 183, 'ijazah_skl_Sulaiman_20240701_213457.jpg', 'berkas/E1MCrxgIvCsyoEA9NAhDSsE4vrHYKU4ZtF5Gw57s.jpg', NULL, NULL, 'kk_Sulaiman_20240701_213457.jpg', 'berkas/JrYaleVwOFEkR9Fc2Ttp2kBnNVF44YbcJmM5gexp.jpg', 'ktp_Sulaiman_20240701_213457.jpg', 'berkas/WSPbXyWGV8h9dren5JJzhtPlrhSxSgpp96I1XDUt.jpg', 'akta_Sulaiman_20240701_213457.jpg', 'berkas/ikxusParWcG5QWZIlCiCnAYnjmSAEQIXBszkuxrS.jpg', 'pas_foto_Sulaiman_20240701_213457.jpg', 'berkas/Ct8fgm7Yeagfa3YFnYtDViHvwnXLwUZP8bdrimHb.jpg', NULL, NULL, '2024-07-01 14:34:57', '2024-07-01 14:34:57'),
(178, 184, 'ijazah_skl_Nasrulloh_20240701_214313.jpg', 'berkas/2dyhDlOuNSk6FJJyeKrYe1ixctLbpfe29wbmrxC5.jpg', NULL, NULL, 'kk_Nasrulloh_20240701_214313.jpg', 'berkas/3GqMRW1uwLUxe4cLl4cRzwGxdCCoGhvE30DmtE6r.jpg', 'ktp_Nasrulloh_20240701_214313.jpg', 'berkas/He3BH6Gr3gcjmaxly98Ax4g7c3P7FlOQmCIcIn4T.jpg', 'akta_Nasrulloh_20240701_214313.jpg', 'berkas/XFtFVph65zEQlWMeZ7NqpyOZeODIxep9TZKfcJNN.jpg', 'pas_foto_Nasrulloh_20240701_214313.jpg', 'berkas/7M4ZwdhSJT6niVtCOcUdwZEpVErdJcEEiKaFIAE4.jpg', 'doc_pend_jalur_masuk_Nasrulloh_20240701_214313.jpg', 'berkas/EKAZwocf3agNhzohwCa12VrrLBNhLOTXWSMVC7WL.jpg', '2024-07-01 14:43:13', '2024-07-01 14:43:13'),
(180, 186, 'ijazah_skl_QURROTUL UYUN_20240703_122704.pdf', 'berkas/NgrYrY0kjt1FFIO0X4U2OmqrD5N810osuzcUD9Do.pdf', NULL, NULL, 'kk_QURROTUL UYUN_20240703_122704.pdf', 'berkas/VKENwz7Sew0bMefYIBmrb5zzFelewV4SHZJHogyr.pdf', 'ktp_QURROTUL UYUN_20240703_122705.pdf', 'berkas/4nti41Ts2BYQATmfzGTt7xZnnHpE5zIRkgzvBDJM.pdf', 'akta_QURROTUL UYUN_20240703_122705.pdf', 'berkas/1wW4oLZ5FZvIgavU02oOWjkF6mpVFgR2JZZ41UGg.pdf', 'pas_foto_QURROTUL UYUN_20240703_122704.pdf', 'berkas/TQi4e70FUd8i9Hmgeo17BkcHqw1kmpMURgIyJdEz.pdf', NULL, NULL, '2024-07-03 05:27:04', '2024-07-03 05:27:05'),
(184, 190, 'ijazah_skl_Mafula Bilqis Jamil_20240703_150714.jpg', 'berkas/C6WDTNxQulBwBgRW9RWaHyq16jRloTvmm3aIxWlF.jpg', NULL, NULL, 'kk_Mafula Bilqis Jamil_20240703_150714.jpg', 'berkas/STRtq2AAsFwEMbFyawDVsCsUCdxqLuSBJWwfXIll.jpg', 'ktp_Mafula Bilqis Jamil_20240703_150714.jpg', 'berkas/xQQbyhkyxAZhn6rJ1GpdHs5xKpAe2VNZv4cRcbH4.jpg', 'akta_Mafula Bilqis Jamil_20240703_150715.jpg', 'berkas/GAuHOnrBl7czPzAnGRnwsbO8xoRc9ElOfjT4tzmD.jpg', 'pas_foto_Mafula Bilqis Jamil_20240703_150714.jpg', 'berkas/9cob5C9jdL1UqhMd2KreG8z1bC5XXKRpQniZo4wa.jpg', 'doc_pend_jalur_masuk_Mafula Bilqis Jamil_20240703_150715.jpg', 'berkas/Z9Cvs79nEhvtgKIbzXZKrlXbBb7NgI4aht346noN.jpg', '2024-07-03 08:07:14', '2024-07-03 08:07:15'),
(185, 191, 'ijazah_skl_Alfin Hasanah_20240703_173928.pdf', 'berkas/jeNnHgqazQwhgjUtTxsro3rZdZlH4L52GCiFJRBI.pdf', NULL, NULL, 'kk_Alfin Hasanah_20240703_173928.jpg', 'berkas/PJIsPFraNGxGHXuUJ18pFEPz1hNs5cQQ8vlFEE3G.jpg', 'ktp_Alfin Hasanah_20240703_173928.pdf', 'berkas/ULZRrINhtHdIhvBcugLhWq5mVRE2kbc2Q8RD1fFe.pdf', 'akta_Alfin Hasanah_20240703_173928.pdf', 'berkas/RcjnuVbbyJkirJMRQwzKRNPfHmcbTQ5yLJRCVJmV.pdf', 'pas_foto_Alfin Hasanah_20240703_173928.jpg', 'berkas/GITQNyUXCXB2wNjCwzXVlmZ7uNwYOAVM86S5nWSP.jpg', 'doc_pend_jalur_masuk_Alfin Hasanah_20240703_173928.pdf', 'berkas/tJHx4lX5CCDRcbYEppJsRStjlyoIkiYVdQnuXHKh.pdf', '2024-07-03 10:39:28', '2024-07-03 10:39:28');
INSERT INTO `berkas_pendaftars` (`id`, `user_id`, `ijazah_skl`, `ijazah_skl_file`, `skhun`, `skhun_file`, `kk`, `kk_file`, `ktp`, `ktp_file`, `akta`, `akta_file`, `pas_foto`, `pas_foto_file`, `doc_pend_jalur_masuk`, `doc_pend_jalur_masuk_file`, `created_at`, `updated_at`) VALUES
(187, 193, 'ijazah_skl_IRFAN TAMAM WIJAYA_20240704_130644.pdf', 'berkas/3CMT60HbIePZmOB3CyWB62zmSPNwbBUXV0CfVF6S.pdf', NULL, NULL, 'kk_IRFAN TAMAM WIJAYA_20240704_130644.pdf', 'berkas/MHEb6sluaJjWKDNlwB4m2EjkjbSKS4NZKuYXmW4f.pdf', 'ktp_IRFAN TAMAM WIJAYA_20240704_130644.pdf', 'berkas/sgmQmGsQNKo2sIbReAbgiLxr9abIH4yjtLBeeSmB.pdf', 'akta_IRFAN TAMAM WIJAYA_20240704_130644.pdf', 'berkas/kvfyD67SQvYGp71bNLcCnZ7lnvQyqhzAvIuiL3le.pdf', 'pas_foto_IRFAN TAMAM WIJAYA_20240704_130644.jpeg', 'berkas/PudfzDEQ0ZWXXicbeWQ5aCppdI37AHQNdn6z1sI0.jpg', 'doc_pend_jalur_masuk_IRFAN TAMAM WIJAYA_20240704_130644.pdf', 'berkas/hOdL3flxJ7W258qXXg6pUwo5dcS9YFCTYLozjcVE.pdf', '2024-07-04 06:06:44', '2024-07-04 06:06:44'),
(188, 194, 'ijazah_skl_MOH. ROHIB_20240704_191443.jpeg', 'berkas/NYYoXdt3fCW0UFiYBWCj4wg9gFMgB3aGzldkxQ8F.jpg', NULL, NULL, 'kk_MOH. ROHIB_20240704_191443.jpeg', 'berkas/nr549yEDy7TfflDhPewxL4kRbZYLdaXuvQNz0ei3.jpg', 'ktp_MOH. ROHIB_20240704_191443.jpeg', 'berkas/hItf2qgYpBrweopB2oJz2dDN86U2nYjKEOYg1ceA.jpg', 'akta_MOH. ROHIB_20240704_191443.jpeg', 'berkas/QrXSMqkkgO9Ws1Zv2n19DmTtpPvttBliiURttDsv.jpg', 'pas_foto_MOH. ROHIB_20240704_191443.jpeg', 'berkas/jLwT4ZFWu0pZpywOq9qot6cdGA7mk9v6mwzR7bwr.jpg', 'doc_pend_jalur_masuk_MOH. ROHIB_20240704_191443.jpeg', 'berkas/8ND9IYiq72qr9AArSYbTFbx0HcRd5og2UmZS1ag1.jpg', '2024-07-04 12:14:43', '2024-07-04 12:14:43'),
(189, 195, 'ijazah_skl_Dwi Cahyo_20240705_095532.jpg', 'berkas/kWbraDf3TFl5Pi5Q4tAZGQoAqy82GgFddl0vbRKx.jpg', NULL, NULL, 'kk_Dwi Cahyo_20240705_095532.jpg', 'berkas/s2cWzdodP81Mp39OIg47sjNF6hyUHW4cdxS3aRyO.jpg', 'ktp_Dwi Cahyo_20240705_095532.jpg', 'berkas/lcEwuB4olZUjHcm923BOLq4QPhmugSWqbvJmcdqt.jpg', 'akta_Dwi Cahyo_20240705_095532.pdf', 'berkas/vuFZb9kUjFLvX7CelkCBUcQpmPpFdrclsAr8JSMq.pdf', 'pas_foto_Dwi Cahyo_20240705_095532.JPG', 'berkas/OUebsOGPoFQTwST4LtsnKrTvLTeNuhkT66qSrtrg.jpg', 'doc_pend_jalur_masuk_Dwi Cahyo_20240705_095533.jpg', 'berkas/3asccOAJfeVXPM7gEHsqsR7fMudsMgpe3RLMDMIu.jpg', '2024-07-05 02:55:32', '2024-07-05 02:55:33'),
(191, 197, 'ijazah_skl_Maudya aszara putri_20240708_195432.jpg', 'berkas/cB5eS6J9PVATVindSXiFgsLYuVNNp1W4lERHbCd3.jpg', NULL, NULL, 'kk_Maudya aszara putri_20240708_195432.jpg', 'berkas/UOR7xrAlZ1k2BXgq7x0LIQ0WO3l821pvmzVMobRs.jpg', 'ktp_Maudya aszara putri_20240708_195432.jpg', 'berkas/4WZDYI8umuHCOGtfMVQ2hZOnB1vM6E9CNYaGuwjm.jpg', 'akta_Maudya aszara putri_20240708_195432.jpg', 'berkas/IQDBDB1thwHRxhm41RGJePYQBVBvUhn0tnsmD644.jpg', 'pas_foto_Maudya aszara putri_20240708_195432.jpg', 'berkas/NdsBJMo1eaESpmuf9vwNj8DlpuFPRhLrUCi4Ijsk.jpg', 'doc_pend_jalur_masuk_Maudya aszara putri_20240708_195432.jpg', 'berkas/dq0zgixq0dfQ7hS9Ea6AeeqrMTNb21vbcu41Ukx3.jpg', '2024-07-08 12:54:32', '2024-07-08 12:54:32'),
(192, 198, 'ijazah_skl_Yulia Susanti_20240708_203323.jpg', 'berkas/x3lXhK4Hq9OMNxzeh6X5aMmEYhqyDXN4SSj3TUIN.jpg', NULL, NULL, 'kk_Yulia Susanti_20240708_203323.jpg', 'berkas/BuoGVzt21H95ThQ5lD3cU5iGTTXPgK8YY8SjOLMC.jpg', 'ktp_Yulia Susanti_20240708_203323.jpg', 'berkas/lNLWVAsTKN2rVnmvkpfgCddoK2a79bHUwtYW93I1.jpg', 'akta_Yulia Susanti_20240708_203323.jpg', 'berkas/Z5RXc30EizZUe4CQ7Uudl8CS9E6bM8CNUR7thURd.jpg', 'pas_foto_Yulia Susanti_20240708_203323.jpg', 'berkas/bo19ZWC9uVFXLrtUNqAjQxKTTvZEMbc9YNkHj1SY.jpg', 'doc_pend_jalur_masuk_Yulia Susanti_20240708_203323.jpg', 'berkas/Etr5J2CTKY6Py9gzl4faqixD96v7cg95ZVdPJrJz.jpg', '2024-07-08 13:33:23', '2024-07-08 13:33:23'),
(194, 200, 'ijazah_skl_MUHAMMAD WILDAN NASRULLAH_20240709_131453.pdf', 'berkas/fxKJsOJjXCKOibNDfrDTwjsxlY8jDbwN2V4CLNIZ.pdf', NULL, NULL, 'kk_MUHAMMAD WILDAN NASRULLAH_20240709_131453.pdf', 'berkas/mnlOox9O5lnFPVov9BLDcj5m3YfB4cEbxi7o4zMY.pdf', 'ktp_MUHAMMAD WILDAN NASRULLAH_20240709_131453.pdf', 'berkas/0zBAB4L88YMrO1TGAJeDmZ9L12WRmTbm32hNs1Ms.pdf', 'akta_MUHAMMAD WILDAN NASRULLAH_20240709_131453.pdf', 'berkas/Xn7plNRxtfEKpwvehrVBM8NFmL008m2wTHPzxtjv.pdf', 'pas_foto_MUHAMMAD WILDAN NASRULLAH_20240709_131453.pdf', 'berkas/sGDaXO1AhQsMIpm2sHH4tMBMARouXNz0luE6f9ru.pdf', 'doc_pend_jalur_masuk_MUHAMMAD WILDAN NASRULLAH_20240709_131453.jpg', 'berkas/8sv7EFIYV8HuoFdpumUqikPNL4nJ9hViW4c4qKO7.jpg', '2024-07-09 06:14:53', '2024-07-09 06:14:53'),
(195, 201, 'ijazah_skl_SITI RINI INDRIANI_20240710_091518.pdf', 'berkas/SWGffkJWvMqAXkPViaYH8jynybmNLu73YPII2l9t.pdf', NULL, NULL, 'kk_SITI RINI INDRIANI_20240710_091518.pdf', 'berkas/rVeaMERXz6eo86mkcLJes2QHqYfpjhqpUckmKVYx.pdf', 'ktp_SITI RINI INDRIANI_20240710_091518.pdf', 'berkas/6HQ0uafuLH97O1LYYX9G41JckAZTUtH8LzdrsqSB.pdf', 'akta_SITI RINI INDRIANI_20240710_091518.pdf', 'berkas/oHy7MPsJdkHmsbbCcKx1g6WpsB3689eDQujRAu7Y.pdf', 'pas_foto_SITI RINI INDRIANI_20240710_091518.jpeg', 'berkas/4OfVboQBld6z9a6Lfmxkhyv7p5lOvIgd7m7mnuFE.jpg', 'doc_pend_jalur_masuk_SITI RINI INDRIANI_20240710_091518.jpeg', 'berkas/j1YPT5ov96l4cbK72q8glxWNT4omjyfXoJi9Ggyk.jpg', '2024-07-10 02:15:18', '2024-07-10 02:15:18'),
(196, 202, 'ijazah_skl_Aqmarina_20240710_125900.jpg', 'berkas/96YhO5uqjuW1nL91VkB9id86ajK9WCqYfIeOwtWz.jpg', NULL, NULL, 'kk_Aqmarina_20240710_125900.jpg', 'berkas/01xfgqeu0SBpAZ3BxF6FqHOPXEBXquDuS2dji2Ii.jpg', 'ktp_Aqmarina_20240710_125900.jpg', 'berkas/51Y1qIwGssSosIxPKoRSLEDRKPscVBbICUfaP74f.jpg', 'akta_Aqmarina_20240710_125900.jpg', 'berkas/KzaZN9bGb0MDeyBJP4j7dFUXgbuH5VIrAP2mpxsH.jpg', 'pas_foto_Aqmarina_20240710_125900.jpg', 'berkas/8HTSmwQI11VkRVv1pVFV3hToRcUPLuiAyg5NBikZ.jpg', 'doc_pend_jalur_masuk_Aqmarina_20240710_125900.jpg', 'berkas/inSI2E8qqSV2dRyKZrL3PLncXkWEjpEYS2yGGPXf.jpg', '2024-07-10 05:59:00', '2024-07-10 05:59:00'),
(197, 203, 'ijazah_skl_Safinatun ilmiyah_20240710_130434.jpg', 'berkas/pM8Jyp9LUQ4NZdDSKnhilJSl7qrT2x6dWdYOn5ve.jpg', NULL, NULL, 'kk_Safinatun ilmiyah_20240710_130434.jpg', 'berkas/AufB77EAcmx9JVaajfY6TnZRIc48L1Vm8eCj0cmj.jpg', 'ktp_Safinatun ilmiyah_20240710_130434.jpg', 'berkas/0Y6a66JoNzdQAlaR87sXWC3Uioj8GQtNi8K91xc0.jpg', 'akta_Safinatun ilmiyah_20240710_130434.jpg', 'berkas/770zUdloj6SgmfQinWZiChX4mazcOa08H5JdMJfK.jpg', 'pas_foto_Safinatun ilmiyah_20240710_130434.jpg', 'berkas/zOy5edWZ3438ZnfMVUj1JFVYSKNYN985JtPEYVQU.jpg', 'doc_pend_jalur_masuk_Safinatun ilmiyah_20240710_130434.jpg', 'berkas/aRG8UFvVs7uO67kVEZaNC2uxjJwQ9MjWUmPrbtdX.jpg', '2024-07-10 06:04:34', '2024-07-10 06:04:34'),
(200, 206, 'ijazah_skl_Lulu_20240710_131916.jpg', 'berkas/0j2TMlTC28iWe5Xyv9cXPbi9oCdRnfDfqAfQUZ0F.jpg', NULL, NULL, 'kk_Lulu_20240710_131916.jpg', 'berkas/5apq7O3FtphyUUQeApUIajYvzQaEcwntLS5f6aDS.jpg', 'ktp_Lulu_20240710_131916.jpg', 'berkas/ANSESHQK9msAf29kzlbvWy5IP2RkfZuSeXKJhQRx.jpg', 'akta_Lulu_20240710_131916.jpg', 'berkas/t0Uj3lwrWSjMGV25eD57pbdme4pJ4gUfV2U7MONj.jpg', 'pas_foto_Lulu_20240710_131916.jpg', 'berkas/0Vd9L11HLStaxKlkaaZLGnXYVJBTIupcWTMCoUlB.jpg', 'doc_pend_jalur_masuk_Lulu_20240710_131916.jpg', 'berkas/rmGHeUqse8EtQC74muXX5sG3SR4xsr6KN9Hr30f9.jpg', '2024-07-10 06:19:16', '2024-07-10 06:19:16'),
(201, 207, 'ijazah_skl_USWATUN HASANAH_20240711_111711.jpeg', 'berkas/lynbEgTfUI4OBQTf6LiWzh49ZQHSbOEfLFTsL9nd.jpg', NULL, NULL, 'kk_USWATUN HASANAH_20240711_111711.jpeg', 'berkas/wVpHaASIPn64jiwFstUn3bS5eWp9fgu0BZ0Y4Vaj.jpg', 'ktp_USWATUN HASANAH_20240711_111712.jpeg', 'berkas/tkhNVlXamdWpkmPe2PQsdrvNxS2RUHVZRgK4uBAF.jpg', 'akta_USWATUN HASANAH_20240711_111712.jpeg', 'berkas/iEwM3BnB5XhFUzixAo8xoodgaOn6hrxdF6z4XQwj.jpg', 'pas_foto_USWATUN HASANAH_20240711_111711.jpeg', 'berkas/tHwJxdhqupdiCGa7JsUm7Pqy4YUG25cNfVQt3v6M.jpg', 'doc_pend_jalur_masuk_USWATUN HASANAH_20240711_111712.pdf', 'berkas/6UJEOPxqdweNzFnpYsp1hPKfFLaU8WbtFKvKGxb0.pdf', '2024-07-11 04:17:11', '2024-07-11 04:17:12'),
(202, 208, 'ijazah_skl_Desiy Qur\'ani_20240711_193137.jpg', 'berkas/FzQ9FHsl07t5MvTBv3feOff8JOpkP4GjJOPw8k9N.jpg', NULL, NULL, 'kk_Desiy Qur\'ani_20240711_193137.pdf', 'berkas/soENprN9UteiYpfISxyNW7TvO1vMUGOL7RMrvS2X.pdf', 'ktp_Desiy Qur\'ani_20240711_193137.jpg', 'berkas/04XI4k64L5iKFiQ6sAsTMnDcvXphlZDwBrfQJ0mj.jpg', 'akta_Desiy Qur\'ani_20240711_193138.pdf', 'berkas/H6Wd91KiOV8DRYMgIwSjYma8y3fk6i2n3pYJU2hB.pdf', 'pas_foto_Desiy Qur\'ani_20240711_193137.jpg', 'berkas/MfBWYsoC9QEcZ7zk35PeJwYB6AUXYboXpJ1muvVU.jpg', 'doc_pend_jalur_masuk_Desiy Qur\'ani_20240711_193138.jpg', 'berkas/B723GMOxPEXrUUzSyrSfqstsTDEUWahzU4oNj6fr.jpg', '2024-07-11 12:31:37', '2024-07-11 12:31:39'),
(203, 209, 'ijazah_skl_shofiyatul fitriyati_20240714_124749.pdf', 'berkas/i6l3wtfs6l67oiY4JHOqCxLBHOyJFzd8Mt25Dc4S.pdf', NULL, NULL, 'kk_shofiyatul fitriyati_20240714_124749.pdf', 'berkas/wpjbXUIriHCyQxyvdJXg6R4g93dTiiweHf6BaAM9.pdf', 'ktp_shofiyatul fitriyati_20240714_124749.pdf', 'berkas/5YvAHcMMqgcLn9VhqhoHfOiEb9Argz9us8jIXaVG.pdf', 'akta_shofiyatul fitriyati_20240714_124749.pdf', 'berkas/dFfjJBUpj20fuWYNnLLzeoNIG1qcCezelVMaArvV.pdf', 'pas_foto_shofiyatul fitriyati_20240714_124749.pdf', 'berkas/kH9W09fwYykbdNRZXLb39qqD8x0Fhqgry1JpXwVW.pdf', 'doc_pend_jalur_masuk_shofiyatul fitriyati_20240714_124749.pdf', 'berkas/IoYyblAasfLPeno8BmvJ3XTzGczLcLmyRWq2dc1H.pdf', '2024-07-14 05:47:49', '2024-07-14 05:47:49'),
(206, 212, 'ijazah_skl_Shofi barroh_20240714_213707.pdf', 'berkas/4NeRjre0KhlDrb68Q6rmZHy1TKUW1l4FdntMygp0.pdf', NULL, NULL, 'kk_Shofi barroh_20240714_213708.jpg', 'berkas/oCcv5t6V6uGkUIcMZU6BQI08YQRSdkMHGOGQ9LJD.jpg', 'ktp_Shofi barroh_20240714_213708.jpg', 'berkas/b6PcM8cgfTcJt4gfhZWAu7HZTqDXbmAf42qK8JlN.jpg', 'akta_Shofi barroh_20240714_213708.jpg', 'berkas/27M9HJvhCqzTEQ7YlePbMpBjcCJqLsTgjr6PwmYD.jpg', 'pas_foto_Shofi barroh_20240714_213707.jpg', 'berkas/0lhnibBTfRy5QxF4HiZLYbushmwgFcWKctM4ML6M.jpg', 'doc_pend_jalur_masuk_Shofi barroh_20240714_213708.jpg', 'berkas/tWdcQOwvVrD1qeflv1U2jIA4cvFxQPukKMfMCGLk.jpg', '2024-07-14 14:37:07', '2024-07-14 14:37:08'),
(207, 213, 'ijazah_skl_Nabilatul Husna_20240718_125305.jpg', 'berkas/etd5QENCEmPJzw7I7hnipb6QdkU1kzxHTR96MWLi.jpg', NULL, NULL, 'kk_Nabilatul Husna_20240718_125305.jpg', 'berkas/dZWtqj0PItEHQIlfCeLJJd3LqjEYpDrafQcm4tMv.jpg', 'ktp_Nabilatul Husna_20240718_125305.jpg', 'berkas/FIkZ6PKIMZWjvJGSajma54t3dcxwP9PWJtKu4CJQ.jpg', 'akta_Nabilatul Husna_20240718_125305.jpg', 'berkas/MLW5WFVX3pOuESIevaxs70BZ5PNwKqOqT91QP44R.jpg', 'pas_foto_Nabilatul Husna_20240718_125305.jpg', 'berkas/ZLrVU9nBVPOa2Pk6SgKSloSQwRGZkJ9lXmRbBKZo.jpg', 'doc_pend_jalur_masuk_Nabilatul Husna_20240718_125305.jpg', 'berkas/0K7JGKULZdKqJxhAbuwAzjs9CqEpN7jy4dRpkyO0.jpg', '2024-07-18 05:53:05', '2024-07-18 05:53:05'),
(209, 215, 'ijazah_skl_Andrianto  Mulasin_20240719_193331.pdf', 'berkas/EiIDFpQDimwApVn7VACAjNVNzwXFrlfXZKTjvLup.pdf', NULL, NULL, 'kk_Andrianto  Mulasin_20240719_193331.pdf', 'berkas/M0hf5KQe5pdnQDPHHsPbzP18ibqiRc2txZ5xZQuF.pdf', 'ktp_Andrianto  Mulasin_20240719_193331.pdf', 'berkas/qhkOXp6EabhstWUjenyIelPxNWo3tbBa2tFfx54L.pdf', 'akta_Andrianto  Mulasin_20240719_193331.pdf', 'berkas/rhClcFfWDXqdK5BxDqe2hArNn41AaoVviDiJsfB3.pdf', 'pas_foto_Andrianto  Mulasin_20240719_193331.jpg', 'berkas/JG2AYmTf2j4e6vqBhtBCmI0IbfXXzbgximUuplH4.jpg', NULL, NULL, '2024-07-19 12:33:31', '2024-07-19 12:33:31'),
(210, 216, 'ijazah_skl_MOH. FAHRI_20240721_124705.jpg', 'berkas/o0yQE6S5Uc5d0F1xXIIdU4G6L3LUkrD076MP9fZM.jpg', NULL, NULL, 'kk_MOH. FAHRI_20240721_124705.jpg', 'berkas/rDPe00DpHg2sOlWcTvgasTwawUJhnxBr4X4DFKFg.jpg', 'ktp_MOH. FAHRI_20240721_124705.jpg', 'berkas/0p4DXgeVke2QC1bzU4c35Jni1KZmH4dqsZSRHaxL.jpg', 'akta_MOH. FAHRI_20240721_124705.jpg', 'berkas/sO33ZSkaAVXsqtZiwzEHO4Jos3JPp6RVj1f4gBun.jpg', 'pas_foto_MOH. FAHRI_20240721_124705.jpg', 'berkas/pCWAmHVWRihgHx0plgbKbXIRR1H6hksgebRh3kWk.jpg', 'doc_pend_jalur_masuk_MOH. FAHRI_20240721_124705.jpg', 'berkas/63i6KEkHYGlq88zzg18HSlZaEVytMfJ0RGVg5oQD.jpg', '2024-07-21 05:47:05', '2024-07-21 05:47:05'),
(211, 217, 'ijazah_skl_MOH. FADLAN HUSEIN_20240722_144039.jpg', 'berkas/G1xUvhvIiQRBJVNe7nXJ5A8usOCcMVDKQeJa96ht.jpg', NULL, NULL, 'kk_MOH. FADLAN HUSEIN_20240722_144039.jpg', 'berkas/1ydWlW1oe2yIMMQeNKwHrYTvVNCKjplg1PEUAbZd.jpg', 'ktp_MOH. FADLAN HUSEIN_20240722_144039.jpg', 'berkas/eE0WmUwIywwu0JlMLuZRiFK00vs2hac6idfykVRE.jpg', 'akta_MOH. FADLAN HUSEIN_20240722_144039.jpg', 'berkas/fitNHIGFndO8aHG1kTrazDoms8qTTCB05mbJ9BsM.jpg', 'pas_foto_MOH. FADLAN HUSEIN_20240722_144039.jpg', 'berkas/JyZ5ad4cUyJgjZgVu3KI93mQ4vxN5uiQf93Qnctw.jpg', 'doc_pend_jalur_masuk_MOH. FADLAN HUSEIN_20240722_144039.jpg', 'berkas/b3NBf6DQtRx8Kev2xSaxmx2aUf8AwZ4jUe4rsfuF.jpg', '2024-07-22 07:40:39', '2024-07-22 07:40:39'),
(212, 218, 'ijazah_skl_MIFTAHUL ULUM_20240723_093550.pdf', 'berkas/7lH3YaoXETKJQ2I4XuoMdTKyyWDovBtQFSLdrbPN.pdf', NULL, NULL, 'kk_MIFTAHUL ULUM_20240723_093550.pdf', 'berkas/DuldPQN0pOzXBTvighCch2i24IbjbLDSxpF9IANq.pdf', 'ktp_MIFTAHUL ULUM_20240723_093550.pdf', 'berkas/7BkcmPQ1RNELu6HtH6XJDBkNev69nyFGBQjSNbYY.pdf', 'akta_MIFTAHUL ULUM_20240723_093550.pdf', 'berkas/fSM9k9Wer1EAX92pW4xiU8TfX8KcKsD59UDEjbBi.pdf', 'pas_foto_MIFTAHUL ULUM_20240723_093550.pdf', 'berkas/8qJnVVqbzRPZP9VmWR37pbHHHlNcKP6TAETi4Nm1.pdf', 'doc_pend_jalur_masuk_MIFTAHUL ULUM_20240723_093550.pdf', 'berkas/TewC3xFyDb0D28PFTKPRMK6GrviHCqb6EHuHrCEN.pdf', '2024-07-23 02:35:50', '2024-07-23 02:35:50'),
(213, 219, 'ijazah_skl_Putri Nurul Aini_20240723_120955.pdf', 'berkas/Am9m1dT1XXNKi4KWe1RQy5nm1vwrHvY6qaGoJxZn.pdf', NULL, NULL, 'kk_Putri Nurul Aini_20240723_120955.pdf', 'berkas/Yei69kAJ55jAhv8ZQzosYVDtkEWw27SBhcp8pdei.pdf', 'ktp_Putri Nurul Aini_20240723_120955.pdf', 'berkas/2cYmY9BfHkRakdEYQ3eyHosQ60RphT1PZdHURlc5.pdf', 'akta_Putri Nurul Aini_20240723_120955.pdf', 'berkas/eOKk0Jf58WAipk40veCj9suXP1RjEII8njoHUD4P.pdf', 'pas_foto_Putri Nurul Aini_20240723_120955.jpg', 'berkas/4JSROtLablaKbGxNADxg1QnscpmAflurW2jc3Csg.jpg', 'doc_pend_jalur_masuk_Putri Nurul Aini_20240723_120955.pdf', 'berkas/r1pUsjzEF2JqbKkqi6fut4AKMkOa5F5CknRUsEwH.pdf', '2024-07-23 05:09:55', '2024-07-23 05:09:55'),
(215, 221, 'ijazah_skl_BUSRO_20240723_193727.jpg', 'berkas/67XgcWPe4xvVykj59p5We9LMM1eDTdLMfcp5XOBb.jpg', NULL, NULL, 'kk_BUSRO_20240723_193728.jpg', 'berkas/tohc28LGlixsUPP1OWfb6Uz5VMYBQYRTt5sLq40K.jpg', 'ktp_BUSRO_20240723_193728.jpg', 'berkas/4HdWngj6JWcpV0xa0xJWdxGc0z0oCdj9GcqVHFwV.jpg', 'akta_BUSRO_20240723_193728.jpg', 'berkas/zns7tlyzh6SMpVu9ZJcU7M56bU6PBLMpvKUTbq10.jpg', 'pas_foto_BUSRO_20240723_193727.png', 'berkas/MIIRPsYVZOWObcA8vL8shpk4OafuqrJdbZMndDfo.png', NULL, NULL, '2024-07-23 12:37:27', '2024-07-23 12:37:28'),
(216, 222, 'ijazah_skl_ZIDAN RAMADANI_20240724_205406.jpg', 'berkas/J5rIlCMqN6q62aPbKYY7N6aFGAWhHnMXvW1YukWp.jpg', NULL, NULL, 'kk_ZIDAN RAMADANI_20240724_205406.jpg', 'berkas/97xL6ymzi2WZB3N1S0a3L7ixzGxhamVTdOH8XAPK.jpg', 'ktp_ZIDAN RAMADANI_20240724_205407.jpg', 'berkas/wBt8HIAz1J9h97wOO3xG9C0XiOXXa6sxyObQSGBJ.jpg', 'akta_ZIDAN RAMADANI_20240724_205407.jpg', 'berkas/GjIhOPG7zg5FKg6OJ5f6Zlhe657NLdYRksJzgoUd.jpg', 'pas_foto_ZIDAN RAMADANI_20240724_205406.jpg', 'berkas/nZN0e5iXz0wXWf0DIZM6UkaJ9XWBjHVrhiH1X0HH.jpg', 'doc_pend_jalur_masuk_ZIDAN RAMADANI_20240724_205407.jpg', 'berkas/gRz6pqKarIuGPS0DJxJeUhtpb98J1FEGumtrZuGV.jpg', '2024-07-24 13:54:06', '2024-07-24 13:54:07'),
(217, 223, 'ijazah_skl_ARIS ALFANANI_20240725_125914.jpeg', 'berkas/5Qkx6hF4KaanIeiOOCgSjjcu2uA5hR7T8Dnei2jD.jpg', NULL, NULL, 'kk_ARIS ALFANANI_20240725_125914.jpeg', 'berkas/FXdHX51tYTw4gNziFLgn3t47vUEyOubppzzqzNHS.jpg', 'ktp_ARIS ALFANANI_20240725_125914.jpeg', 'berkas/tsTrTDsTHxMNOGSbGD4Sc8Nvnt6WqsQfj6ZSW6B0.jpg', 'akta_ARIS ALFANANI_20240725_125914.pdf', 'berkas/bz39Eyu1yEt8ZjN32B1O9Jz8LSIepmUByW9uwcP0.pdf', 'pas_foto_ARIS ALFANANI_20240725_125914.jpeg', 'berkas/iQTioKoaP7yNS1y2IHyLdGLRbf5fuMpo1LksH1aM.jpg', 'doc_pend_jalur_masuk_ARIS ALFANANI_20240725_125914.jpeg', 'berkas/Tyb6D6idho6NcKMMzZDbZrvUT0Xn6QrrXuENZpPm.jpg', '2024-07-25 05:59:14', '2024-07-25 05:59:14'),
(218, 224, 'ijazah_skl_YULIADA_20240726_091837.pdf', 'berkas/ng5MDPbjCflFOZffU1zQepcRV4stFX2flt1fDnoJ.pdf', NULL, NULL, 'kk_YULIADA_20240726_091837.pdf', 'berkas/haFDycIrxgWZYKKl79FdWC5fIec0kOLv9rKwHsg6.pdf', 'ktp_YULIADA_20240726_091837.pdf', 'berkas/OQU2TSby4RmCuXsn3NFWnbwEY1HWvwrcqbd5f9Uq.pdf', 'akta_YULIADA_20240726_091837.jpg', 'berkas/RCpdRKPl1wiX6ai6lecFWmfv7jyIqUQbi0EHKReS.jpg', 'pas_foto_YULIADA_20240726_091837.pdf', 'berkas/tJYTnFAuLT38DWTeG5a2BsT9LYsQyuyHtLU7oK9M.pdf', 'doc_pend_jalur_masuk_YULIADA_20240726_091838.pdf', 'berkas/bBTXNntFON7PZeZwNLv5NZ8XofJlJwIB4K39P07k.pdf', '2024-07-26 02:18:37', '2024-07-26 02:18:38'),
(219, 225, 'ijazah_skl_SITI SOFIA_20240726_181059.pdf', 'berkas/p8DiHpZSLcxo7GamIcdwfjcEhLC09NBgIw2JCu9G.pdf', NULL, NULL, 'kk_SITI SOFIA_20240726_181059.pdf', 'berkas/aPU4NcvimVKqM6C4Hp1P3WNotctZOnoFRYLaC6Kb.pdf', 'ktp_SITI SOFIA_20240726_181059.pdf', 'berkas/fhb2hyDUFGo0Ban7CIPdud7lIGW3aWYq4JjY45lp.pdf', 'akta_SITI SOFIA_20240726_181059.jpeg', 'berkas/ZRXTZU6AJSdpMMEjhEouBZoIu0YyCFakkIN11ngS.jpg', 'pas_foto_SITI SOFIA_20240726_181059.jpeg', 'berkas/UQZRYB5wwC0n1qY2K82eNalqGJJvwKHd7t7YchUE.jpg', 'doc_pend_jalur_masuk_SITI SOFIA_20240726_181059.pdf', 'berkas/OnJOFNs4Wce7HsgU3T0xLzWFTs8kzb98Y74XC46X.pdf', '2024-07-26 11:10:59', '2024-07-26 11:10:59'),
(220, 226, 'ijazah_skl_Siti Hasanah_20240727_180240.jpg', 'berkas/9jyiMhh6CgH9AXI0jkaaXPXkCGYLXrC6oXxCh6aQ.jpg', NULL, NULL, 'kk_Siti Hasanah_20240727_180241.jpg', 'berkas/HNl4RqKhEX7q42WikUwDHUsjUcXNqNqMHCOCCJaz.jpg', 'ktp_Siti Hasanah_20240727_180241.jpg', 'berkas/sguKjIu7xWwxsrDKPFvAqdpcbJrUvFEh5ooLsGBX.jpg', 'akta_Siti Hasanah_20240727_180241.jpg', 'berkas/sN4lRNZjs5l2LdYjIsjpsv8aYPRoP5Rr588T6ptu.jpg', 'pas_foto_Siti Hasanah_20240727_180240.png', 'berkas/LOCeB3eBQHFP3bIFxiO7UZuwXup0Gk3pccrPcHpn.png', NULL, NULL, '2024-07-27 11:02:40', '2024-07-27 11:02:41'),
(221, 227, 'ijazah_skl_MUSLIHA ULHAQ_20240729_102628.jpg', 'berkas/Gd3qnyg0JrEGl1nne6o2A1RRC98ycP5aLZMSDsEx.jpg', NULL, NULL, 'kk_MUSLIHA ULHAQ_20240729_102629.pdf', 'berkas/q683luRhEllYxDmNvXjvPP8OsKYdrk9cmlR3UR9s.pdf', 'ktp_MUSLIHA ULHAQ_20240729_102629.jpeg', 'berkas/GNXAd7WWouSlAru3REcCZdibeCHe54RBxivuia37.jpg', 'akta_MUSLIHA ULHAQ_20240729_102629.jpg', 'berkas/HF3xhEhSJZHPr86ThKFLt1BXirGI5ehCe6xMTfJM.jpg', 'pas_foto_MUSLIHA ULHAQ_20240729_102628.jpg', 'berkas/xK04Ennn85TnblqSaWadB63SVpcTwCA0Vg20OBli.jpg', 'doc_pend_jalur_masuk_MUSLIHA ULHAQ_20240729_102629.jpg', 'berkas/7bPSqUDSQOZE4mfp3cq43kuH8nkmjYHAopQkYDNj.jpg', '2024-07-29 03:26:28', '2024-07-29 03:26:29'),
(222, 228, 'ijazah_skl_Atika Maulida Ats-Tsaqiba_20240729_124710.pdf', 'berkas/AKLODyPnou5LC2q37gkU4aTlnH4MLHnQWFwzPkEK.pdf', NULL, NULL, 'kk_Atika Maulida Ats-Tsaqiba_20240729_124710.pdf', 'berkas/MBwoecsB7omXV3E1tej6HKx4NRUCAWUBJcRPp713.pdf', 'ktp_Atika Maulida Ats-Tsaqiba_20240729_124710.pdf', 'berkas/zcbkZaOZJ4xG59CYFHn1eFhEyOtcrpSYe1RPqJZn.pdf', 'akta_Atika Maulida Ats-Tsaqiba_20240729_124710.pdf', 'berkas/199smYzUWtVWJnK5L0qCjo2MCxiqhzg7o61v9SBW.pdf', 'pas_foto_Atika Maulida Ats-Tsaqiba_20240729_124710.pdf', 'berkas/ippqPGQiYwYFeHq1Un3DlhdOqXDdwubW15bYuKen.pdf', 'doc_pend_jalur_masuk_Atika Maulida Ats-Tsaqiba_20240729_124710.pdf', 'berkas/VCnvgMIK3NXSjZtfoNzQY8dfhYvt36fbksbQVhL1.pdf', '2024-07-29 05:47:10', '2024-07-29 05:47:10'),
(224, 230, 'ijazah_skl_BASIR_20240730_102810.jpeg', 'berkas/xiPwbnZJYIyOEqG4ivWik06c76yCqgUl9jEinHHb.jpg', NULL, NULL, 'kk_BASIR_20240730_102810.jpeg', 'berkas/VFpx3QqxKeWLNT9eONpttJN5t7CZVUBJi5NjZjWs.jpg', 'ktp_BASIR_20240730_102810.jpeg', 'berkas/bslreKuegIIoKrhUWgt8SCufweOAEPzc3DgvAsS6.jpg', 'akta_BASIR_20240730_102810.jpeg', 'berkas/LuzpYeVlUe2M1YKVj01qLSQxublC8BsOfWhntrpG.jpg', 'pas_foto_BASIR_20240730_102810.jpeg', 'berkas/WjSwlBUdX8ywvpT57VQoR5nyIsssd07YlEJibz8o.jpg', 'doc_pend_jalur_masuk_BASIR_20240730_102810.jpeg', 'berkas/5NtbdyaSFf9DNYb2KjlPJXBV3eM8fPL6IfdntUES.jpg', '2024-07-30 03:28:10', '2024-07-30 03:28:10'),
(226, 233, 'ijazah_skl_Jihad rabbany_20240730_130113.jpeg', 'berkas/ihXWv0fkZyxrlDuT2JM6YE9IQjX60XKtSX6nwaQE.jpg', NULL, NULL, 'kk_Jihad rabbany_20240730_130113.jpeg', 'berkas/CoaJ6KGsp066j9Q95uPnG1INpH3C7m3nOOezeANR.jpg', 'ktp_Jihad rabbany_20240730_130113.jpeg', 'berkas/gyyEyQwtGNjwFHaYwDEbFQQ19XNS9RujOIiRXrP8.jpg', 'akta_Jihad rabbany_20240730_130113.jpeg', 'berkas/LbDA3LwF7xuFIYvU8Ez5wvhO3R0ZgFreNIRshAae.jpg', 'pas_foto_Jihad rabbany_20240730_130113.jpeg', 'berkas/ej3K5kIq3BEF49hz5odmVicPozTqg1VeInbDDvYI.jpg', NULL, NULL, '2024-07-30 06:01:13', '2024-07-30 06:01:13'),
(228, 235, 'ijazah_skl_ABDUL HARIS_20240730_134325.jpg', 'berkas/hT3Oi5epRsEedABopKSXyVW2dUERDzHT1qa1kExF.jpg', NULL, NULL, 'kk_ABDUL HARIS_20240730_134325.pdf', 'berkas/NYqqtVESbbQsrk6aUYOEYWeYKGa7vuibx6UaRHTu.pdf', 'ktp_ABDUL HARIS_20240730_134325.jpg', 'berkas/S9AVXDHuHw79adk3uFLyM0387F5fRbfpvpZ4e3yj.jpg', 'akta_ABDUL HARIS_20240730_134325.pdf', 'berkas/86sqdLvJUkSwtpVsZV7DSeOuiBeKS4B2VizPsAXy.pdf', 'pas_foto_ABDUL HARIS_20240730_134325.jpg', 'berkas/rkXW0KU606F6TdRCr57VPIKDW5aJy9zq9wFbQ1gl.jpg', 'doc_pend_jalur_masuk_ABDUL HARIS_20240730_134325.jpg', 'berkas/EMEogrB7QAicRebmuXHr5CuMWsFGPYeRGHtU4dge.jpg', '2024-07-30 06:43:25', '2024-07-30 06:43:25'),
(229, 236, 'ijazah_skl_MAT SOBIRIN_20240730_200249.pdf', 'berkas/l4u7K1C5ObH35L6fJH86jBL7bGxPgMjDiP0koJo9.pdf', NULL, NULL, 'kk_MAT SOBIRIN_20240730_200249.pdf', 'berkas/PJu9B6gBTMh5uN0ZrMGM9lEjxL3T0ekpoDGKa3LL.pdf', 'ktp_MAT SOBIRIN_20240730_200249.pdf', 'berkas/p0IQO33xbxY34nZhlpdf3nqhx8N4LrbNvZHyDAJV.pdf', 'akta_MAT SOBIRIN_20240730_200249.pdf', 'berkas/g7ZyQTXXVBkr5vdqMX0iFalV7IO8mdW0XoHub5Wh.pdf', 'pas_foto_MAT SOBIRIN_20240730_200249.jpeg', 'berkas/zdyb71APk5w9HskfAfJde4xgDtLhFvJ7QtP3Txad.jpg', NULL, NULL, '2024-07-30 13:02:49', '2024-07-30 13:02:49'),
(230, 237, 'ijazah_skl_Tiara Wulandari_20240731_085537.pdf', 'berkas/qPqv2DdJxSSBIL8n6LijWNPFGCfmL8CLdRLBq5hk.pdf', NULL, NULL, 'kk_Tiara Wulandari_20240731_085537.pdf', 'berkas/ijdMGNI5gIuXD1kIyaVyrXi1LHG9DbKZvP8omtDR.pdf', 'ktp_Tiara Wulandari_20240731_085537.pdf', 'berkas/TeFs6S48ESzB8OCVivNwiND59bOdyNCBbWOGiKCU.pdf', 'akta_Tiara Wulandari_20240731_085537.pdf', 'berkas/uBH076gxOzHnGctddIcHQZ7Xi4WLZlLrEYHj4Bs9.pdf', 'pas_foto_Tiara Wulandari_20240731_085537.pdf', 'berkas/yTNv8R6gITBGqvaiD7bWscuZDNZECCKlNrU4xwIt.pdf', 'doc_pend_jalur_masuk_Tiara Wulandari_20240731_085537.pdf', 'berkas/xxPjdOerQAqdBC2qboTjeY56K2XdPbSrjaq5MxRf.pdf', '2024-07-31 01:55:37', '2024-07-31 01:55:37'),
(231, 238, 'ijazah_skl_Muhammad Irsyadul halim_20240731_202836.pdf', 'berkas/zJgSI6s6JISCHHyU5Jp1OBv3prqRmTimIEBqJS9Y.pdf', NULL, NULL, 'kk_Muhammad Irsyadul halim_20240731_202836.pdf', 'berkas/dLTTkzad9NLuiBQUeYq4nCuwDx2ZwBzlSy1eYZNp.pdf', 'ktp_Muhammad Irsyadul halim_20240731_202836.pdf', 'berkas/AGwd4nsimUlZqQHvOZVHhrJkL6fU1N8WvsRrt1R1.pdf', 'akta_Muhammad Irsyadul halim_20240731_202836.pdf', 'berkas/S8Drg9J8UPaEJ0HU81K1po3mGSmeWQDJaj3duOEl.pdf', 'pas_foto_Muhammad Irsyadul halim_20240731_202836.pdf', 'berkas/WV3NWIsqi6QOzUy6rEcB20tf5kBJInoiNNcp2gTB.pdf', 'doc_pend_jalur_masuk_Muhammad Irsyadul halim_20240731_202836.pdf', 'berkas/gZNsyTl3RyZ7Z2drBo4XvTlJSXKikwogz1rYPv9F.pdf', '2024-07-31 13:28:36', '2024-07-31 13:28:36'),
(232, 239, 'ijazah_skl_Ariffa Husnul Huda_20240731_202911.jpeg', 'berkas/5jpbvdoWL77nyTgbuv2VpRf7zNieF7tj3UiBQEZn.jpg', NULL, NULL, 'kk_Ariffa Husnul Huda_20240731_202911.pdf', 'berkas/w9CDFlIjunxhezOgOgB2HnPzKNsUmmBIm5VMk9Bz.pdf', 'ktp_Ariffa Husnul Huda_20240731_202911.jpeg', 'berkas/dVg4jBcCDzPEAYOanRQHjJ8FJnIYF6pTzIfhGs5l.jpg', 'akta_Ariffa Husnul Huda_20240731_202911.pdf', 'berkas/xTrSXrTZHxhzOtHpoV2FUrrtjiGboZBSW9fMve11.pdf', 'pas_foto_Ariffa Husnul Huda_20240731_202911.jpeg', 'berkas/zOGEm9LHBdURixb5XLBbSVTsbsAVYdEKwnETV26w.jpg', 'doc_pend_jalur_masuk_Ariffa Husnul Huda_20240731_202911.pdf', 'berkas/Nn4LSJmNeWNLcUocLnTi0F4E7b5LC7KnMZ8kvQm5.pdf', '2024-07-31 13:29:11', '2024-07-31 13:29:11'),
(234, 241, 'ijazah_skl_HANINATUS SYAMSIYAH_20240801_164752.jpg', 'berkas/koCiByHkCPBEFnyl5eFPfuM5dUWAqhkl5a6tUz3S.jpg', NULL, NULL, 'kk_HANINATUS SYAMSIYAH_20240801_164752.jpg', 'berkas/mrtpYWrRbsh5lVusVLHZVQ1B5eNYZljmFRVMYEib.jpg', 'ktp_HANINATUS SYAMSIYAH_20240801_164752.jpg', 'berkas/8SZxAhMXLlU0YMCgkGJ3ZUkPKZ0Q8vNY6Qs7RHqe.jpg', 'akta_HANINATUS SYAMSIYAH_20240801_164752.jpg', 'berkas/0Zqi9wvKtfJlq5KsBVMyJD6ExlYkLOOf7hrxw2ul.jpg', 'pas_foto_HANINATUS SYAMSIYAH_20240801_164752.jpg', 'berkas/jKCzUYso7jO8EfNOVrFhy99QIPAYfayskL7keI5E.jpg', 'doc_pend_jalur_masuk_HANINATUS SYAMSIYAH_20240801_164752.pdf', 'berkas/7lpxV3PPpILp5ZiKEKzmK2r1CpoBqh7YVz4q46LP.pdf', '2024-08-01 09:47:52', '2024-08-01 09:47:53'),
(235, 242, 'ijazah_skl_Dhiaz Syahrul Mubarok_20240803_142618.jpg', 'berkas/P70HvLeZH5eaqCjBw8LLlU74gBYt1R0t7az9HxS4.jpg', NULL, NULL, 'kk_Dhiaz Syahrul Mubarok_20240803_142618.jpg', 'berkas/DDsuP80FNI3U2jNHV0fuXzQ7hbofSO2uhgJYDFWY.jpg', 'ktp_Dhiaz Syahrul Mubarok_20240803_142618.jpg', 'berkas/97pI8thWAlXWTSEWa3pXjizNpCjVG0qRmWbKtrOC.jpg', 'akta_Dhiaz Syahrul Mubarok_20240803_142618.jpg', 'berkas/ovfd7nzfHeZ0tPgsIYhTdUtr1HNg5keA51Q1lqwM.jpg', 'pas_foto_Dhiaz Syahrul Mubarok_20240803_142618.jpg', 'berkas/GQUIPAFoVp74qSKXYrBv0SvlVmVWLIeW7KGYoyLl.jpg', 'doc_pend_jalur_masuk_Dhiaz Syahrul Mubarok_20240803_142618.jpg', 'berkas/DB1vaQ7bbjkwdO3MHeBcyJiBIf6bJt7t4keBlbKf.jpg', '2024-08-03 07:26:18', '2024-08-03 07:26:18'),
(236, 243, 'ijazah_skl_RINA AULIA_20240805_093639.', 'berkas/knrigTvyxNXbaQLmk82f9WKV0BN1hLkvyMEmvqCI.jpg', NULL, NULL, 'kk_RINA AULIA_20240805_093639.', 'berkas/SHx135Q08jDIgw8nbqpYHyuooKiEWN5n762SHLQh.jpg', 'ktp_RINA AULIA_20240805_093639.', 'berkas/lIwSovpShO0jwICALHmYhIsa6Z4ErDOK6Py0mH6t.jpg', 'akta_RINA AULIA_20240805_093640.', 'berkas/ynYQ4OGxxzi161mACGSh6HxFBhJ5IXI1LuBhLlkj.jpg', 'pas_foto_RINA AULIA_20240805_093639.', 'berkas/81Yn58CAWKfFf5IXcNgKW4cXZEsbdrnMN2yXQNNH.jpg', 'doc_pend_jalur_masuk_RINA AULIA_20240805_093640.', 'berkas/zVQfn8h4FdDxmaC4LdrjLG9434NEJddsjREA5d9h.jpg', '2024-08-05 02:36:39', '2024-08-05 02:36:40'),
(237, 244, 'ijazah_skl_MAMDUDAH_20240805_101810.jpg', 'berkas/gmVVCymsaxyni8P6CA30DDgrFHtugNZ2HToUxQHb.jpg', NULL, NULL, 'kk_MAMDUDAH_20240805_101810.jpeg', 'berkas/7ketaRvnqVLlpM8O9suRANHs4n2ptei7GY62IF6j.jpg', 'ktp_MAMDUDAH_20240805_101810.jpeg', 'berkas/2nM2I0LkD9p9HhhoCalJ8aZi9CRiMd9y1GnLeQiO.jpg', 'akta_MAMDUDAH_20240805_101810.jpeg', 'berkas/tob8fHLCE8dU0sIsIMBwYOTspMKHuDKCeYSQRnCl.jpg', 'pas_foto_MAMDUDAH_20240805_101810.jpg', 'berkas/cZUDGZNLDiJiVNIplzxsVvQyuiFTgq9SaJb2nNiF.jpg', 'doc_pend_jalur_masuk_MAMDUDAH_20240805_101810.pdf', 'berkas/xrJQfnbgij9g7O1siTOaHzAQopBSTLzBKAlEhaWN.pdf', '2024-08-05 03:18:10', '2024-08-05 03:18:10'),
(238, 245, 'ijazah_skl_SAMSUL MAARIF_20240805_142302.jpg', 'berkas/OKGICFzUhwPzsJPvcwUjWcpZobPkd4vMNQoPTDbE.jpg', NULL, NULL, 'kk_SAMSUL MAARIF_20240805_142302.jpg', 'berkas/biuKuD8fXn8eLdKRfxJxeQbSdQ4Kmux3nHMrVxEh.jpg', 'ktp_SAMSUL MAARIF_20240805_142302.jpg', 'berkas/F8dMbZHNZRD8GtceSGcYQqxMkSBXB6fv2qQXOFWr.jpg', 'akta_SAMSUL MAARIF_20240805_142302.jpg', 'berkas/I0wDOWxyE5KQm4yr0u9WBObtk6IPxtcMmjYE5a1c.jpg', 'pas_foto_SAMSUL MAARIF_20240805_142302.jpg', 'berkas/anaDEmqmWptTsD1JhiuygBk8BxLgBerYqBdfdxE3.jpg', 'doc_pend_jalur_masuk_SAMSUL MAARIF_20240805_142302.jpg', 'berkas/BWtsRofGJRxJW1r09ZaOUrLle4sccrbUEkFN3FvO.jpg', '2024-08-05 07:23:02', '2024-08-05 07:23:02'),
(239, 246, 'ijazah_skl_SITI HANIYAH_20240805_235027.jpg', 'berkas/YJ17i2Dm9XoRYsFH01B1DlFVHEWyMomZlroakJCZ.jpg', NULL, NULL, 'kk_SITI HANIYAH_20240805_235027.jpg', 'berkas/KZkUgbhP2SlfZV47nlSqeYPotOy49FSeQsDjrK1k.jpg', 'ktp_SITI HANIYAH_20240805_235027.jpg', 'berkas/uGEWz1gozZysgnrY4ZIDDxJEyjWOXxEdsYny1eX8.jpg', 'akta_SITI HANIYAH_20240805_235027.jpg', 'berkas/Ybi7YGTiVGvZM3EQTfpPXnekjgpPDmFZeWXGpYBR.jpg', 'pas_foto_SITI HANIYAH_20240805_235027.jpg', 'berkas/oqvGK7S9D1gYujywglwNWOQtg4nQXrg5lhagWH6c.jpg', 'doc_pend_jalur_masuk_SITI HANIYAH_20240805_235027.pdf', 'berkas/mD8YuWZLQBgDfBSo8CFFX1AljaPmbeIjqil1FCxn.pdf', '2024-08-05 16:50:27', '2024-08-05 16:50:27'),
(240, 247, 'ijazah_skl_Nakrifatul Lisailiyah_20240806_105635.jpg', 'berkas/P7QI6TqoAAOijHFuqsLgXXrRXMolxAgersos5biG.jpg', NULL, NULL, 'kk_Nakrifatul Lisailiyah_20240806_105635.jpg', 'berkas/cjd8ipTzTTiunWOD61Mxk8BaSrh9uClM6DL9djWm.jpg', 'ktp_Nakrifatul Lisailiyah_20240806_105635.jpg', 'berkas/FNp7yhFmzZBYvrgLl1nA0PNmfJh3Xywt1oFy5aKM.jpg', 'akta_Nakrifatul Lisailiyah_20240806_105636.jpg', 'berkas/zcPojGPW9rDIjiu8tZVP101PBz0tbZiHq8636Ryt.jpg', 'pas_foto_Nakrifatul Lisailiyah_20240806_105635.jpg', 'berkas/RCldLpHRNI62TQ27XuehavmEwwVZrb1AZJCqAaSZ.jpg', 'doc_pend_jalur_masuk_Nakrifatul Lisailiyah_20240806_105636.jpg', 'berkas/wLt6TIaOAEZl2Y3btDKZbtjw165H2ZmODsYoWJIU.jpg', '2024-08-06 03:56:35', '2024-08-06 03:56:36'),
(241, 248, 'ijazah_skl_HOLIS_20240806_212319.jpg', 'berkas/0ui3pTna8L0XTEvdR8e8qBJ3DVzkELnKJq2d6oJf.jpg', NULL, NULL, 'kk_HOLIS_20240806_212319.jpg', 'berkas/DJ03awOmWp1SqI3vfKoulWdiRemEcMxTFmoppvjc.jpg', 'ktp_HOLIS_20240806_212319.jpg', 'berkas/Vxf5i6Ma3dZS4eahcqsMklBvEP86er7h5moUB15G.jpg', 'akta_HOLIS_20240806_212320.jpg', 'berkas/XbJzUWJVD6OYIFnbhPksF7Ks7TYE6AuXMCX2shQI.jpg', 'pas_foto_HOLIS_20240806_212319.jpg', 'berkas/XLpuN8o6iOuFvMExSTtUPbTelwbgteEtgYe9mlHo.jpg', 'doc_pend_jalur_masuk_HOLIS_20240806_212320.jpg', 'berkas/hE9riztTmljY2R2RolZfk0zgeIWLvYnDgIKxNAxp.jpg', '2024-08-06 14:23:19', '2024-08-06 14:23:20'),
(242, 249, 'ijazah_skl_Jabbar_20240807_134537.pdf', 'berkas/tZEOszhjLNGfGbWIqczpB7X63WSVSHy7YpZhLaPE.pdf', NULL, NULL, 'kk_Jabbar_20240807_134537.pdf', 'berkas/oMpunVWbkGkHwP4h4GYDlOuZLJMfzS4W6abkP50A.pdf', 'ktp_Jabbar_20240807_134537.pdf', 'berkas/La3I1rpEkY8XyQRuHjhJaiaeEUozuAQKYxdJJpYf.pdf', 'akta_Jabbar_20240807_134537.pdf', 'berkas/M0NKwXANUPTYeBflVCG8AhUB9Tr6JRaTn3bSTtL6.pdf', 'pas_foto_Jabbar_20240807_134537.jpg', 'berkas/5eUwRBiEXf4fQQyoueIZxQlV75HhPU4ATQMdjvy3.jpg', 'doc_pend_jalur_masuk_Jabbar_20240807_134537.pdf', 'berkas/aogvhQGAfMlc3KzgRlmiDrl9H2NerbC5S0FNw7g8.pdf', '2024-08-07 06:45:37', '2024-08-07 06:45:37'),
(243, 250, 'ijazah_skl_Kamilia zaskia tul uswah_20240807_142850.jpg', 'berkas/Y0eLylzUKDYgXIBr201aIX5UzrEuXv0sv7PzWHGN.jpg', NULL, NULL, 'kk_Kamilia zaskia tul uswah_20240807_142850.jpg', 'berkas/xFL3SJdX8NRr0dmoDuSxCDvDmPgUqffBzVOjzQte.jpg', 'ktp_Kamilia zaskia tul uswah_20240807_142850.jpg', 'berkas/Y446WTr0PHdYhsw6tnXOrSqFMvInHGM1NR0NG2pk.jpg', 'akta_Kamilia zaskia tul uswah_20240807_142850.jpg', 'berkas/0KClKLoPY28Rmyq4qUMXUb7phXkpCn7CTRyGJ9lx.jpg', 'pas_foto_Kamilia zaskia tul uswah_20240807_142850.jpg', 'berkas/4j21VNQCznTH59pRXqiwQUxPcfH5vPa8QqSdU5cg.jpg', NULL, NULL, '2024-08-07 07:28:50', '2024-08-07 07:28:50'),
(244, 251, 'ijazah_skl_Nuhah fitriani_20240807_153751.pdf', 'berkas/pJiJP5PO4OmBlzh8mkMq9gBGl2szPVmQRkoijFqS.pdf', NULL, NULL, 'kk_Nuhah fitriani_20240807_153751.pdf', 'berkas/FiTCfFiX8Atfk3h8AjUpfJ2Un5aRi5YF6vPj9XQY.pdf', 'ktp_Nuhah fitriani_20240807_153751.pdf', 'berkas/IMooYNC51zuLT9ZlLwIPLObROlkiqO7BAqk5RfMh.pdf', 'akta_Nuhah fitriani_20240807_153751.pdf', 'berkas/LDrT8fPBLUK95xcY93reGyZdyLmjLR7CVkkNAs5g.pdf', 'pas_foto_Nuhah fitriani_20240807_153751.pdf', 'berkas/3kGUT1uLO7nRcIxsKngsoI8V8h33plReMzBloZ8a.pdf', NULL, NULL, '2024-08-07 08:37:51', '2024-08-07 08:37:51'),
(245, 252, 'ijazah_skl_Yulis Damayanti_20240810_180049.jpg', 'berkas/srjrI4HqHQderKCnOoVb4iqntwLnRmndgeyB9I9i.jpg', NULL, NULL, 'kk_Yulis Damayanti_20240810_180049.jpg', 'berkas/jVin4FRr8vfXbnk8P9XBkrGSYOVRoaZTjJfRwZVo.jpg', 'ktp_Yulis Damayanti_20240810_180049.jpg', 'berkas/mp5xhoV7Jup5V0F0qebpbayfxJzQW0UmP7TGmvUM.jpg', 'akta_Yulis Damayanti_20240810_180050.jpg', 'berkas/eqJGFFU1lM4MJ73YaH2eviHj6ezcyHv5wwSAmm0A.jpg', 'pas_foto_Yulis Damayanti_20240810_180049.jpg', 'berkas/rGCFOgttMPimNGOepsxNXaaZGBAtJmNp5cwLAmLN.jpg', 'doc_pend_jalur_masuk_Yulis Damayanti_20240810_180050.pdf', 'berkas/8iIIfFpV7wYLCR0q6dwf0eDo9ttpJ671YiPLTsLP.pdf', '2024-08-10 11:00:49', '2024-08-10 11:00:50'),
(247, 254, 'ijazah_skl_FAHRUDDIN_20240811_120033.pdf', 'berkas/oEa788TEOe23oqGPa93yLU5s0IwlYgUp5zs3yXiq.pdf', NULL, NULL, 'kk_FAHRUDDIN_20240811_120034.pdf', 'berkas/wII6DItDOAvOGKbsGmu3kAcf8Ptd6JPNWemm2qgT.pdf', 'ktp_FAHRUDDIN_20240811_120034.pdf', 'berkas/7jQkjqsV8bK4cfEEBZq75dxMPb920ZZeGHBjmYeh.pdf', 'akta_FAHRUDDIN_20240811_120034.pdf', 'berkas/OozGD4JLmi98HKhSV2v3WgsvWhCKQhU3DFFvVtbN.pdf', 'pas_foto_FAHRUDDIN_20240811_120033.jpeg', 'berkas/j0cuJqgrCCly0Kd1rZwGVXFllIVujzbEy6qV2GQR.jpg', 'doc_pend_jalur_masuk_FAHRUDDIN_20240811_120034.pdf', 'berkas/hC9WP2bCoph4sm8x1Zhjmlw5Dq5ccPbnpMzLcKkH.pdf', '2024-08-11 05:00:33', '2024-08-11 05:00:34'),
(248, 255, 'ijazah_skl_Lailatul badriyeh_20240812_040423.jpg', 'berkas/EFD7MaEUHnApaURyyvn65l9Jdy2XZm880BzYyYSO.jpg', NULL, NULL, 'kk_Lailatul badriyeh_20240812_040423.jpg', 'berkas/oRpEb6A660P1rQIgEbQFKJ7aGW5mA7SUNOI94Ndg.jpg', 'ktp_Lailatul badriyeh_20240812_040423.jpg', 'berkas/UamfNFRW7WwtoIJ51b19ZQP2durR57LDM9LzkyA2.jpg', 'akta_Lailatul badriyeh_20240812_040423.jpg', 'berkas/ohm5tyUqRCedoQlTfXjNGKtx692sO6B8aV22gzKW.jpg', 'pas_foto_Lailatul badriyeh_20240812_040423.jpg', 'berkas/rRmFBVl0nTyrcHnMCsO35FuZvRx6NNmaxLGP7y9A.jpg', 'doc_pend_jalur_masuk_Lailatul badriyeh_20240812_040423.jpg', 'berkas/GF9DBLIOcmdb1yDKc4eTF3HMQ5moXdP9QhF9bO67.jpg', '2024-08-11 21:04:23', '2024-08-11 21:04:23'),
(250, 257, 'ijazah_skl_RIZQILLAH ADITYA RAHMAN_20240812_080837.jpeg', 'berkas/delDGShPWoQqkQ8SCySWsk77mPM9RBVglhCUkpXU.jpg', NULL, NULL, 'kk_RIZQILLAH ADITYA RAHMAN_20240812_080837.jpeg', 'berkas/c8a91tBEFCR0Cfr2DGSplTEWf2iInbd00xI6gcld.jpg', 'ktp_RIZQILLAH ADITYA RAHMAN_20240812_080837.jpeg', 'berkas/PEMgqPwBGSq2MYCqSoBQHeYmxFxVTKRbXvvboSAR.jpg', 'akta_RIZQILLAH ADITYA RAHMAN_20240812_080838.jpeg', 'berkas/qe8q2iWKywLOmcGbMu9J4QiEsqrMyXtv2n8oQHNR.jpg', 'pas_foto_RIZQILLAH ADITYA RAHMAN_20240812_080837.jpeg', 'berkas/x1EpAExT6bx1s9GKWMxvXUkzhfY80IkVlJBfoqR3.jpg', 'doc_pend_jalur_masuk_RIZQILLAH ADITYA RAHMAN_20240812_080838.jpeg', 'berkas/Jjog6fROJLzwWJzzk9FxTd0UFK5rsJEatuCxtny4.jpg', '2024-08-12 01:08:37', '2024-08-12 01:08:38'),
(251, 258, 'ijazah_skl_Jamilatul Mukarromah_20240812_101234.jpg', 'berkas/qCFLkMLqhoecf39vBCSbSa6wtfu5Mjg6IraqFlpb.jpg', NULL, NULL, 'kk_Jamilatul Mukarromah_20240812_101234.jpg', 'berkas/j8FaV0xSLVH9GbB30S9aqJOeAevSKuoI6tnxDq2C.jpg', 'ktp_Jamilatul Mukarromah_20240812_101234.jpg', 'berkas/Krl0SvGjGt6LGYQodPi3QkALJ8cWWO5tbB0PEGLp.jpg', 'akta_Jamilatul Mukarromah_20240812_101234.jpg', 'berkas/C3aE7SLmcq0SbDtFQzypohTjfiqok10n1FFcrAGx.jpg', 'pas_foto_Jamilatul Mukarromah_20240812_101234.png', 'berkas/qXk0A1PW5y68t0wfIqDZaoRySAv4VzzzNZzeFvOe.png', 'doc_pend_jalur_masuk_Jamilatul Mukarromah_20240812_101234.jpg', 'berkas/tWocWXGd8hn83WqmpveO3y7zyrmJqEqLSf8Inz5R.jpg', '2024-08-12 03:12:34', '2024-08-12 03:12:34'),
(252, 259, 'ijazah_skl_KHAIRUL MUTAWAKKILIN_20240812_104920.jpeg', 'berkas/qxiw7Dpnp69iIvjQgeBouWafU6TMMzPVaMsHyu3M.jpg', NULL, NULL, 'kk_KHAIRUL MUTAWAKKILIN_20240812_104920.jpeg', 'berkas/0qM7ofoWc0g0ylkzRxpFYg6WLGstu3J5vANPQZRE.jpg', 'ktp_KHAIRUL MUTAWAKKILIN_20240812_104920.jpeg', 'berkas/1sTseAKHF52ZiBMvnVEw0NNWvo2l6Ytews9ngL5D.jpg', 'akta_KHAIRUL MUTAWAKKILIN_20240812_104920.jpeg', 'berkas/AC6I8JOquaK9LEKKBZsNspv26uIKscYNUotoM4V6.jpg', 'pas_foto_KHAIRUL MUTAWAKKILIN_20240812_104920.jpeg', 'berkas/PaUYyFoJYczENH27SawPAZw5illXwBlptRftZIg8.jpg', NULL, NULL, '2024-08-12 03:49:20', '2024-08-12 03:49:20'),
(254, 261, 'ijazah_skl_Kalimasada Akbar Muslim_20240813_191457.pdf', 'berkas/54LEceyYZY2NGGMTzQd0KM2w3WRCBgnPvemdWjtO.pdf', NULL, NULL, 'kk_Kalimasada Akbar Muslim_20240813_191457.jpeg', 'berkas/cq7HcBP2Q12EesX3s5luan1NpJqObNtgzvBewQRp.jpg', 'ktp_Kalimasada Akbar Muslim_20240813_191457.jpeg', 'berkas/WxIj76b1wV2us2r4YusXUY7bEzKj0wTH3s1YSO4A.jpg', 'akta_Kalimasada Akbar Muslim_20240813_191457.pdf', 'berkas/EIC8npeYRDiHW0mVFFqYfQVgL2fck1fkJXphpQDb.pdf', 'pas_foto_Kalimasada Akbar Muslim_20240813_191457.jpeg', 'berkas/452GrKvv4LyJ0XpMdybWE2Je9ia6KnvEg4vhRSZZ.jpg', 'doc_pend_jalur_masuk_Kalimasada Akbar Muslim_20240813_191457.jpeg', 'berkas/1S2Y5FZXKhxQ9ITnfMVsOSL9C3ry2yUy0S1g75Ta.jpg', '2024-08-13 12:14:57', '2024-08-13 12:14:57'),
(255, 262, 'ijazah_skl_DANDI TIRTATULLAH AL HAQ_20240813_194045.jpeg', 'berkas/J5b78E4xnne1zIVdoUTrmuQ58GMGxggcgp2NGaYy.jpg', NULL, NULL, 'kk_DANDI TIRTATULLAH AL HAQ_20240813_194045.pdf', 'berkas/5QDiKzSf60DZ5bUUpgaeRstPNzsL46lgYUCryysK.pdf', 'ktp_DANDI TIRTATULLAH AL HAQ_20240813_194045.jpeg', 'berkas/m8U6zZI0vrckkKrpqBjTV4cStkjh920Ih0MADGam.jpg', 'akta_DANDI TIRTATULLAH AL HAQ_20240813_194045.jpeg', 'berkas/Jw7JqsysE7zrZmtNHIhi4ymJNZIXKvcNiz3BDo7v.jpg', 'pas_foto_DANDI TIRTATULLAH AL HAQ_20240813_194045.jpeg', 'berkas/nqT61iKJ06bhBaQYMEMitHHhhwEUg94aeIxkPiYT.jpg', 'doc_pend_jalur_masuk_DANDI TIRTATULLAH AL HAQ_20240813_194045.jpeg', 'berkas/puBCVwJwTiFq8KnTm9MxFNu8S1fVFSfIamjPw9Z8.jpg', '2024-08-13 12:40:45', '2024-08-13 12:40:45'),
(256, 263, 'ijazah_skl_Nur Aini Muhfia Sari_20240814_090951.pdf', 'berkas/wazYWD9siQGSyOShAHIuw9CvL6szGpLiLQfuMVKA.pdf', NULL, NULL, 'kk_Nur Aini Muhfia Sari_20240814_090951.pdf', 'berkas/5aqolGpEFpOAoC3por0v9xMbfkbr444Ojxp1H2m3.pdf', 'ktp_Nur Aini Muhfia Sari_20240814_090951.pdf', 'berkas/9HJCvWSr7NZzbmwHrdfNVek0Q0kyNt2zbGfVq6HA.pdf', 'akta_Nur Aini Muhfia Sari_20240814_090952.pdf', 'berkas/V57hpqAiXCg6RSshdIAGxhhbi6CzntayELkVzzTW.pdf', 'pas_foto_Nur Aini Muhfia Sari_20240814_090951.jpg', 'berkas/O47r76wcE7bXOuWz8dy3aAFcyfZUsYflxQ9yM5tl.jpg', 'doc_pend_jalur_masuk_Nur Aini Muhfia Sari_20240814_090952.pdf', 'berkas/C5e9iyFfQO5le1Ld0mgOJJ3ttedRoRGIdZcCQfnh.pdf', '2024-08-14 02:09:51', '2024-08-14 02:09:52'),
(257, 264, 'ijazah_skl_Sahrul hidayat_20240814_110833.jpg', 'berkas/rI6pLUqHuoWwEIbHkoVyWJKj6bvGKyn304N9lq5E.jpg', NULL, NULL, 'kk_Sahrul hidayat_20240814_110833.jpg', 'berkas/R23DgLTd5cS6EQXUjg38d6xjonhgYndPe4Msh1te.jpg', 'ktp_Sahrul hidayat_20240814_110833.jpg', 'berkas/XwhriACCgUB3TN7INaRHGuLF5ZYIsRMSZsXkPMLZ.jpg', 'akta_Sahrul hidayat_20240814_110833.jpg', 'berkas/poyvh00F2eaYUUlb4Mluq21ZHOjAR8nMngXbggrF.jpg', 'pas_foto_Sahrul hidayat_20240814_110833.jpg', 'berkas/B2tIU6ZAaBQR3LMPhALtt32wjtgjXbuhBvA9VOp6.jpg', 'doc_pend_jalur_masuk_Sahrul hidayat_20240814_110833.jpg', 'berkas/1chy66JX5ynNDGgqUumMA29PAaLB2cLEIPQv4KQJ.jpg', '2024-08-14 04:08:33', '2024-08-14 04:08:33'),
(259, 266, 'ijazah_skl_Mahesa ardi_20240814_121652.jpg', 'berkas/SNOJJ6sWBi12Q03FAtUz5eMlh11iFW86jaMiYB9F.jpg', NULL, NULL, 'kk_Mahesa ardi_20240814_121652.jpg', 'berkas/f0OPvQRCfkNVw5cJV0MJCbElgShnXkONBzugdeRI.jpg', 'ktp_Mahesa ardi_20240814_121652.jpg', 'berkas/zCekMJVwneYi6uw12AldWRU4jFnsm9v6ftvNlaIW.jpg', 'akta_Mahesa ardi_20240814_121652.jpg', 'berkas/kF1uVh6Z2g1KNogy8hLfkDGYjezmiVA8eU5nx5Ma.jpg', 'pas_foto_Mahesa ardi_20240814_121652.jpg', 'berkas/UMoTGEWHcEiHVCMCiuCW6DO3E8CipVC2jOHY38Ez.jpg', 'doc_pend_jalur_masuk_Mahesa ardi_20240814_121652.jpg', 'berkas/Gesd65nj5zpphsgN5TD3IoeMxAhnBmSbGLiGyCNM.jpg', '2024-08-14 05:16:52', '2024-08-14 05:16:52'),
(260, 267, 'ijazah_skl_M.Rizki Royan Habibi_20240815_105917.jpg', 'berkas/QNM8pcMofiPg3eJpDJZEkfrfqvdSleo0yqJJUxHT.jpg', NULL, NULL, 'kk_M.Rizki Royan Habibi_20240815_105917.jpg', 'berkas/5kq6UNZ72a0yLsBKBARCrcrOLQKrfHZffoVmmldD.jpg', 'ktp_M.Rizki Royan Habibi_20240815_105917.jpg', 'berkas/nuGtKzoGPKtknvb9Y1VukCrNaV7kTvhrIHxkBR6a.jpg', 'akta_M.Rizki Royan Habibi_20240815_105918.jpg', 'berkas/CDCiwkX4RJ8qIKXKTdFX24D3G6GIEnjAXG5BSOhx.jpg', 'pas_foto_M.Rizki Royan Habibi_20240815_105917.jpg', 'berkas/lHsIFkkvthEErtX4OAw1h8VvgZF0C8FWFSV6VSdt.jpg', 'doc_pend_jalur_masuk_M.Rizki Royan Habibi_20240815_105918.jpg', 'berkas/xYEoRdsd7NJ04ZLGWozHJCfPoCRQhmZ14JgcrRkt.jpg', '2024-08-15 03:59:17', '2024-08-15 03:59:18');

-- --------------------------------------------------------

--
-- Table structure for table `failed_jobs`
--

CREATE TABLE `failed_jobs` (
  `id` bigint(20) UNSIGNED NOT NULL,
  `uuid` varchar(255) NOT NULL,
  `connection` text NOT NULL,
  `queue` text NOT NULL,
  `payload` longtext NOT NULL,
  `exception` longtext NOT NULL,
  `failed_at` timestamp NOT NULL DEFAULT current_timestamp()
) ENGINE=InnoDB DEFAULT CHARSET=utf8mb4 COLLATE=utf8mb4_unicode_ci;

-- --------------------------------------------------------

--
-- Table structure for table `informasis`
--

CREATE TABLE `informasis` (
  `id` bigint(20) UNSIGNED NOT NULL,
  `title` varchar(255) NOT NULL,
  `slug` varchar(255) NOT NULL,
  `content` text NOT NULL,
  `image` varchar(255) DEFAULT NULL,
  `created_at` timestamp NULL DEFAULT NULL,
  `updated_at` timestamp NULL DEFAULT NULL
) ENGINE=InnoDB DEFAULT CHARSET=utf8mb4 COLLATE=utf8mb4_unicode_ci;

--
-- Dumping data for table `informasis`
--

INSERT INTO `informasis` (`id`, `title`, `slug`, `content`, `image`, `created_at`, `updated_at`) VALUES
(1, 'Pendaftaran Mahasiswa Baru 2024', 'pendaftaran-mahasiswa-baru-2024', '<p>Telah di buka Pendaftaran Mahasiswa Baru 2024</p>', 'pengumuman/loJTCKUHuXhEX3PFtsaQytu1KH0SrEELD7ExYlZr.jpg', '2024-04-23 03:33:13', '2024-04-23 03:33:13'),
(2, 'Pendaftaran Mahasiswa Baru Jalur RPL 2024', 'pendaftaran-mahasiswa-baru-jalur-rpl-2024', '<p>Telah dibuka Pendaftaran Mahasiswa Baru 2024 Jalur RPL</p>', 'pengumuman/OaGtMoBuzpyW21mS8fk5mngbHa5Klqm5BLiGsSjD.jpg', '2024-04-23 03:34:12', '2024-04-23 03:34:12');

-- --------------------------------------------------------

--
-- Table structure for table `informasi_kampuses`
--

CREATE TABLE `informasi_kampuses` (
  `id` bigint(20) UNSIGNED NOT NULL,
  `name` varchar(255) DEFAULT NULL,
  `alamat` text DEFAULT NULL,
  `email` text DEFAULT NULL,
  `noTelp` text DEFAULT NULL,
  `created_at` timestamp NULL DEFAULT NULL,
  `updated_at` timestamp NULL DEFAULT NULL
) ENGINE=InnoDB DEFAULT CHARSET=utf8mb4 COLLATE=utf8mb4_unicode_ci;

--
-- Dumping data for table `informasi_kampuses`
--

INSERT INTO `informasi_kampuses` (`id`, `name`, `alamat`, `email`, `noTelp`, `created_at`, `updated_at`) VALUES
(1, 'STKIP PGRI Bangkalan', 'Jl. Soekarno Hatta No.52, Wr 07, Mlajah, Kec. Bangkalan, Kabupaten Bangkalan, Jawa Timur 69116', 'admin@stkippgri-bkl.ac.id', '03199301078', NULL, '2024-04-02 04:45:44');

-- --------------------------------------------------------

--
-- Table structure for table `jalur_masuks`
--

CREATE TABLE `jalur_masuks` (
  `id` bigint(20) UNSIGNED NOT NULL,
  `nama` varchar(255) NOT NULL,
  `deskripsi` text DEFAULT NULL,
  `biaya` bigint(20) NOT NULL DEFAULT 0,
  `jumlah_pendaftar` int(10) UNSIGNED NOT NULL DEFAULT 0,
  `jumlah_maks_pendaftar` int(10) UNSIGNED NOT NULL DEFAULT 1,
  `status` enum('aktif','tidak aktif') NOT NULL,
  `created_at` timestamp NULL DEFAULT NULL,
  `updated_at` timestamp NULL DEFAULT NULL
) ENGINE=InnoDB DEFAULT CHARSET=utf8mb4 COLLATE=utf8mb4_unicode_ci;

--
-- Dumping data for table `jalur_masuks`
--

INSERT INTO `jalur_masuks` (`id`, `nama`, `deskripsi`, `biaya`, `jumlah_pendaftar`, `jumlah_maks_pendaftar`, `status`, `created_at`, `updated_at`) VALUES
(5, 'Jalur TES', '<p>Jalur Tes Mandiri di STKIP PGRI Bangkalan</p>', 250000, 26, 100, 'aktif', NULL, '2024-04-24 03:24:52'),
(7, 'Jalur Prestasi - Non Tes', '<p>Jalur ini dikhususkan untuk Calon Mahasiswa yang memiliki prestasi baik dibidang Akademik maupun Non Akademik yang dibuktikan dengan mengupload <strong>Serifikat Prestasi.</strong></p>\r\n\r\n<p>Benefit yang diperoleh :</p>\r\n\r\n<p>- Untuk Prestasi Tingkat Lokal Diskon 25% Biaya Komponen</p>\r\n\r\n<p>- Untuk Prestasi Tingkat Nasional Diskon 50% Biaya Komponen</p>\r\n\r\n<p>- Untuk Prestasi Tingkat Internasional Gratis Biaya Komponen</p>', 250000, 6, 35, 'aktif', '2024-04-24 03:20:58', '2024-04-24 03:41:10'),
(8, 'Jalur Registrasi Utama - Non Tes', '<p>Jalur ini diperuntukkan bagi Calon Mahasiswa yang <strong>Wajib</strong> melakukan Registrasi Ualng lebih awal yaitu dengan waktu 1 minggu setelah pengumuman hasil seleksi Calon Mahasiswa Baru diumumkan.</p>\r\n\r\n<p>Jalur ini mempunyai Benefit yaitu mendapatkan <strong>Gratis <em>Notebook</em></strong><strong>.</strong></p>\r\n\r\n<p>&nbsp;</p>', 250000, 12, 35, 'aktif', '2024-04-24 03:22:32', '2024-04-24 04:21:02'),
(9, 'Jalur Putra/putri PGRI - Non Tes', '<p>Jalur ini diperuntukkan bagi Calon Mahasiswa yang orangtuanya berprofesi sebagai Guru yang beranggotakan PGRI, yang dibuktikan dengan mengupload <strong>Kartu PGRI</strong> milik orangtuanya.</p>\r\n\r\n<p>Jalur ini mempunyai Benefit yaitu <strong>Diskon 30% SPP Selama 8 Semester.</strong></p>', 250000, 14, 70, 'aktif', '2024-04-24 03:23:04', '2024-04-24 03:47:39'),
(10, 'Jalur Putra/putri Guru - Non Tes', '<p>Jalur ini diperuntukkan bagi Calon Mahasiswa yang orangtuanya berprofesi sebagai Guru, yang dibuktikan dengan mengupload <strong>SK Kerja</strong>&nbsp;milik orangtuanya.</p>\r\n\r\n<p>Jalur ini mempunyai Benefit yaitu <strong>Diskon 10% SPP Selama 8 Semester.</strong></p>', 250000, 4, 35, 'aktif', '2024-04-24 03:23:33', '2024-04-24 03:50:20'),
(11, 'Jalur Santri dan Santriwati - Non Tes', '<p>Jalur ini diperuntukkan bagi Calon Mahasiswa yang berstatus sebagai Santri / Santriwati di pondok pesantren, yang dibuktikan dengan mengupload <strong>Kartu Santri</strong>&nbsp;atau <strong>Surat Keternagan dari pondok</strong>.</p>\r\n\r\n<p>Jalur ini mempunyai Benefit yaitu <strong>Diskon 50% SPP 1 Semester.</strong></p>', 250000, 13, 70, 'aktif', '2024-04-24 03:24:07', '2024-04-24 03:52:48'),
(12, 'Jalur SNPMB - Non Tes', '<p>Jalur ini diperuntukkan bagi Calon Mahasiswa yang gagal mengikuti seleksi kampus Negeri / SNPMB, yang dibuktikan dengan mengupload <strong>Kartu Peserta SNPMB</strong>.</p>\r\n\r\n<p>Jalur ini mempunyai Benefit yaitu <strong>Diskon 25% DPP.</strong></p>', 250000, 9, 140, 'aktif', '2024-04-24 03:24:41', '2024-04-24 03:55:13'),
(13, 'Jalur MOU - Non Tes', '<p>Jalur ini diperuntukkan bagi Calon Mahasiswa yang sekolahnya telah melakukan kerjasama / MOU dengan kampus kami STKIP PGRI Bangkalan, yang dibuktikan dengan mengupload <strong>Scan Berkas MOU.</strong></p>\r\n\r\n<p>Jalur ini mempunyai Benefit yaitu <strong>Diskon 50% DPP.</strong></p>', 250000, 7, 35, 'aktif', '2024-04-24 03:26:19', '2024-04-24 03:57:35'),
(14, 'Jalur KIP - Non Tes', NULL, 250000, 81, 100, 'aktif', '2024-04-24 03:27:18', '2024-04-24 03:27:18'),
(15, 'Program S1 Rekognisi Pembelajaran Lampau (RPL)', '<p>Program percepatan kuliah dengan persyaratan wajib yaitu ijazah SMA/Sederajat dan dengan Pengalaman Kerja minimal 2 tahun, yang dibuktikan dengan mengupload&nbsp;<strong>SK Kerja.</strong></p>', 250000, 24, 100, 'aktif', '2024-04-24 03:31:20', '2024-04-24 04:18:24');

-- --------------------------------------------------------

--
-- Table structure for table `jalur_masuk_prodis`
--

CREATE TABLE `jalur_masuk_prodis` (
  `id` bigint(20) UNSIGNED NOT NULL,
  `prodi_id` bigint(20) UNSIGNED NOT NULL,
  `jalur_masuk_id` bigint(20) UNSIGNED NOT NULL,
  `kuota` int(11) NOT NULL,
  `created_at` timestamp NULL DEFAULT NULL,
  `updated_at` timestamp NULL DEFAULT NULL
) ENGINE=InnoDB DEFAULT CHARSET=utf8mb4 COLLATE=utf8mb4_unicode_ci;

--
-- Dumping data for table `jalur_masuk_prodis`
--

INSERT INTO `jalur_masuk_prodis` (`id`, `prodi_id`, `jalur_masuk_id`, `kuota`, `created_at`, `updated_at`) VALUES
(1, 5, 17, 323, '2024-06-03 03:53:19', '2024-06-03 03:53:19'),
(2, 6, 17, 23, '2024-06-03 03:53:19', '2024-06-03 03:53:19'),
(3, 7, 17, 23, '2024-06-03 03:53:19', '2024-06-03 03:53:19'),
(4, 8, 17, 23, '2024-06-03 03:53:19', '2024-06-03 03:53:19'),
(5, 9, 17, 23, '2024-06-03 03:53:19', '2024-06-03 03:53:19'),
(6, 10, 17, 23, '2024-06-03 03:53:19', '2024-06-03 03:53:19'),
(7, 11, 17, 23, '2024-06-03 03:53:19', '2024-06-03 03:53:19'),
(8, 5, 18, 235, '2024-06-03 03:54:21', '2024-06-03 03:54:21'),
(9, 6, 18, 235, '2024-06-03 03:54:21', '2024-06-03 03:54:21'),
(10, 7, 18, 325, '2024-06-03 03:54:21', '2024-06-03 03:54:21'),
(11, 8, 18, 235, '2024-06-03 03:54:21', '2024-06-03 03:54:21'),
(12, 9, 18, 235, '2024-06-03 03:54:21', '2024-06-03 03:54:21'),
(13, 10, 18, 235, '2024-06-03 03:54:21', '2024-06-03 03:54:21'),
(14, 11, 18, 532, '2024-06-03 03:54:21', '2024-06-03 03:54:21'),
(15, 5, 5, 100, '2024-06-03 03:56:52', '2024-06-03 03:58:16'),
(16, 6, 5, 97, '2024-06-03 03:56:52', '2024-08-05 01:21:10'),
(17, 7, 5, 99, '2024-06-03 03:56:52', '2024-08-07 08:19:13'),
(18, 8, 5, 99, '2024-06-03 03:56:52', '2024-07-29 08:25:21'),
(19, 9, 5, 100, '2024-06-03 03:56:52', '2024-06-03 03:58:16'),
(20, 10, 5, 95, '2024-06-03 03:56:52', '2024-08-01 02:41:31'),
(21, 11, 5, 94, '2024-06-03 03:56:52', '2024-08-08 01:17:52'),
(22, 5, 7, 5, '2024-06-03 03:57:08', '2024-06-07 01:30:03'),
(23, 6, 7, 4, '2024-06-03 03:57:08', '2024-06-07 01:30:03'),
(24, 7, 7, 5, '2024-06-03 03:57:08', '2024-06-07 01:30:03'),
(25, 8, 7, 4, '2024-06-03 03:57:08', '2024-06-07 01:30:03'),
(26, 9, 7, 5, '2024-06-03 03:57:08', '2024-06-07 01:30:03'),
(27, 10, 7, 0, '2024-06-03 03:57:08', '2024-06-19 02:26:49'),
(28, 11, 7, 4, '2024-06-03 03:57:08', '2024-06-07 01:59:27'),
(29, 5, 8, 5, '2024-06-03 03:57:24', '2024-06-03 03:57:24'),
(30, 6, 8, 0, '2024-06-03 03:57:24', '2024-07-30 06:07:05'),
(31, 7, 8, 4, '2024-06-03 03:57:24', '2024-07-03 08:29:21'),
(32, 8, 8, 4, '2024-06-03 03:57:24', '2024-06-07 02:28:32'),
(33, 9, 8, 3, '2024-06-03 03:57:24', '2024-06-07 02:28:32'),
(34, 10, 8, 0, '2024-06-03 03:57:24', '2024-08-12 03:51:19'),
(35, 11, 8, 1, '2024-06-03 03:57:24', '2024-07-01 03:09:46'),
(36, 5, 9, 10, '2024-06-03 03:57:36', '2024-06-07 02:31:00'),
(37, 6, 9, 9, '2024-06-03 03:57:36', '2024-06-07 02:31:00'),
(38, 7, 9, 7, '2024-06-03 03:57:36', '2024-07-05 03:17:45'),
(39, 8, 9, 10, '2024-06-03 03:57:36', '2024-06-07 02:31:00'),
(40, 9, 9, 8, '2024-06-03 03:57:36', '2024-06-07 02:31:00'),
(41, 10, 9, 5, '2024-06-03 03:57:36', '2024-07-04 07:07:49'),
(42, 11, 9, 1, '2024-06-03 03:57:36', '2024-07-10 08:10:47'),
(43, 5, 10, 5, '2024-06-03 03:58:36', '2024-06-03 03:58:36'),
(44, 6, 10, 5, '2024-06-03 03:58:36', '2024-06-03 03:58:36'),
(45, 7, 10, 5, '2024-06-03 03:58:36', '2024-06-03 03:58:36'),
(46, 8, 10, 5, '2024-06-03 03:58:36', '2024-06-03 03:58:36'),
(47, 9, 10, 4, '2024-06-03 03:58:36', '2024-07-03 08:32:41'),
(48, 10, 10, 4, '2024-06-03 03:58:36', '2024-06-07 02:33:55'),
(49, 11, 10, 2, '2024-06-03 03:58:36', '2024-06-24 01:45:00'),
(50, 5, 11, 9, '2024-06-03 03:58:50', '2024-06-07 02:35:24'),
(51, 6, 11, 8, '2024-06-03 03:58:50', '2024-07-10 08:12:47'),
(52, 7, 11, 8, '2024-06-03 03:58:50', '2024-07-10 02:19:23'),
(53, 8, 11, 7, '2024-06-03 03:58:50', '2024-07-10 08:22:30'),
(54, 9, 11, 10, '2024-06-03 03:58:50', '2024-06-07 02:35:24'),
(55, 10, 11, 9, '2024-06-03 03:58:50', '2024-06-07 02:35:24'),
(56, 11, 11, 0, '2024-06-03 03:58:50', '2024-06-07 02:35:24'),
(57, 5, 12, 20, '2024-06-03 03:59:06', '2024-06-07 02:36:39'),
(58, 6, 12, 20, '2024-06-03 03:59:06', '2024-06-07 02:36:39'),
(59, 7, 12, 20, '2024-06-03 03:59:06', '2024-06-07 02:36:39'),
(60, 8, 12, 20, '2024-06-03 03:59:06', '2024-06-07 02:36:39'),
(61, 9, 12, 19, '2024-06-03 03:59:06', '2024-06-07 02:36:39'),
(62, 10, 12, 19, '2024-06-03 03:59:06', '2024-06-07 02:36:39'),
(63, 11, 12, 11, '2024-06-03 03:59:06', '2024-07-09 06:17:52'),
(64, 5, 13, 5, '2024-06-03 03:59:25', '2024-06-03 03:59:25'),
(65, 6, 13, 4, '2024-06-03 03:59:25', '2024-07-11 04:51:46'),
(66, 7, 13, 4, '2024-06-03 03:59:25', '2024-06-03 08:27:02'),
(67, 8, 13, 4, '2024-06-03 03:59:25', '2024-06-06 01:27:04'),
(68, 9, 13, 4, '2024-06-03 03:59:25', '2024-06-07 02:37:31'),
(69, 10, 13, 3, '2024-06-03 03:59:25', '2024-06-19 05:40:49'),
(70, 11, 13, 1, '2024-06-03 03:59:25', '2024-06-24 06:24:22'),
(71, 5, 14, 43, '2024-06-03 03:59:49', '2024-08-12 01:40:45'),
(72, 6, 14, 36, '2024-06-03 03:59:49', '2024-08-14 04:45:39'),
(73, 7, 14, 48, '2024-06-03 03:59:49', '2024-07-01 02:00:17'),
(74, 8, 14, 46, '2024-06-03 03:59:49', '2024-08-12 03:17:15'),
(75, 9, 14, 46, '2024-06-03 03:59:49', '2024-07-18 06:28:03'),
(76, 10, 14, 36, '2024-06-03 03:59:49', '2024-08-15 05:13:56'),
(77, 11, 14, 31, '2024-06-03 03:59:49', '2024-08-14 07:04:51'),
(78, 5, 15, 10, '2024-06-03 04:00:14', '2024-06-03 04:00:14'),
(79, 6, 15, 9, '2024-06-03 04:00:14', '2024-07-23 03:31:44'),
(80, 7, 15, 8, '2024-06-03 04:00:14', '2024-08-01 02:42:06'),
(81, 8, 15, 10, '2024-06-03 04:00:14', '2024-06-03 04:00:14'),
(82, 9, 15, 10, '2024-06-03 04:00:14', '2024-06-03 04:00:14'),
(83, 10, 15, 5, '2024-06-03 04:00:14', '2024-08-14 00:55:54'),
(84, 11, 15, 4, '2024-06-03 04:00:14', '2024-08-01 02:41:45');

-- --------------------------------------------------------

--
-- Table structure for table `jenjang_pendidikans`
--

CREATE TABLE `jenjang_pendidikans` (
  `id` bigint(20) UNSIGNED NOT NULL,
  `nama` varchar(255) NOT NULL,
  `created_at` timestamp NULL DEFAULT NULL,
  `updated_at` timestamp NULL DEFAULT NULL
) ENGINE=InnoDB DEFAULT CHARSET=utf8mb4 COLLATE=utf8mb4_unicode_ci;

--
-- Dumping data for table `jenjang_pendidikans`
--

INSERT INTO `jenjang_pendidikans` (`id`, `nama`, `created_at`, `updated_at`) VALUES
(2, 'S1 REGULER', '2023-11-29 00:23:56', '2024-04-24 03:14:38'),
(3, 'S1 Program Rekognisi Pembelajaran Lampau (RPL)', '2024-04-02 01:51:53', '2024-04-24 03:15:20');

-- --------------------------------------------------------

--
-- Table structure for table `migrations`
--

CREATE TABLE `migrations` (
  `id` int(10) UNSIGNED NOT NULL,
  `migration` varchar(255) NOT NULL,
  `batch` int(11) NOT NULL
) ENGINE=InnoDB DEFAULT CHARSET=utf8mb4 COLLATE=utf8mb4_unicode_ci;

--
-- Dumping data for table `migrations`
--

INSERT INTO `migrations` (`id`, `migration`, `batch`) VALUES
(1, '2014_10_12_000000_create_users_table', 1),
(5, '2023_04_06_034731_create_jenjang_pendidikan_table', 2),
(6, '2023_04_06_034846_create_sistem_kuliah_table', 3),
(7, '2023_04_06_034932_create_jalur_masuk_table', 4),
(8, '2023_04_06_034955_create_prodi_table', 5),
(9, '2023_04_06_031535_create_registers_table', 6),
(10, '2014_10_12_100000_create_password_reset_tokens_table', 7),
(11, '2019_08_19_000000_create_failed_jobs_table', 7),
(12, '2019_12_14_000001_create_personal_access_tokens_table', 7),
(13, '2023_04_17_072210_update_registers_table', 7),
(14, '2023_04_18_014746_update_users_table', 7),
(15, '2023_04_18_054742_add_bukti_pembayaran_to_registers_table', 7),
(16, '2023_04_28_145459_create_banks_table', 7),
(17, '2023_04_28_165446_create_informasi_kampuses_table', 7),
(18, '2023_04_29_020213_create_sosmeds_table', 7),
(19, '2023_04_29_163329_add_biaya_to_jalur_masuk_table', 7),
(20, '2023_04_30_020837_add_columns_and_triggers_to_jalur_masuks_table', 7),
(21, '2023_05_04_082653_create_informasis_table', 7),
(22, '2023_05_05_092452_create_slug_to_informasis_table', 7),
(23, '2023_05_08_054903_create_deskripsi_to_prodis_table', 7),
(24, '2023_05_08_055034_create_deskripsi_to_jalur_masuks_table', 7),
(25, '2023_07_31_032503_add_status_diterima_to_registers_table', 8),
(26, '2023_08_01_051157_create_berkas_pendaftar_table', 8),
(27, '2023_08_03_021644_create_name_on_pemberkasan_table', 8),
(28, '2023_08_24_034357_create_diterima_di_at_registers_table', 9),
(29, '2023_11_09_002635_create_kuota_to_prodis_table', 10),
(30, '2023_11_09_005615_add_sisa_kuota_column_and_trigger_to_prodis_table', 11),
(31, '2023_11_29_084001_insert_columns_to_registers_table', 12),
(32, '2024_04_19_083432_add_column_to_berkas_pendaftars_table', 13),
(33, '2024_05_29_125939_create_jalur_masuk_prodis_table', 14);

-- --------------------------------------------------------

--
-- Table structure for table `password_reset_tokens`
--

CREATE TABLE `password_reset_tokens` (
  `email` varchar(255) NOT NULL,
  `token` varchar(255) NOT NULL,
  `created_at` timestamp NULL DEFAULT NULL
) ENGINE=InnoDB DEFAULT CHARSET=utf8mb4 COLLATE=utf8mb4_unicode_ci;

-- --------------------------------------------------------

--
-- Table structure for table `personal_access_tokens`
--

CREATE TABLE `personal_access_tokens` (
  `id` bigint(20) UNSIGNED NOT NULL,
  `tokenable_type` varchar(255) NOT NULL,
  `tokenable_id` bigint(20) UNSIGNED NOT NULL,
  `name` varchar(255) NOT NULL,
  `token` varchar(64) NOT NULL,
  `abilities` text DEFAULT NULL,
  `last_used_at` timestamp NULL DEFAULT NULL,
  `expires_at` timestamp NULL DEFAULT NULL,
  `created_at` timestamp NULL DEFAULT NULL,
  `updated_at` timestamp NULL DEFAULT NULL
) ENGINE=InnoDB DEFAULT CHARSET=utf8mb4 COLLATE=utf8mb4_unicode_ci;

-- --------------------------------------------------------

--
-- Table structure for table `prodis`
--

CREATE TABLE `prodis` (
  `id` bigint(20) UNSIGNED NOT NULL,
  `nama` varchar(255) NOT NULL,
  `deskripsi` text DEFAULT NULL,
  `kuota` int(11) NOT NULL DEFAULT 0,
  `sisa_kuota` int(11) NOT NULL DEFAULT 0,
  `created_at` timestamp NULL DEFAULT NULL,
  `updated_at` timestamp NULL DEFAULT NULL
) ENGINE=InnoDB DEFAULT CHARSET=utf8mb4 COLLATE=utf8mb4_unicode_ci;

--
-- Dumping data for table `prodis`
--

INSERT INTO `prodis` (`id`, `nama`, `deskripsi`, `kuota`, `sisa_kuota`, `created_at`, `updated_at`) VALUES
(5, 'S1 Pendidikan Pancasila & Kewarganegaraan', NULL, 200, 191, '2023-11-29 01:20:49', '2024-04-24 03:29:32'),
(6, 'S1 Pendidikan Ekonomi', NULL, 200, 167, '2023-11-29 01:22:15', '2024-04-02 04:40:10'),
(7, 'S1 Pendidikan Bahasa & Sastra Indonesia', NULL, 200, 187, NULL, '2024-04-02 04:41:33'),
(8, 'S1 Pendidikan Bahasa Inggris', NULL, 200, 189, '2024-04-02 04:41:22', '2024-04-02 04:41:22'),
(9, 'S1 Pendidikan Matematika', NULL, 200, 194, '2024-04-02 04:41:52', '2024-04-02 04:41:52'),
(10, 'S1 Pendidikan Olahraga', NULL, 200, 151, '2024-04-02 04:42:10', '2024-04-02 04:42:10'),
(11, 'S1 Pendidikan Sekolah Dasar (PGSD)', NULL, 200, 126, '2024-04-02 04:42:32', '2024-04-02 04:42:32');

-- --------------------------------------------------------

--
-- Table structure for table `registers`
--

CREATE TABLE `registers` (
  `id` bigint(20) UNSIGNED NOT NULL,
  `user_id` bigint(20) UNSIGNED NOT NULL,
  `nama` varchar(255) NOT NULL DEFAULT '',
  `nama_ibu` varchar(255) DEFAULT NULL,
  `jk` enum('L','P') NOT NULL,
  `hp` varchar(255) NOT NULL,
  `email` varchar(255) NOT NULL,
  `tempat_lahir` varchar(255) NOT NULL,
  `tanggal_lahir` date NOT NULL,
  `alamat` text NOT NULL,
  `kewarganegaraan` varchar(255) NOT NULL,
  `identitas_kewarganegaraan` varchar(255) NOT NULL,
  `jenjang_pendidikan_id` bigint(20) UNSIGNED NOT NULL,
  `sistem_kuliah_id` bigint(20) UNSIGNED NOT NULL,
  `jalur_masuk_id` bigint(20) UNSIGNED NOT NULL,
  `nama_sekolah` varchar(255) NOT NULL,
  `jenis_sekolah` varchar(255) NOT NULL,
  `jurusan_sekolah` varchar(255) NOT NULL,
  `tahun_lulus` year(4) NOT NULL,
  `nisn` varchar(255) DEFAULT NULL,
  `alamat_sekolah` text NOT NULL,
  `pilihan1` bigint(20) UNSIGNED NOT NULL,
  `pilihan2` bigint(20) UNSIGNED NOT NULL,
  `pilihan3` bigint(20) UNSIGNED NOT NULL,
  `pembayaran` enum('sudah','belum') NOT NULL DEFAULT 'belum',
  `bukti_pembayaran` text DEFAULT NULL,
  `status_diterima` enum('diterima','tidak diterima') NOT NULL DEFAULT 'tidak diterima',
  `diterima_di` bigint(20) UNSIGNED DEFAULT NULL,
  `created_at` timestamp NULL DEFAULT NULL,
  `updated_at` timestamp NULL DEFAULT NULL
) ENGINE=InnoDB DEFAULT CHARSET=utf8mb4 COLLATE=utf8mb4_unicode_ci;

--
-- Dumping data for table `registers`
--

INSERT INTO `registers` (`id`, `user_id`, `nama`, `nama_ibu`, `jk`, `hp`, `email`, `tempat_lahir`, `tanggal_lahir`, `alamat`, `kewarganegaraan`, `identitas_kewarganegaraan`, `jenjang_pendidikan_id`, `sistem_kuliah_id`, `jalur_masuk_id`, `nama_sekolah`, `jenis_sekolah`, `jurusan_sekolah`, `tahun_lulus`, `nisn`, `alamat_sekolah`, `pilihan1`, `pilihan2`, `pilihan3`, `pembayaran`, `bukti_pembayaran`, `status_diterima`, `diterima_di`, `created_at`, `updated_at`) VALUES
(12, 14, 'JOYA NUR PRIYANTI GUNAWAN', 'DWI YANI RAHMAWATI', 'P', '085748156621', 'joyanurp@gmail.com', 'BANGKALAN', '2005-09-20', 'DSN. KARANGASEM, KEL. TANJUNG JATI', 'INDONESIA', '3526046009050002', 2, 2, 12, 'SMAN 1 KAMAL', 'SMA', 'IPA', '2024', '0056103043', 'KAMAL', 10, 11, 7, 'sudah', 'bukti-pembayaran/jjk4ZMQv0HVyCf7WYPmFqMULslE1PYvqQ9SzhCiT.jpg', 'diterima', 10, '2024-04-24 05:20:16', '2024-04-24 05:27:30'),
(14, 16, 'ALFIN MUBAROK', 'MUATI', 'L', '081359103938', 'Alfinmubarokk2005@gmail.com', 'bangkalan', '2005-05-24', 'Mrecah Tanah Merah', 'Indonesia', '3526132405050001', 2, 2, 14, 'MANBAUL HIKAM', 'MAS', 'IPS', '2024', '0057372561', 'JL. RAYA KETENGAN NO 62', 10, 7, 6, 'sudah', 'bukti-pembayaran/3YeS031F6NWyDGsdIyl8i9oBFYfUROIp4ZN7aNXZ.jpg', 'diterima', 10, '2024-04-29 04:51:46', '2024-04-29 08:13:27'),
(15, 17, 'HOIRUL ANAM', 'MUTIYAH', 'L', '082131713198', 'hoirulanam7656@gmail.com', 'Bangkalan', '2005-07-27', 'Galis Barat Galis Bangkalan', 'Indonesia', '3526162707050002', 2, 2, 14, 'MANBAUL HIKAM', 'MAS', 'IPA', '2024', '0054841799', 'JL. RAYA KETENGAN NO 62', 10, 7, 6, 'sudah', 'bukti-pembayaran/jjmhz49A8fjNsijmROJHJB3bpkVCjwtQ7U0B1a9i.jpg', 'diterima', 10, '2024-04-29 04:57:35', '2024-04-29 08:13:53'),
(16, 18, 'SHUFHAN JAMIL', 'JUMA\'ATI', 'L', '081999109501', 'jamilbangkalan6@gmail.com', 'BANGKALAN', '2004-08-04', 'Dsn. Petaonan Utara, Kel. Petaonan, Kec. Socah', 'INDONESIA', '3526020408040003', 2, 2, 14, 'SMK Al-Mujtama\'', 'SMK', 'Rekayasa Perangkat Lunak', '2022', '0047003855', 'Pamekasan', 11, 8, 10, 'sudah', 'bukti-pembayaran/BcYWbKSDpANivAj6ncghzTxz7Z2IX5YcpoX3IMYC.jpg', 'diterima', 11, '2024-04-29 05:06:06', '2024-04-29 08:14:12'),
(17, 19, 'RIZKY BAHTIAR', 'ST. FAUZAH', 'L', '085785474822', 'riskyfira51@gmail.com', 'BANGKALAN', '2005-09-17', 'Dsn. Seddang, Desa Paka\'an Dajah, Kec. Galis', 'INDONESIA', '3526181709050003', 2, 2, 14, 'MAS Al - Ibrohimy', 'MAS', 'IPS', '2024', '3065735732', 'Galis', 10, 11, 7, 'sudah', 'bukti-pembayaran/fHvbxUuJQaYuUW7xuIwvGdtkF406yO4YKfhyhZ9w.jpg', 'diterima', 10, '2024-04-29 05:33:32', '2024-04-29 08:14:43'),
(18, 20, 'MOH. HUSNIL MA\'ARIF', 'KHOIRIYAH', 'L', '087774818718', 'maarifjanuary6111@gmail.com', 'SAMPANG', '2006-01-11', 'Dsn. Trebung, Kel. Taman, Kec. Sreseh', 'INDONESIA', '3527011101060005', 2, 2, 9, 'SMAS AL KHOTIBIYAH', 'SMAS', 'IPA', '2024', '0061661603', 'SAMPANG', 11, 7, 9, 'sudah', 'bukti-pembayaran/FQSh3DBSwyG625Fh84G5kUTIsg4QvPqEdAJv2UbB.jpg', 'diterima', 11, '2024-04-29 05:42:00', '2024-04-29 08:15:02'),
(19, 21, 'SITI ROFIAH', 'SUMIATI', 'P', '081918158401', 'rofiaah31@gmail.com', 'BANGKALAN', '2005-08-31', 'Dsn. Longkak, Kel. Kelbung, Kec. Sepulu', 'INDONESIA', '3526087108050002', 2, 2, 11, 'SMKS Al Muhajirin', 'SMKS', 'Teknik Komputer dan Jaringan', '2023', '0057772676', 'Bangkalan', 11, 6, 8, 'sudah', 'bukti-pembayaran/yQFLtlrJrmcx1pCrCfB81uNxqWSTm3r6zdMiMPJn.jpg', 'diterima', 11, '2024-04-29 05:50:49', '2024-04-29 08:15:17'),
(20, 22, 'Andika dwi anggara', 'Rukayyah', 'L', '087898320355', 'andikadwia1@gmail.com', 'Bangkalan', '1996-10-04', 'Jl Teuku Umar rt003 rw003 kaskel Kemayoran bangkalan', 'Indonesia', '3526010410960001', 2, 2, 15, 'SMA Negeri 03 Bangkalan', 'SMA', 'IPS', '2015', '9968070713', 'Jl. RE. Marthadinata No. 7 Rw 05 Mlajah Bangkalan 69116', 11, 6, 8, 'sudah', 'bukti-pembayaran/lNFWdFCHKv1DnZsD47dp2dqOQnQdwltRzeJayG4q.png', 'diterima', 11, '2024-04-30 06:40:14', '2024-05-03 02:16:35'),
(22, 24, 'Aynia Ramadani', 'Sari\'ah', 'P', '081997971417', 'ayniaramadani29@gmail.com', 'Bangkalan', '2006-09-29', 'Dsn Perreng kenek, desa bumi anyar, kec.Tanjung Bumi', 'Indonesia', '3526096909060001', 2, 2, 8, 'Pendidikan Diniyah Formal Ulya Al Fitrah', 'lainya', 'Lainnya', '2023', '0068986332', 'Jalan Kedinding Lor 99 surabaya', 6, 7, 5, 'sudah', 'bukti-pembayaran/aAkfsECuNQIr5flGnMxJ7lQlkLHWZMIOX2aOXSRM.jpg', 'diterima', 6, '2024-04-30 13:50:24', '2024-05-03 02:24:12'),
(23, 25, 'ROSUL MUHAMMAD DANI', 'Yumrosiyeh', 'L', '085174133441', 'rmuhdani2@gmail.com', 'Bangkalan', '2005-11-07', 'Kp. Tanah Tinggi, Desa Semanan, Kec. Kalideres', 'Indonesia', '3526080711050002', 2, 2, 7, 'SMKS Al Muhajirin', 'SMKS', 'TKJ', '2023', '0055234952', 'Buduran, Arosbaya', 8, 7, 6, 'sudah', 'bukti-pembayaran/s86lnzEskzAh1V8y2AnUQ7KsBzTq7kYHPQGJ9lbN.jpg', 'diterima', 8, '2024-05-03 06:40:29', '2024-05-03 07:08:08'),
(24, 26, 'MIFTAHUL ANSHORI', 'Siti Fatima', 'L', '085607795984', 'miftahulanshoriii@gmail.com', 'Bangkalan', '2003-12-26', 'Dsn. Demangan, Kel. Tunjung, Kec. Burneh', 'Indonesia', '3526032612030001', 2, 2, 14, 'SMK An Nur Fuadi', 'SMK', 'TKJ', '2022', '0039154525', 'Bangkalan', 11, 8, 5, 'sudah', 'bukti-pembayaran/XZmV0x6uiSkmA4KBqqnNl3OziklVfGzNu34lTMSM.jpg', 'diterima', 11, '2024-05-03 06:48:41', '2024-05-03 07:07:49'),
(25, 27, 'MOH. RAIHAN', 'Makkiyah', 'L', '087758558217', 'reeihan19@gmail.com', 'Bangkalan', '2005-02-19', 'Ds. Pangeran Gedungan, Kel. Pangeran Gadungan, Kec. Blega', 'Indonesia', '3526151902050001', 2, 2, 5, 'SMK Negeri 1 Blega', 'SMK', 'Akuntansi', '2023', '0067804489', 'Blega', 10, 7, 9, 'sudah', 'bukti-pembayaran/6kV6wvsHVjxybJGRqzP30uUEoeOYuP3oh5KPmvxJ.jpg', 'diterima', 10, '2024-05-03 06:58:22', '2024-05-03 07:07:34'),
(26, 28, 'SITI ALIYAH', 'Nasiyah', 'P', '085648072375', 'salya2752@gmail.com', 'Bangkalan', '2005-09-14', 'Kmp. Barat Embong, Ds. Sabiyan, Kec. Bangkalan', 'Indonesia', '3526015409050002', 2, 2, 5, 'SMA Negeri 2 Bangkalan', 'SMA', 'IPA', '2024', '0058295619', 'Bangkalan', 6, 9, 8, 'sudah', 'bukti-pembayaran/iYIArsfYrUCahq5auPJhwIoqHKNXct38q2QJJOdk.jpg', 'diterima', 6, '2024-05-03 07:06:37', '2024-05-03 07:07:12'),
(27, 29, 'MUHLIS', 'HORRIYEH', 'L', '085959153075', 'mukhlisfadil28@gmail.com', 'SAMPANG', '2005-11-09', 'MONGGING, ROBATAL', 'INDONESIA', '3527101206050003', 2, 2, 5, 'SMK Darul Amin', 'SMK', 'TKJ', '2023', '0051690549', 'Sumber telor, Pandiyangan, Robatal', 6, 11, 7, 'sudah', 'bukti-pembayaran/mCBhYJmioDwfJ1ZJHXGgpoQaMhflWbxDHZtIl0dd.jpg', 'diterima', 6, '2024-05-03 07:39:02', '2024-05-03 07:45:57'),
(28, 30, 'SALIMATUS SAKDIYAH', 'MISRANI', 'P', '085231466664', 'salimatussakdiyah98@gmail.com', 'Bangkalan', '1998-05-30', 'Dusun Glepa Desa Dupok', 'Indonesia', '3526107005980001', 2, 3, 5, 'Madrasah Aliyah Darul Amin', 'MA', 'IPA', '2016', '9988846943', 'Kecamatan Waru Kabupaten Pamekasan', 11, 10, 5, 'belum', 'bukti-pembayaran/bnaBj9LW1SCjZo2Yja5VPxoK7btmTDwQYphWvIjf.jpg', 'tidak diterima', NULL, '2024-05-03 08:41:28', '2024-05-03 08:41:28'),
(29, 31, 'LATIFATUL SOFIYAH', 'SITI HOTIJAH', 'P', '085955322249', 'asadfhieas12345@gmail.com', 'Bangkalan', '2006-07-03', 'DSN. MORAGUNG SANGGRA AGUNG SOCAH BANGKALAN', 'Indonesia', '3526024307060002', 2, 2, 14, 'MANBAUL HIKAM', 'MAS', 'IPS', '2024', '3066658008', 'JL. RAYA KETENGAN NO 62', 6, 11, 7, 'sudah', 'bukti-pembayaran/0lIYn1oDYFuiJC4pLmyw5f0aqwqQEAxURzcjse67.jpg', 'diterima', 6, '2024-05-06 01:55:19', '2024-05-06 02:29:40'),
(30, 32, 'ABDUL MUIN', 'Senima', 'L', '081933055339', 'abdmuin041086@gmail.com', 'Bangkalan', '1986-10-04', 'Dsn. Bruwas, Ds. Kampao, Kec. Blega', 'WNI', '3526150410860003', 3, 3, 15, 'MA  AL MUKHLISIN KAMPAO', 'MA', 'IPS', '2005', '0', 'Dsn. Dajah Lorong, Ds. Kampao, Kec. Blega', 11, 5, 7, 'sudah', 'bukti-pembayaran/pi32wN3w3wW0KktZMWMngqc5bJvTEgps2KNfDme0.png', 'diterima', 11, '2024-05-07 02:53:19', '2024-05-07 03:49:01'),
(31, 33, 'Marsuli', 'St.Rahmah', 'L', '085257661438', 'suli.ajadech@gmail.com', 'Bangkalan', '1985-07-12', 'Kmp. Dajah Lorong, RT/RW 000/000', 'Indonesia', '3526151207850011', 3, 3, 15, 'MA Al Mukhlisin', 'MA', 'IPA', '2005', '0', 'Dusun dajah lorong.desa kampao', 11, 5, 7, 'sudah', 'bukti-pembayaran/yq1Gh64cFCb6Tw1JcIlYtaNESil2JyPi3fKa5Ln5.jpg', 'diterima', 11, '2024-05-07 03:41:36', '2024-05-07 03:51:24'),
(32, 34, 'MUHAMMAD MAMLU\'UL HIKAM', 'Nur Khozinatul Asroriyah', 'L', '08985499804', 'usaifuddin732@gmail.com', 'Bangkalan', '2005-09-08', 'Jl. Pemuda Kaffa No. 98, Kel. Tunjung, Kec. Burneh', 'Indonesia', '3526030809050001', 2, 2, 14, 'MAS Manbaul Hikam', 'MAS', 'IPS', '2024', '0051320388', 'Bangkalan', 7, 10, 8, 'sudah', 'bukti-pembayaran/IzAxUZ6nQ7TiwqXVJ6yyKi0xke83eiX8r0z0aE9C.jpg', 'diterima', 7, '2024-05-07 04:45:50', '2024-05-07 05:13:24'),
(33, 35, 'AFIFATUN NISA\'', 'Sunarah', 'P', '087814382937', 'safinatulummah@gmail.com', 'Bangkalan', '2006-07-10', 'Dsn. Terem, Desa Kelapayan, Kec. Sepulu', 'Indonesia', '3526085012050001', 2, 2, 11, 'SMA Ar Raudhah', 'SMAS', 'IPA', '2024', '0053585129', 'Sbaneh, Bancaran, Bangkalan', 11, 9, 7, 'sudah', 'bukti-pembayaran/sh7Z91LWKEo3ucJG58h8kukcxRLbRu5HJUskTaVy.jpg', 'diterima', 11, '2024-05-07 04:56:51', '2024-05-07 05:14:02'),
(34, 36, 'RINA SULIS TIANA', 'Tohira', 'P', '085859718362', 'sitifadilah.sf5991@gmail.com', 'Bangkalan', '2004-03-24', 'Ds. Jambu, Burneh', 'Indonesia', '3526036403040001', 2, 2, 11, 'SMK Ifadah', 'SMKS', 'TKJ', '2023', '0045494051', 'Bangkalan', 11, 7, 8, 'sudah', 'bukti-pembayaran/vENnK8wYzFNlEZ0Y6UhYng3r4xOhozhXyaju4yzf.jpg', 'diterima', 11, '2024-05-08 07:32:01', '2024-05-08 07:42:41'),
(35, 37, 'ALIVIATUL MAHYU', 'Siti Sumiati', 'P', '083852957589', 'aliviatulmahyu@gmail.com', 'Bangkalan', '2005-05-11', 'Dsn. Langkap Barat, Kel. Langkap, Kec. Burneh', 'Indonesia', '3526035105050002', 2, 2, 14, 'SMAN 04 Bangkalan', 'SMA', 'IPS', '2024', '0056726214', 'Bangkalan', 9, 11, 6, 'sudah', 'bukti-pembayaran/ujsVMmjmYwUfAedh0tW2zxz7tIT66ms0MhOh0Bji.jpg', 'diterima', 9, '2024-05-08 07:42:11', '2024-05-08 07:42:50'),
(36, 38, 'LAILA MASRUROH', 'Dewi Nurhayati', 'P', '087714587910', 'lailamasruroh259@gmail.com', 'Bangkalan', '2004-11-16', 'KMP. Modung Timur Desa Modung Kec. Modung Kan. Bangkalan', 'Indonesia', '3526165611040001', 2, 2, 11, 'SMA AT-THOLHAWIYAH', 'SMA', 'IPA', '2023', '0044025353', 'Sumurnangka Desa Suwa\'an Modung Bangkalan', 11, 8, 6, 'sudah', 'bukti-pembayaran/K1rC5wVy6EyGPI6WraYIFZiDymIijHGV1lexLPSn.jpg', 'diterima', 11, '2024-05-08 08:49:36', '2024-05-13 01:36:01'),
(37, 39, 'Siti Sholehah', 'Musyrifah', 'P', '082312098050', 'sholehahs785@gmail.com', 'BANGKALAN', '2001-10-01', 'Sepuran, Sukolilo Timur, Labang-Bangkalan', 'Indonesia', '3526124110010002', 2, 2, 11, 'MA Nurul Iman', 'MA', 'IPA', '2019', '0018740595', 'Jl. KH. Dimyathi No.128 Sukolilo Barat, Labang, Bangkalan', 8, 9, 11, 'sudah', 'bukti-pembayaran/X0VtYzsL6QWMsgvosT1Smd4n61xlgQPMiqsCvs8n.jpg', 'diterima', 8, '2024-05-08 10:48:54', '2024-05-13 01:44:17'),
(38, 40, 'RUSTIANAWATI', 'Sulaimah', 'P', '087740445599', 'rustianaismail@gmail.com', 'Bangkalan', '1983-11-20', 'Dsn. Tanggungan Ds. Bragang Klampis Bangkalan', 'Indonesia', '3526076011830006', 3, 3, 15, 'DARUL ULUM 3 PETERONGAN JOMBANG', 'SMU', 'Ipa', '2003', '000000', 'Kompleks PP Darul \'Ulum,, Jl. K.H. Moh. As\'ad, Jl. KH. Umar Tamim, Wonokerto Selatan, Peterongan, Kec. Peterongan, Kabupaten Jombang, Jawa Timur 61481', 11, 7, 5, 'sudah', 'bukti-pembayaran/hWg3hW242AxSRQaNKseyn6yZ0iUQdT7VzOuF9aCr.jpg', 'diterima', 11, '2024-05-08 12:12:49', '2024-05-13 02:41:35'),
(40, 42, 'NUR KHOLIS AKBAR', 'SURATIK', 'L', '081515151791', 'denakbar567@gmail.com', 'BANGKALAN', '1994-05-14', 'JL. OLAH RAGA PEKADAN RT/RW: 002/003 DESA BLEGA KECAMATAN BLEGA', 'INDONESIA', '3526151405940001', 3, 3, 15, 'SMA NEGERI 1 BLEGA', 'SMA', 'IPA', '2013', '9948678768', 'JL. RAYA BLEGA KECAMATAN BLEGA KABUPATEN BANGKALAN', 10, 11, 5, 'sudah', 'bukti-pembayaran/UuU12Nq5z1q32mEMLuMMTikLx5nCMmToMsfYjObR.jpg', 'diterima', 10, '2024-05-08 15:34:20', '2024-05-13 03:26:59'),
(41, 43, 'YESSIROH', 'Jumliyah', 'P', '0', 'yessisiroh@gmail.com', 'Bangkalan', '2004-12-23', 'Dsn. judabung , Banyoning Dajah Geger Bangkalan', 'Indonesia', '3526066312040001', 2, 2, 14, 'SMA AR RAUDHAH', 'SMA', 'IIS', '2023', '0045581436', 'Sebaneh Bancaran Bangkalan', 11, 6, 10, 'sudah', 'bukti-pembayaran/3pnD9AaKwskJSvABZQMPtPRVHgwYuqrXuCR917rX.jpg', 'diterima', 11, '2024-05-09 04:48:58', '2024-07-09 02:45:06'),
(42, 44, 'RYAN YUZRIZAL ABDILLAH PRATAMA', 'YUHANITA PRIMAYANTI', 'L', '0881027196726', 'syamsul.gunawan@trunojoyo.ac.id', 'jember', '2006-02-24', 'Jln. Laut Arafuru 2 No.15 Blok 1B Perumnas Bumi Tunjung Permai Burneh BANGKALAN', 'INDONESIA', '3526032402060001', 2, 2, 14, 'SMA NEGERI OLAHRAGA JAWA TIMUR', 'SMA', 'IPS', '2024', '0067586936', 'Dukuh, Pagerwojo, Kec. Buduran, Kabupaten Sidoarjo, Jawa Timur 61252', 10, 6, 11, 'sudah', 'bukti-pembayaran/lQNsrXpyYlBdQm4gHTM3DVRLTaGK25tgndak2Y1t.jpg', 'diterima', 10, '2024-05-10 13:00:08', '2024-05-13 02:25:28'),
(43, 45, 'Shofia.farohatul.jannah', 'Hanisah', 'P', '087743262522', 'shofiafj669@gmail.com', '04092005', '2005-09-04', 'Klampis.barat', 'indonesia', '3526074409050001', 2, 2, 5, 'Smk alhikam', 'smk', 'tkj', '2024', '0059479768', 'Tunjung.burneh', 11, 6, 9, 'sudah', 'bukti-pembayaran/6O8ohc5dlb9w9t5gnp1bQpUK2pyo5eU9VEJ8nix2.png', 'diterima', 11, '2024-05-12 02:49:41', '2024-05-13 02:30:04'),
(44, 46, 'Dewi wulan safitri', 'Fina Yulia', 'P', '082132983309', 'safitriiwulan686@gmail.com', '19/07/2005', '2005-07-19', 'Dan. Asem', 'Indonesia', '3526045907050001', 2, 2, 11, 'Pendidikan diniyah formal ulyah Al fithrah', 'SMA', 'Lainnya', '2024', '3059605445', 'Jalan ke dinding lor 99 Surabaya', 6, 11, 8, 'sudah', 'bukti-pembayaran/zNWGX3kwGShm6GgdqF4fTcsQngekhbL0OMoy3eRb.jpg', 'diterima', 6, '2024-05-13 03:47:21', '2024-05-13 08:31:11'),
(46, 48, 'Lia Kamaliah', 'Chodijah', 'P', '081333187008', 'liakamaliah2052@gmail.com', 'Bangkalan 20 mei 2002', '2002-05-20', 'DSN Lar-Lar', 'Indonesia', '3526186005020001', 2, 2, 5, 'MA Salafiyah bangil', 'MA', 'IPS', '2023', '0022123356', 'Bangil Pasuruan', 6, 7, 5, 'sudah', 'bukti-pembayaran/BbTIEmMMn3UsSc5usOQ8wMmsf8A2YeFyRa7g8NGn.jpg', 'diterima', 6, '2024-05-13 22:44:43', '2024-05-14 01:59:32'),
(47, 49, 'AIDHATUL LAILA SULFITRIAH', 'Ummi Saodah', 'P', '082332734294', 'vivijhuteks@gmail.com', 'SAMPANG', '2006-09-18', 'Dsn. Labuhan Tengah, Kel. Labuhan, Kec. Sreseh, Kab. Sampang', 'Indonesia', '3527015809060001', 2, 2, 8, 'SMAS Al Khatibiyah', 'SMAS', 'IPA', '2024', '0069253185', 'Jl. Kh. Achmad Dahlan No. 374 Modung, Bangkalan', 11, 8, 9, 'sudah', 'bukti-pembayaran/N7vXL3wrNnCJNel6li9EON2usNXJFKVfCAgIcSwQ.jpg', 'diterima', 11, '2024-05-14 02:29:23', '2024-05-14 02:39:26'),
(48, 50, 'SALDY HIDAYAT', 'Lailik Solehatin', 'L', '089671033331', 'saldyhidayat2005@gmail.com', 'PAMEKASAN', '2005-11-26', 'Dsn. Bicabbi I, Kel. Larangan Luar, Kec. Larangan, Kab. Pamekasan', 'Indonesia', '6402162611050002', 2, 2, 5, 'SMK Negeri 2 Pamekasan', 'SMKN', 'TKJ', '2024', '0055648603', 'Jl. Proppo 161 Pamekasan', 10, 6, 5, 'sudah', 'bukti-pembayaran/klynlf6c9YWMRFGqeyY3zXSKIXWfujxq5nQCAehA.jpg', 'diterima', 10, '2024-05-14 02:38:45', '2024-05-14 02:39:38'),
(49, 51, 'AHMAD NAHRU ZAMZAMY', 'ENNY NURHARIYANI', 'L', '082334300364', 'nahruzamzamy@gmail.com', 'Bojonegoro', '2006-04-28', 'KMP. KEDUNGDUNG RT. 003/ RW.006 Ds. PATEREMAN Kec. MODUNG BANGKALAN', 'INDONESIA', '3526162804060003', 2, 2, 11, 'SMA AL-KHATIBIYAH', 'SMA', 'IPA', '2024', '0063885570', 'Jl. KH Achmad Dahlan No. 374 Modung Bangkalan', 10, 11, 5, 'sudah', 'bukti-pembayaran/76AvTEjwSMHsXw8MWyKA3IYfKryrLFK8zVrjITLz.jpg', 'diterima', 10, '2024-05-14 09:43:12', '2024-05-15 01:42:23'),
(51, 53, 'ARINDA CITRA ARYANI', 'RUMYAH', 'P', '088228551367', 'arindacitra124@gmail.com', 'BANGKALAN 24 JANUARI 2005', '2005-01-24', 'dsn keleyan ds keleyan kec socah kab bangkalan', 'indonesia', '3526026401050003', 2, 2, 5, 'SMAN 3 BANGKALAN', 'SMA', 'IPA', '2023', '0054949263', 'JL. R.E MARTADINATA NO.54', 11, 7, 6, 'sudah', 'bukti-pembayaran/VtqsU5IuHdgdKeiWXlEdG3ultuHBSQlNIEO9n1O7.jpg', 'diterima', 11, '2024-05-14 14:32:05', '2024-05-15 01:51:15'),
(52, 54, 'HABIB RIZQI JAMAL', 'Musriyati', 'L', '088991997169', 'habibbriski460@gmail.com', 'Bangkalan', '2006-10-08', 'JL. KH MOCH CHOLIL GANG 3 DEMANGAN BARAT BANGKALAN MADURA', 'INDONESIA', '3520010010000005', 2, 2, 14, 'SMAN 1 BANGKALAN', 'SMA', 'IPA', '2024', '0062601183', 'JL. PEMUDA KAFFA NO. 10 BANGKALAN MADURA', 8, 7, 10, 'sudah', 'bukti-pembayaran/nejYtjIYEH7O5qUvZIieyESWBuxu5wE0hl9ruDXl.jpg', 'diterima', 8, '2024-05-15 06:13:53', '2024-05-15 08:28:09'),
(53, 55, 'Mahendra aditya abil', 'Surati', 'L', '085236270792', 'adityaabil122@gmail.com', 'Bangkalan', '2005-03-05', 'Jl colibri 1/AD 13', 'Indonesia', '13634', 2, 2, 13, 'SMA 1 Bangkalan', 'SMA', 'IPS', '2024', '0056142256', 'Jl. Pemuda Kaffa No.10, Rw. 05, Keraton, Kec. Bangkalan,', 11, 5, 7, 'sudah', 'bukti-pembayaran/D5i50L3wIkVAB4cl9lqAOmkD0jLGf0Ca0kLtaP7L.jpg', 'diterima', 11, '2024-05-16 02:20:48', '2024-05-16 03:20:58'),
(54, 56, 'ISSETUL MUNAWWARAH', 'Sutirah', 'P', '082333486337', 'Issahmunawaroh@gmail.com', 'Bangkalan', '2006-05-05', 'Dsn..Lonbillah Banyoning Dajah, Geger, Bangkalan', 'Indonesia', '3526064506060002', 2, 2, 14, 'SMA AR RAUDHAH', 'SMA', 'MIPA', '2023', '0065102075', 'Sebaneh Bancaran Bangkalan', 11, 10, 5, 'sudah', 'bukti-pembayaran/XFK0T5TnvCvaM655KFgMsuwg03ondijB4NzBtlHS.jpg', 'diterima', 11, '2024-05-16 02:34:32', '2024-05-16 03:34:49'),
(55, 57, 'GAFID ROHMAN', 'HOLIDEH', 'L', '087795080627', 'rohmangafid@gmail.com', '05 07 2006', '2024-05-15', 'Katol barat geger bangkalan madura', 'Indonesia', '3526066002800003', 2, 2, 14, 'SMA AD DAMANHURI', 'SMA', 'IPS', '2024', '0049423333', 'Doro agung Kompol geger bangkalan', 5, 7, 10, 'sudah', 'bukti-pembayaran/gNYLzYM4B3ANV80YkbCWo1W2AWZScfdWbtFJOV8I.jpg', 'diterima', 5, '2024-05-16 04:02:47', '2024-05-16 05:50:33'),
(56, 58, 'Ayu Nindyawati', 'Nur Komariyah', 'P', '085780485273', 'nindyawatiayu27@gmail.com', 'Bangkalan', '2005-12-27', 'Telang permai', 'Indonesia', '3526046712050003', 2, 2, 9, 'SMAN 1 KAMAL', 'SMA', 'IPS', '2024', '0053631763', 'Jl. Raya Telang No. 02  perumahan Telang indah, Telang, kec.kamal, kabupaten bangkalan, Jawa Timur', 11, 7, 5, 'sudah', 'bukti-pembayaran/uOtPGJdTdoBNRH7lNPtq0cypzuK4h8REgSFRWfux.png', 'diterima', 11, '2024-05-17 11:54:37', '2024-05-20 02:40:40'),
(57, 59, 'Saiful', 'SOLEHA', 'L', '085815211220', 'fexno01@gmail.com', 'BANGKALAN', '2005-01-28', 'KMP. MELATEH BARAT DS. KARANG NANGKAH', 'INDONESIA', '3526152801050001', 2, 2, 14, 'SMK SYAIFUL JAMIL BLEGA', 'SMK', 'Otomatisasi dan Tata Kelola Perkantoran (OTKP)', '2024', '9991188573', 'Dsn. Jinginjing Ds. Alas Rajah', 10, 7, 5, 'sudah', 'bukti-pembayaran/RcaFXpfeTxND2KT7nNKNMHxq4GTa3vgvM51sRR3e.jpg', 'diterima', 10, '2024-05-18 03:53:04', '2024-05-20 02:43:40'),
(58, 60, 'Sugianto Purnomo Mainaki', 'Catur Setyo Sunaryati', 'L', '081906663866', 'sugi29.5@gmail.com', 'Bangkalan', '1999-05-29', 'Jl Nusa Indah 26 Bangkalan', 'Indonesia', '3526012905990003', 3, 3, 15, 'SMAN 2 BANGKALAN', 'SMA', 'IPA', '2016', '000', 'Jl. Soekarno-hatta Bangkalan', 10, 11, 6, 'sudah', 'bukti-pembayaran/IdmMyHjFyxhoceR5uxxwAf8bODmaccFxxI50XoQc.png', 'diterima', 10, '2024-05-18 12:35:09', '2024-07-09 07:19:11'),
(59, 61, 'RIZAL ARISANDI', 'JUBAIDAH', 'L', '087750140088', 'risalarisandi.ra@gmail.com', 'Bangkalan', '1994-06-25', 'Jl. Hos Cokro Aminoto Rt.002/Rw.006 Kel. Pangeranan Kec. Bangkalan', 'Indonesia', '3526012506940002', 3, 3, 15, 'SMA NEGERI 3 BANGKALAN', 'SMA', 'IPA', '2013', '5658', 'Jl. R.E. Marthadinata No.7, Wr 05, Mlajah, Kec. Bangkalan, Kabupaten Bangkalan, Jawa Timur', 11, 7, 5, 'sudah', 'bukti-pembayaran/ubZhfLr1remqghMBhFlIFi9S6DV5E3tvuYgbqzmi.jpg', 'diterima', 11, '2024-05-19 10:13:26', '2024-05-20 02:32:47'),
(60, 62, 'DHURRIYATUS SHOLIHAH', 'SITI KUTSIYAH', 'P', '081999524708', 'dhurriatuslilik@gmail.com', 'BANGKALAN', '2006-01-18', 'Jl. Raya Ketengan, Kel. Tunjung, Kec. Burneh', 'INDONESIA', '3526035801060001', 2, 2, 9, 'SMAN 4 Bangkalan', 'SMA', 'IPA', '2024', '0064562701', 'Jl. Raya Pertahanan 4, Bangkalan', 11, 7, 9, 'sudah', 'bukti-pembayaran/f2piGDQav6Sbg1De0hw7xRjaxfIVaSEv4cF0LVCp.jpg', 'diterima', 11, '2024-05-21 01:30:41', '2024-05-21 01:35:02'),
(61, 63, 'Rosik', 'Wakiah', 'L', '085945429425', 'rosikvern@gmail.com', 'Bangkalan', '2001-12-22', 'Besalak, Katol Barat, Kec. Geger, Kab. Bangkalan', 'Indonesia', '3526062212010003', 2, 3, 14, 'YPI DARUT TAUHID', 'SMA', 'IPS', '2023', '0015383159', 'Desa Katol barat, Kec. Geger Kab. Bangkalan', 7, 8, 6, 'sudah', 'bukti-pembayaran/pMGHvYX68Zujlm6G0hiZPIJ9neDdL2MKL1HBknQ4.jpg', 'diterima', 7, '2024-05-21 03:50:20', '2024-05-21 04:46:01'),
(62, 64, 'MOH. FATHOR ROHMAN', 'NUR HASANAH', 'L', '082333926975', 'zains.habibi2014@gmail.com', 'Bangkalan', '2006-08-18', 'Dusun Mandala Desa Tlangoh', 'Indonesia', '3526091808060001', 2, 2, 14, 'SMA Negeri 1 Tanjungbumi', 'SMA', 'IPA', '2024', '0065259108', 'Jl Raya Desa Macajah', 10, 11, 5, 'sudah', 'bukti-pembayaran/1KVl4f7nK1QF8qF5LYIDFk5Y9DWmd5jx7OlnZUca.jpg', 'diterima', 10, '2024-05-21 22:22:38', '2024-05-22 03:30:30'),
(63, 65, 'Nova Yasmin Putri', 'Ratna Dewi', 'P', '082330883260', 'novayasminputrii@gmail.com', 'Sampang', '2006-02-11', 'Dusun Timur Banyusangkah Tanjungbumi', 'Indonesia', '3526095102060001', 2, 2, 9, 'SMA Negeri 1 Tanjungbumi', 'SMA', 'IPS', '2024', '0068225687', 'Jl. Raya Macajah No 22 Tanjungbumi', 11, 6, 7, 'sudah', 'bukti-pembayaran/BNbX2XyoaF8AD6cgn1DYREW78ChWf1ytoo7HoOcy.jpg', 'diterima', 11, '2024-05-22 03:33:01', '2024-05-22 03:54:25'),
(65, 67, 'MOCH FAISAL', 'TIRUMLAH', 'L', '085784797493', 'mohfaisal2968@gmail.com', 'Bangkalan', '2004-02-11', 'Dsn. Gibugan Banyoneng Laok', 'Indonesia', '3526061102040001', 2, 2, 14, 'SMKS ROUDLOTUT THOLIBIN', 'SMK', 'TKJ', '2023', '0047875722', 'Jl. Pasar Anyar kombangan', 6, 5, 7, 'sudah', 'bukti-pembayaran/7UbpraVjnB1eSZihFQS77BJZsjXD1b77Imh1sCXb.jpg', 'diterima', 6, '2024-05-22 07:41:53', '2024-05-22 08:34:01'),
(66, 68, 'KAYLA ANDINI ANSORI', 'MERSI', 'P', '085646422763', 'akaylaandini@gmail.com', 'BANGKALAN', '2005-07-31', 'Dsn. Wak Duwak Desa Paseseh Kec. Tanjung Bumi Kab. Bangkalan', 'WNI', '3526097107050002', 2, 2, 5, 'MA AL - JAUHARIYAH', 'MA', 'IPS', '2023', '0051138177', 'JL. KH Ahmad Djauhari Sembung Jatra Timur Kec. Banyuates Kab. Bangkalan 69263', 11, 7, 6, 'sudah', 'bukti-pembayaran/dUO621cJBFgGxlgJ8w7yP6Hj00lYcDQ7mSvja5H2.jpg', 'diterima', 11, '2024-05-23 11:21:45', '2024-05-27 01:32:54'),
(67, 69, 'THEO SYAPUTRA', 'PATMI ANDARI', 'L', '085232919020', 'syaputratheo98@gmail.com', 'BANGKALAN', '2006-03-03', 'JL KH ACH MUNIF NO 22 BURNEH', 'ISLAM', '3526030303060001', 2, 2, 8, 'SMA NEGERI 2 BANGKALAN', 'SMA', 'IPS', '2024', '0069186643', 'JL SOEKARNO HATTA BANGKALAN', 10, 6, 11, 'sudah', 'bukti-pembayaran/atmB7iZRzCkcIvjwmqy4rlAZK7Wyh8mxfdHQiyzu.jpg', 'diterima', 10, '2024-05-24 02:02:12', '2024-05-27 01:38:59'),
(68, 70, 'IKHTIATUS SHOLIHAH', 'SUPIYAH', 'P', '082336600593', 'tia.sholihah.01@gmail.com', 'Bangkalan', '2006-02-01', 'Dsn. Modung Timur Desa Modung, Kec. Modung Kab. bangkalan', 'Indonesia', '3526164102060008', 2, 2, 11, 'SMA AL-KHATIBIYAH', 'SMA', 'IPA', '2024', '0063215326', 'Jl. Kh. Achmad Dahlan No. 374 Modung Bangkalan 69166', 11, 7, 9, 'sudah', 'bukti-pembayaran/Xs8Hm5go6g9ImbIGdeZCI59R1yuUmUuFMlL5fgJn.jpg', 'diterima', 11, '2024-05-24 13:14:14', '2024-05-27 01:42:36'),
(69, 71, 'SARAFAH ABADIYAH', 'Yuyun Naini', 'P', '085234366168', 'sarafahabadiyah176@gmail.com', 'Sumenep', '2006-02-16', 'Jl. Cempaka No 25, RT 005 RW 003, kel. Mlajah, Kec & Kab Bangkalan Provinsi Jawa Timur Kode Pos 69116', 'Indonesia', '3526015602060003', 2, 2, 7, 'SMAN 2 BANGKALAN', 'SMA', 'IPA', '2024', '0065233968', 'Jl. Soekarno Hatta No.18 Bangkalan', 10, 11, 6, 'sudah', 'bukti-pembayaran/JZkjKAiEuHdaOQuapmzXH1N6DQoPAkaRqPgRMoPO.jpg', 'diterima', 10, '2024-05-25 08:13:12', '2024-05-27 01:47:03'),
(71, 73, 'MAS\'UDI', 'SATIYAH', 'L', '082334580611', 'masudi441570@gmail.com', 'BANGKALAN', '2004-05-01', 'DSN. LAR-LAR DESA DUPOK KEC KOKOP KAB. BANGKALAN', 'INDONESIA', '3526100105040003', 2, 2, 14, 'SMA AN-NUR BULULAWANG', 'SMA', 'IPS', '2024', '0044700130', 'JL. RAYA BULULAWANG KEC. BULULAWANG 65171 KABUPATEN MALANG', 6, 5, 7, 'sudah', 'bukti-pembayaran/ILLlrMSicqMpRhjTjBanCxb3IM5ijPwreS8SYZaC.png', 'diterima', 6, '2024-05-27 09:05:52', '2024-05-28 01:32:34'),
(73, 75, 'ISTI QOMARIAH', 'Swati', 'P', '085955211016', 'caturgroupadvertisement@yahoo.com', 'bangkalan', '2005-07-28', 'Jl. Manggis kec. Teweh Tengah Kab. barito utara provinsi Kalimantan Tengah', 'Indonesia', '6205056807050005', 2, 2, 11, 'sma ar raudhah', 'sma', 'ipa', '2024', '0057312358', 'sebaneh bancaran', 11, 8, 7, 'sudah', 'bukti-pembayaran/twGOm8UGj3hWJBUghtKFPV7gL2ZLylJ9Jnzfgve2.jpg', 'diterima', 11, '2024-05-29 02:24:31', '2024-05-29 02:38:20'),
(74, 76, 'ABDEL HAQQ PAHLEVY', 'HERMI', 'L', '087857445951', 'uf09530@gmail.com', 'Bangkalan', '2005-01-16', 'DSN. BUNALAS AROSBAYA', 'Indonesia', '3526051601050001', 2, 2, 10, 'ASSALAFI ALFITHRAH', 'PONDOK PESANTREN', 'Lainnya', '2024', '0054505164', 'Jl. Kedinding Lor 99 Surabaya', 10, 11, 7, 'sudah', 'bukti-pembayaran/dU2N9eTEmZiNGiHFOePkfckdDHOqnhqDMjNhLZi0.jpg', 'diterima', 10, '2024-05-29 04:40:52', '2024-05-29 05:50:39'),
(75, 77, 'SYAIFUL BAHRI', 'SATUPAH', 'L', '082244654654', 'devilinu11@gmail.com', 'BANGKALAN', '1993-02-11', 'Jl pelabuhan  RT:004 / RW: 010 KEL.PANGERANAN KEC.BANGKALAN', 'INDONESIA', '3526011102930006', 3, 3, 15, 'SMA NEGERI 2 BANGKALAN', 'SMA', 'IPS', '2011', '8420', 'Jl. Soekarno Hatta 18 Bangkalan, Wr 04, Mlajah, Kec. Bangkalan', 6, 11, 7, 'sudah', 'bukti-pembayaran/JOyqer2jqNtgcctvbN8PykHDU7XtJSuue8pT21ZQ.jpg', 'diterima', 6, '2024-05-29 05:37:01', '2024-05-29 05:54:32'),
(76, 78, 'HAIRUL', 'HATIMAH', 'L', '087754755809', 'herulnisam682@gmail.com', 'SAMPANG,01 Januari 2005', '2005-01-01', 'DSN. PONGKEREP Sokobanah daya Sampang', 'Indonesia', '3527112101970005', 2, 2, 14, 'SMA AL-ARIFIN CANGAK', 'SMA', 'IPS', '2024', '0055283662', 'Jln. Raya Tamberu Barat Kec. Sokobanah Kab. Sampang', 5, 6, 9, 'sudah', 'bukti-pembayaran/iWPHvr6EGr6nsPP5d8NJFZOJxvvsPUwlAA9aZxOP.jpg', 'diterima', 6, '2024-05-29 06:22:34', '2024-05-30 02:04:23'),
(77, 79, 'AHMAD MUSLEH', 'SATI', 'L', '085233721900', 'ahmadmusleh22@gmail.com', 'Bangkalan', '1987-04-02', 'Dusun Nempapak Desa Moarah Kec. Klampis Kab. Bangkalan', 'Indonesia', '3526070204870002', 3, 3, 15, 'UNIVERSITAS TERBUKA', 'UNIVERSITAS', 'PENDIDIKAN OLAHRAGA GURU SEKOLAH DASAR', '2008', '0', 'Mulyorejo, Surabaya, Jawa Timur 60115, Universitas Airlangga kampus C', 10, 11, 9, 'sudah', 'bukti-pembayaran/KFUQE3kTQrxKuQFVyU2HeV3hKoKc3jdJuDPiPTwu.jpg', 'diterima', 10, '2024-05-29 09:37:25', '2024-05-30 02:05:15'),
(78, 80, 'DANI PRATAMA NUGRAHA', 'JUBAIDAH', 'L', '082333213939', 'danipratamanugraha93@gmail.com', 'BANGKALAN', '1993-03-11', 'Jl. Pemuda Ahmad 43 Kel. Pangeranan Kec. Bangkalan', 'Indonesia', '3526011103930001', 3, 3, 15, 'SMA NEGERI 2 BANGKALAN', 'SMA', 'IPA', '2011', '8192', 'Jl. Soekarno Hatta 18 Bangkalan, Wr 04, Mlajah, Kec. Bangkalan, Kabupaten Bangkalan, Jawa Timur 69116', 11, 6, 5, 'sudah', 'bukti-pembayaran/kcFGHse5W3MvLYQ57YzRSjCcy21O3K8UjmpvMpuE.jpg', 'diterima', 11, '2024-05-31 01:18:56', '2024-05-31 02:17:08'),
(79, 81, 'MOH. FADLAN HUSEIN', 'Tuma\'ninah', 'L', '089508008228', 'alanhusein2005@gamil.com', 'SIDOARJO', '2005-08-05', 'Dusun Rame, Kel. Pilang, Kec. Wonoayu', 'INDONESIA', '3515100506050001', 2, 2, 7, 'MA Negeri Sidoarjo', 'MA', 'IPS', '2023', '0054022390', 'Sidoarjo', 10, 11, 6, 'sudah', 'bukti-pembayaran/QoqfLWb8t3Be5HY2J5EqHvGC0g4Jhs2AQ1i9TT22.jpg', 'diterima', 10, '2024-05-31 04:54:29', '2024-05-31 05:10:09'),
(81, 83, 'NAILATUL MANNAH, SH', 'Muliyah', 'P', '085939261112', 'ndutnayla01@gmail.com', 'Bangkalan, 27/11/1993', '1993-11-27', 'Dsn.Glepa Dupok Kokop Bangkalan', 'Indonesia', '3526106711930001', 3, 3, 15, 'MAN REJOSO JOMBANG', 'MAN', 'Bahasa', '2013', '09606', 'Jl.Rejoso Peterongan Jombang', 11, 5, 8, 'sudah', 'bukti-pembayaran/YiH4P8QleDtqtOIrulPuv2hEbQK9P7ObKbLFnrup.jpg', 'diterima', 11, '2024-05-31 10:48:28', '2024-06-03 02:31:37'),
(82, 84, 'ALIYATUL FIKRIYAH', 'halimah', 'P', '085664533660', 'aliyatulfikriyah415@gmail.com', 'bangkalan', '2005-03-31', 'langkap burneh bangkalan', 'indonesia', '3526037103050001', 2, 2, 5, 'SMA WAHIDIYAH', 'SMA', 'IPA', '2023', '00524774601', 'KEDIRI', 11, 5, 7, 'sudah', 'bukti-pembayaran/UbzG61RuYvJURw2QYfS8AFzBZ3FhvxxcvKoJVUjz.jpg', 'diterima', 11, '2024-05-31 12:02:12', '2024-06-03 01:34:13'),
(85, 87, 'MOH. RONAL DONI', 'Sri Hartatik', 'L', '085950076044', 'mohronaldoni22@gmail.com', 'Bangkalan', '2005-06-24', 'Kmp. Ragung, Desa Telaga Biru, Kec. Tanjung Bumi', 'Indonesia', '3526092406050004', 2, 2, 5, 'SMA Al Hikam', 'SMAS', 'IPS', '2023', '0054144564', 'Bangkalan', 10, 7, 6, 'sudah', 'bukti-pembayaran/z3VX3kUHn1o45F0mH6IUVWnxg0LjaJBqwI1izDWQ.jpg', 'diterima', 10, '2024-06-03 04:16:03', '2024-06-03 04:17:01'),
(86, 88, 'RIA ALIYA RAHMA', 'Nur Fitria', 'P', '085895805776', 'riarahma159@gmail.com', 'Bangkalan', '2005-10-30', 'Jl. Raya Poter', 'Indonesia', '3172037010051004', 2, 2, 13, 'SMA NEGERI 3 BANGKALAN', 'SMA', 'Ipa', '2024', '0055700114', 'Jl. R.E Martadinata No 54', 7, 11, 5, 'sudah', 'bukti-pembayaran/110CXK2VzqXYU4PQYgrXdVnALbmkE64VFD2vbd58.jpg', 'diterima', 7, '2024-06-03 08:07:46', '2024-06-03 08:27:02'),
(87, 89, 'SITI NURUL ULUM', 'SITI AMINAH', 'P', '085646513192', 'pipitsitibkl2024@gmail.com', 'BANGKALAN', '1985-10-12', 'JL. RAYA SABIYAN, RT 02, RW 01, BANGKALAN', 'INDONESIA', '3526015210850007', 3, 3, 15, 'SMA PGRI 2 BANGKALAN', 'SMA', 'IPA', '2003', '3371', 'JL. SOEKARNO HATTA 52, MLAJAH, BANGKALAN', 11, 7, 10, 'sudah', 'bukti-pembayaran/Fny4RmaX25qDrtGQoavweVbI3UcFvnCh4vZPpleN.jpg', 'diterima', 11, '2024-06-03 14:07:45', '2024-06-04 01:22:32'),
(88, 90, 'ANDIKA TRI MUSLIMIN', 'MUZAYYAROH', 'L', '085231619922', '63ky23@gmail.com', 'BANGKALAN', '2005-12-19', 'Kmp. Du\'ur, Langkap, Burneh', 'Indonesia', '3526031912050003', 2, 2, 13, 'SMAN 4 BANGKALAN', 'SMA', 'IPA', '2024', '0058896828', 'JL. PERTAHANAN NO.4', 10, 11, 7, 'sudah', 'bukti-pembayaran/LBCfdNhRQ5ZwHmb4DTeEfUsPy1PrqABK6qK4NaXT.jpg', 'diterima', 10, '2024-06-04 02:48:38', '2024-06-04 06:17:14'),
(91, 93, 'Nuri Fatika salsabila', 'Nurhayati', 'P', '085336556005', 'snurifatika@gmail.com', 'Bangkalan', '2003-07-02', 'DSN. Labuhan, DS. Labuhan KEC.Sepulu', 'Indonesia', '3526084207030002', 2, 2, 5, 'Pondok pesantren al-amien', 'MA', 'DlA (agama)', '2024', '0038994446', 'Prenduen, Sumenep', 6, 11, 7, 'sudah', 'bukti-pembayaran/NhHFBWEpKeMC4Ka0shriJzIg6VQYakHqHEVmtrLI.jpg', 'diterima', 6, '2024-06-05 02:04:52', '2024-06-05 02:22:38'),
(92, 94, 'ADFIN NAHUBAL', 'ELIYA NUSANTARI', 'L', '085930374353', 'adfinnahubal3@gmail.com', 'BANGKALAN', '2005-06-16', 'Labuhan -sepulu', 'Indonesia', '35260081606050004', 2, 2, 5, 'SMAN 1 Bangkalan', 'SMA', 'Ips', '2023', '0057308056', 'Jl.pemuda kaffa', 10, 11, 8, 'sudah', 'bukti-pembayaran/URIgkobfcQ4vn0Y08rF69dQtEKpwDIFfZBUO3UHp.jpg', 'diterima', 10, '2024-06-05 03:42:14', '2024-06-05 06:00:43'),
(93, 95, 'MANISA UTARI MOFID', 'SITI ROMLAH', 'P', '081233612758', 'manisautari70@gmail.com', 'BANGKALAN', '2004-10-02', 'KMP. BARAT LEKE', 'INDONESIA', '3526044210040001', 2, 2, 13, 'SMAN 2 BANGKALAN', 'SMA', 'IPS', '2023', '0045075563', 'JL. SOEKARNO HATTA 18 BANGKALAN', 8, 5, 7, 'sudah', 'bukti-pembayaran/l41PVHrOfFWijd11D55XfDMhDnynxexwS5SQGuBW.jpg', 'diterima', 8, '2024-06-05 14:09:42', '2024-06-06 01:27:04'),
(94, 96, 'Ika lastari', 'SRI HARTATIK', 'P', '085791449824', 'lestariika0302@gmail.com', 'Bangkalan', '2005-02-03', 'Kaseman', 'Indonesia', '3526024302050001', 2, 2, 14, 'SMA DARUL HIKMAH', 'SMA', 'IPA', '2024', '0059233553', 'Langkap burneh Bangkalan', 5, 7, 6, 'sudah', 'bukti-pembayaran/2glau8hWZKxkWIqIqX3W5wbq6TXfmPlr8EvH2IEE.jpg', 'diterima', 5, '2024-06-06 02:28:02', '2024-06-06 02:41:41'),
(95, 97, 'SITI HAFIFAH', 'HJ. MOERIYAH', 'P', '087875810099', 'hafifahsiti.saja@gmail.com', 'BANGKALAN', '1997-05-28', 'KMP. BARU RT 02 RW 02 DESA KAMAL KECAMATAN KAMAL KABUPATEN BANGKALAN (69162)', 'INDONESIA', '3526046805970001', 3, 3, 15, 'SMKN 1 KAMAL', 'SMK', 'TEKNIK KOMPUTER DAN INFORMATIKA RPL (REKAYASA PERANGKAT LUNAK)', '2015', '9974938455', 'JL. RAYA TELANG NO. 03 KAMAL', 11, 7, 10, 'sudah', 'bukti-pembayaran/ayd0ZaJloOSdOt4yjlk3IRtiddUbTn5N7IeV2jTv.jpg', 'diterima', 11, '2024-06-06 09:43:31', '2024-06-10 07:34:32'),
(96, 98, 'NOVAL', 'AISYATUL MUNAWAROH, S.Pd.SD', 'L', '082228073233', 'novaldanil91@gmail.com', 'BANGKALAN', '2006-05-08', 'DESABINOH KEC. BURNEH', 'INDONESIA', '3526060805060002', 2, 2, 9, 'SMAS Sunan Ampel', 'SMA', 'IPS', '2024', '0064177113', 'Jl. PP. Darussalam No.88 Langkap, Burneh, Bangkalan', 6, 5, 7, 'sudah', 'bukti-pembayaran/4KqNXmhDSrlfcGy7Gb3l7tiiSRATYJF8OS4XauZ1.jpg', 'diterima', 6, '2024-06-06 14:50:22', '2024-06-07 01:55:45'),
(97, 99, 'QURROTUL AINY UTAMI', 'Dra. Hj. Renimah', 'P', '081919993603', 'ainyutamiq@gmail.com', 'BANGKALAN', '2006-02-21', 'BANGKALAN INDAH', 'INDONESIA', '3226016102060002', 2, 2, 7, 'SMAN 1 BANGKALAN', 'SMA', 'IPS', '2024', '0063452490', 'Jl. Pemuda Kaffa No.10, Rw. 05, Keraton, Kec. Bangkalan, Kabupaten Bangkalan, Jawa Timur', 11, 10, 7, 'sudah', 'bukti-pembayaran/oqAR2slIHRky9wpKHlkk01IvXIlqNchcPxmWyUqq.jpg', 'diterima', 11, '2024-06-07 01:43:43', '2024-06-07 01:59:27'),
(98, 100, 'AGUS SAPUTRA ASSAGAF', 'Siti Jumaiyah', 'L', '082331636861', 'aagussaputraa89@gmail.com', 'Bangkalan', '2004-08-17', 'Jl. Trunojoyo III/45', 'Indonesia', '3526011708040002', 2, 2, 8, 'SMAN 2 Bangkalan', 'SMAN', 'IPA', '2023', '0044971347', 'Bangkalan', 10, 8, 6, 'sudah', 'bukti-pembayaran/31tRupss5C2AR78CDvZtVvyrzFPmLAYGwvWxn0XC.jpg', 'diterima', 10, '2024-06-07 06:03:23', '2024-06-07 06:03:49'),
(99, 101, 'Rika Raga Putri', 'Rahmawati', 'P', '087860431096', 'ragaputririka@gmail.com', 'Bangkalan', '2002-07-08', 'Jl. Maritim no 14 Bargan socah', 'Indonesia', '3526024807020002', 2, 2, 5, 'SMAN 02 BANGKALAN', 'SMA', 'IPS', '2021', '0026674554', 'Jl Soekarno Hatta no. 14 Bangkalan', 11, 7, 5, 'sudah', 'bukti-pembayaran/SBiqCTmAB3zfL2hHJU9WaujYfQ5nYkiiIWCRP8gg.jpg', 'diterima', 11, '2024-06-07 13:43:58', '2024-06-10 01:35:48'),
(100, 102, 'AHMAD ZAINI', 'Sulihah', 'L', '083833374720', 'zaentgd27@gmail.com', 'Bangkalan', '2004-07-11', 'Dsn Bato mongguk Desa Dabung, geger, Bangkalan', 'Indonesia', '3526061107040004', 2, 2, 14, 'MA DARUSSALAM', 'MA', 'IPS', '2024', '0043842921', 'Jl Hidayat 415 Pakong Modung Bangkalan', 5, 6, 10, 'sudah', 'bukti-pembayaran/6ivJRnv9VAv50NQuCU11IFrYGXObNwM8ly08cSqD.jpg', 'diterima', 5, '2024-06-09 07:01:29', '2024-06-10 01:39:47'),
(101, 103, 'Evi suciati', 'Martia', 'P', '085901340015', 'evisuciatievisuciati@gmail.com', 'Bangkalan', '2006-08-07', 'jl.kh.ach.munif 07', 'Indonesia', '3526034708060006', 2, 2, 7, 'SMA 4 BANGKALAN', 'SMA', 'IPA', '2024', '0067639015', 'jl.pertahanan 04 Bangkalan', 10, 11, 5, 'sudah', 'bukti-pembayaran/Uscv4MXYVOzmP8q5q3rIzV1B4PsBDKkDwar7olWh.jpg', 'diterima', 10, '2024-06-10 07:18:47', '2024-06-10 07:38:26'),
(102, 104, 'ALIATUL KARIMAH', 'Suliyah', 'P', '085936176862', 'aliatulkarimah35@gmail.com', 'BANGKALAN', '2005-06-13', 'Dsn. Kretek, Kel. Gili Timur, Kec. Kamal', 'INDONESIA', '3526045306050003', 2, 2, 5, 'SMAN 1 KAMAL', 'SMA', 'IPA', '2023', '0058485081', 'KAMAL', 10, 6, 7, 'sudah', 'bukti-pembayaran/fPBAsfyEClz1JKyksdoRNCbn4LcKKp22xMoOfuGo.jpg', 'diterima', 10, '2024-06-10 07:50:58', '2024-06-10 08:00:57'),
(103, 105, 'HASAN BESRI', 'Musrifah', 'L', '087866800816', 'hasanakeloy653@gmail.com', 'Bangkalan, 10 November 2003', '2003-11-10', 'Dsn blundung', 'Indonesia', '3526181503020005', 2, 2, 14, 'Madrasah Aliyah Al ibrohimy', 'Madrasah Aliyah', 'Ips', '2021', '0037710897', 'Kec galis, kab bangkalan', 10, 11, 5, 'sudah', 'bukti-pembayaran/ehWi2HkO0wJmA1gENfr0YCTnWRz090xVX9OaWQht.jpg', 'diterima', 10, '2024-06-11 08:17:16', '2024-06-12 04:45:21'),
(104, 106, 'Rofiqotul mawla', 'Sanira', 'P', '082142597931', 'rofiqotulmaula47@gmail.com', 'Bangkalan, 25 Juli 2005', '2005-07-25', 'Rambat Mandung', 'Indonesia', '3526106507050002', 2, 2, 14, 'SMK Assyarqowiyah', 'SMK', 'OTKP', '2024', '0034307164', 'Jl pp.assyarqowiyah poloh Mandung Koko Bangkalan', 9, 8, 6, 'sudah', 'bukti-pembayaran/mnnJ4NBcRzUhNYkp4VhplWkZyYAaFOoouahM0Hcr.jpg', 'diterima', 9, '2024-06-11 15:09:20', '2024-06-12 05:13:40'),
(105, 107, 'ABDILLAH AL FARISI', 'R. Siti Furaidah', 'L', '085851320291', 'abdillahalfarisi33@gmail.com', 'Bangkalan,03 Agustus 2005', '2005-08-03', 'DSN. BRAKAS LAOK', 'INDONESIA', '3526160308050001', 2, 2, 9, 'SMA NEGERI 1 KWANYAR', 'SMA', 'IPA', '2024', '0059905714', 'Jl. Raya Dlemer No. 02', 10, 11, 7, 'sudah', 'bukti-pembayaran/w9cYZpkrsLA08kIA8jIwoRGG9hlg4O06sqyx8vqn.jpg', 'diterima', 10, '2024-06-12 08:10:00', '2024-06-12 08:23:21'),
(106, 108, 'NAILIZ ZULVA RIZKYA', 'SUMARNI', 'P', '085733012407', 'nailissulfarizqia@gmail.com', 'Bangkalan', '2007-12-17', 'DSN. PASAR ANYAR KOMBANGAN GEGER', 'Indonesia', '3526065712070002', 2, 2, 14, 'SMKS ROUDLOTUT THOLIBIN', 'SMK', 'Tkj', '2024', '0078119464', 'Jl. Pasar anyar kombangan geger bangkalan', 11, 6, 7, 'sudah', 'bukti-pembayaran/4Ehpv3z5ttmekijMd5n7AgXUmeJZQp0dICsYRTmb.jpg', 'diterima', 11, '2024-06-13 09:03:37', '2024-06-14 01:58:32'),
(107, 109, 'Nurul Widhad', 'Khoiriyah', 'P', '08778906351', 'widhadnurul@gmail.com', 'Bangkalan', '2005-03-21', 'Jl. K. Lemah Duwur Vll/21', 'Indonesia', '3526016103050003', 2, 2, 12, 'SMA NEGERI 1 BANGKALAN', 'SMA', 'IPS', '2024', '0057204811', 'Jalan Pemuda Kaffa 10 Bangkalan', 11, 10, 5, 'sudah', 'bukti-pembayaran/Hdw9736cO5xsGHv4PLMZBeiDmgCbO7fVoTsY1WCn.jpg', 'diterima', 11, '2024-06-13 15:37:31', '2024-06-14 02:00:41'),
(108, 110, 'Desy Lovevita Ramadhani', 'Muslimah', 'P', '082333159841', 'fitamuslimah971@gmail.com', 'Bangkalan', '2005-12-18', 'Jalan Pahlawan No.226 Burneh', 'Indonesia', '3526035812050002', 2, 2, 9, 'SMA Negeri 3 Bangkalan', 'SMA', 'IPA', '2024', '0053234542', 'J.L. R.E. Marthadinata No.54 Mlajah', 7, 11, 5, 'sudah', 'bukti-pembayaran/4s8DVUutfvYqIkBcEbNgiPDaUgbBBrxngUo8MGXW.jpg', 'diterima', 7, '2024-06-14 03:29:41', '2024-06-14 03:38:03'),
(110, 112, 'AYU SUGIARTI', 'SULASTRI', 'P', '082337775851', 'lusisugiarti70@gmail.com', 'Bangkalan, 01-03-2005', '2005-03-01', 'KMP. BARAT TAMBAK', 'INDONESIA', '3526014103050003', 2, 2, 12, 'SMA NEGERI 2 BANGKALAN', 'SMA', 'IPS', '2024', '0054070284', 'JL. SOEKARNO HATTA 18', 11, 7, 5, 'sudah', 'bukti-pembayaran/9hxl4H8Z9axVSB9BDuKw6FsVLUtr4zxLSbJlOQqN.png', 'diterima', 11, '2024-06-14 07:56:06', '2024-06-14 08:34:06'),
(111, 113, 'Nurul Sakinah', 'Siti Samlah', 'P', '083861781380', 'nurulsakinah6115@gmail.com', 'Bangkalan', '2005-11-06', 'Jalan Sidingkap gg3 makam djiwoasmoro no 4', 'Indonesia', '3526014611050001', 2, 2, 14, 'SMA NEGERI 2 BANGKALAN', 'SMA', 'IPS', '2024', '0051997048', 'JL. SOEKARNO HATTA NO 18', 11, 6, 5, 'sudah', 'bukti-pembayaran/rYPKtgk9fmTMOV4Mq5poCnBwe183gb45Rf38Agba.jpg', 'diterima', 11, '2024-06-14 10:50:17', '2024-06-19 01:39:28'),
(112, 114, 'Elisya Agustini Asyari', 'Yuli Nuryana', 'P', '085236291489', 'elisyaagustiniasyari@gmail.com', 'Bangkalan', '2005-08-22', 'Kmp. Buddan Laok Rt. 01 Rw. 01 Kel. Buddan Kec. Tanahmerah Kab. Bangkalan', 'Indonesia', '3526136208050002', 2, 2, 9, 'SMA NEGERI 1 BANGKALAN', 'SMA', 'IPA', '2024', '0052623090', 'Jl. Pemuda Kaffa No. 10 RW. 05 Keraton, Kec. Bangkalan, Kab. Bangkalan, Jawa Timur', 11, 8, 7, 'sudah', 'bukti-pembayaran/j3VRr6zVIfYrRA5iBdfuD3y63PmmX6J9oRMwUnyN.jpg', 'diterima', 11, '2024-06-14 13:45:59', '2024-06-19 02:01:11'),
(114, 116, 'Alfiatus Syifa', 'Nawiyah', 'P', '087849172794', 'alfiatussyifa600@gmail.com', 'Bangkalan', '2005-07-29', 'Dsn. Daringan, Desa. Aeng Tabar, Kec. tanjung Bumi, Kab. Bangkalan, Jawa Timur', 'Indonesia', '3526096907050001', 2, 2, 14, 'MAS AN NUR', 'MA', 'IPS', '2023', '3042819021', 'Jl. KH. Muntaha, Desa. Kembang Jeruk, Kec. banyuates, Kab. Sampang, Jawa Timur', 11, 7, 8, 'sudah', 'bukti-pembayaran/rTsoplb6ZsK726fsjDiBar3MkxP4HaTwmpo4H1vE.jpg', 'diterima', 11, '2024-06-15 03:37:14', '2024-06-19 02:19:47'),
(118, 120, 'Nurul Marom', 'Homsah', 'P', '085755956228', 'nurulmarom205@gmail.com', 'Bangkalan', '2005-12-23', 'pettengan tengket arosbaya', 'Indonesia', '3526056312050002', 2, 2, 14, 'SMA NEGERI 1 AROSBAYA', 'SMA', 'IPA', '2024', '0053399649', 'JL. RAYA AROSBAYA', 11, 7, 9, 'sudah', 'bukti-pembayaran/DPi1l0OdBoi2ruTMqIS6CmZHVr8yBADSluaNtdg3.jpg', 'diterima', 11, '2024-06-16 04:58:14', '2024-06-19 02:22:44'),
(120, 122, 'RAYSA EKA DELVIRA', 'Juhariyah', 'P', '0881026833025', 'raysaekaekadelvira@gmail.com', 'Bangkalan', '2005-01-25', 'Kampung barat leke kamal', 'Indonesia', '3526046501050002', 2, 2, 7, 'SMA Negeri 2 bangkalan', 'SMA', 'IPA', '2023', '0051433823', 'Jl. Soekarno Hatta 18 Bangkalan, Wr 04, Mlajah, Kec. Bangkalan, Kabupaten Bangkalan, Jawa Timur 69116', 10, 11, 7, 'sudah', 'bukti-pembayaran/xAfinEFMuUt8Gpzza5GlP9lCejes3lvtj8URNxEo.jpg', 'diterima', 10, '2024-06-17 14:50:30', '2024-06-19 02:26:49'),
(122, 124, 'Suhrotus syafaah', 'Siti suaibah', 'P', '085733012269', 'fadiasuro@gmail.com', 'Bangkalan', '2006-09-01', 'KMP. SAPA\'AH', 'Indonesia', '3526064109060002', 2, 2, 14, 'Mas Roudlotut Tholibin', 'MA', 'IPS', '2024', '0063418921', 'Jl. Pasar anyar kombangan', 8, 7, 6, 'sudah', 'bukti-pembayaran/P7mPNsXaNhmbHvKGXiRIlOelQOlca3u8kJlF2rte.jpg', 'diterima', 8, '2024-06-19 03:58:31', '2024-06-19 05:25:52'),
(124, 126, 'Moh. Abi Farhan', 'Rosidah', 'L', '082228805941', 'abifarhan533@gmail.com', 'Bangkalan,  08 November 2005', '2005-11-08', 'Dusun Sumber, Tanjung Jati RT.003/RW.002, Kecamatan Kamal, Kabupaten Bangkalan.', 'Indonesia', '3526040811050005', 2, 2, 14, 'SMA Negeri 1 Kamal', 'SMA', 'IPA', '2024', '0056780931', 'Jl. Raya Telang No 2, Kamal, Bangkalan.', 10, 7, 6, 'sudah', 'bukti-pembayaran/Vxd5904MXf2HhVsvlwSQZZyBZJqnvo3oupnzgkJx.jpg', 'diterima', 10, '2024-06-19 04:26:24', '2024-06-19 05:28:17'),
(126, 128, 'Sayidatul Fitria', 'Halimatus Sakdiyah', 'P', '081232542551', 'sayyidatul26fitria@gmail.com', 'Bangkalan', '2005-07-26', 'Bancaran Bangkalan', 'Indonesia', '3526016607050002', 2, 2, 13, 'SMA Negeri 4 Bangkalan', 'SMA', 'IPA', '2024', '0059980148', 'Bancaran Bangkalan No. 4', 10, 7, 8, 'sudah', 'bukti-pembayaran/PAlnGs0kTCotkwKPTklunGZt0r9N1Vymy6nR6Yi2.jpg', 'diterima', 10, '2024-06-19 05:13:47', '2024-06-19 05:40:48'),
(127, 129, 'Nur Rizkiyati Maulida', 'Oemi Koelsoem', 'P', '085331260400', 'nurisputri26@gmail.com', 'Bangkalan', '2006-05-30', 'Kmp. Cabak RT 05 / RW 09 Ds. Banyuajuh, Kec. Kamal, Kab. Bangkala', 'Indonesia', '3526047005060001', 2, 2, 9, 'SMA Negeri 1 Kamal', 'SMA', 'IPA', '2024', '0060059974', 'Jl. Raya Telang No. 02, Perumahan Telang Indah, Telang, Kec. Kamal, Kabupaten Bangkalan, Jawa Timur 69162', 10, 11, 5, 'sudah', 'bukti-pembayaran/vljxXlQMus0RnM7xPONGEd7IPyUBWTppd9gjMwZS.jpg', 'diterima', 10, '2024-06-19 10:24:02', '2024-06-20 00:59:16'),
(128, 130, 'Audina Noor Avivah', 'Nurul Syamsiyah', 'P', '085233000403', 'audinanooravivah6@gmail.com', 'Bangkalan,06 Juli 2005', '2005-07-06', 'Jl. Trunojoyo 30 A', 'Indonesia', '3526014607050001', 2, 2, 12, 'Man Bangkalan', 'MAN', 'Agama', '2024', '0058711761', 'Jl.Soekarno - Hatta No.05', 11, 5, 7, 'sudah', 'bukti-pembayaran/T8Fx9MO2UOUH3yRFirKxqlnRPDcpuTsak9TB7BdO.jpg', 'diterima', 11, '2024-06-19 10:32:05', '2024-06-20 01:06:04'),
(129, 131, 'Manarotul Maghfiroh', 'Adenia Ekawati', 'P', '085606286576', 'manarotulmaghfiroh1112@gmail.com', 'Bangkalan', '2004-12-11', 'Jl.A.Yani Tedunan', 'Indonesia', '3526025112040003', 2, 2, 14, 'SMAN 2 BANGKALAN', 'SMA', 'IPA', '2023', '0047162534', 'JL.SOEKARNO HATTA NO 18', 10, 11, 5, 'sudah', 'bukti-pembayaran/v0MdVIyKAMsLJ1aqiGnFgQEToXAeg0iRXdrN4yFi.jpg', 'diterima', 10, '2024-06-19 23:45:39', '2024-06-20 01:12:01'),
(130, 132, 'Rinda Safinatul Hujjah', 'Muslimah', 'P', '081913924079', 'rindasafina@gmail.com', 'Bangkalan,', '2006-07-14', 'DSN. BARUK, RT.005/RW.002, DESA LAJING, KECAMATAN AROSBAYA', 'Indonesia', '3526055407060001', 2, 2, 10, 'MAN BANGKALAN', 'MA', 'IPA', '2024', '0064809558', 'Jl. Soekarno Hatta No.5, Wr 08, Mlajah, Kec. Bangkalan, Kabupaten Bangkalan, Jawa Timur 69116', 11, 8, 7, 'sudah', 'bukti-pembayaran/Y3apMCi3EJDOE13FcQILJd7eCCWYoVy9FHGLjqyn.jpg', 'diterima', 11, '2024-06-20 11:20:22', '2024-06-21 02:05:59'),
(131, 133, 'Filda Maulidiyah', 'Maisaroh', 'P', '085231072952', 'fildamdy@gmail.com', 'Bangkalan', '2005-08-05', 'Jln.KH Ach. Marzuki 37, Pangeranan', 'Indonesia', '13573', 2, 2, 12, 'SMAN 1 BANGKALAN', 'SMA', 'IPS', '2024', '0054009038', 'JL. PEMUDA KAFFA 10', 11, 7, 6, 'sudah', 'bukti-pembayaran/aadVbWzmIgqHzpW8dFHj2363EhCz1apOilCYakHQ.jpg', 'diterima', 11, '2024-06-20 15:39:43', '2024-06-21 05:37:31'),
(132, 134, 'Angky pratama Hermawan', 'Dewi Kartini', 'L', '081359272993', 'angkysanjaya80@gmail.com', 'Bangkalan, 18/12/2005', '2005-12-18', 'Jl. Jokotole gg 1/10A', 'Indonesia', '3526031812050001', 2, 2, 5, 'SMAN 1 bangkalan', 'SMA', 'IPS', '2024', '0059970620', 'Jl. Jokotole', 11, 10, 8, 'sudah', 'bukti-pembayaran/dfj6LRZiw82aM7EaTytx133Mkzk82LQYKIbT0nkB.jpg', 'diterima', 11, '2024-06-22 00:14:58', '2024-06-24 01:30:52'),
(135, 137, 'Fitria', 'Asmani', 'P', '081918153758', 'fitriatiksan@gmail.com', 'Bangkalan', '2005-11-25', 'Kombangan', 'Indonesia', '3526066511050002', 2, 2, 14, 'MA muallimien Darul Ittihad', 'MAS', 'IPS', '2023', '0053146834', 'Campor Geger Bangkalan', 6, 7, 11, 'sudah', 'bukti-pembayaran/v5osjagh96jjIxEjIgkhfL7ilvvlMWX0sxzvWjCx.jpg', 'diterima', 6, '2024-06-22 10:54:14', '2024-06-24 01:34:39'),
(136, 138, 'Najlah Hasania', 'TARWIHAH', 'P', '085953718192', 'hasanianajlah@gmail.com', 'Bangkalan,19-04-2005', '2005-04-19', 'DSN.KANGENAN TIMUR', 'Indonesia', '3526035904050002', 2, 2, 12, 'SMA NEGERI 1 BANGKALAN', 'SMA', 'IPA', '2024', '0059599231', 'Jl.PEMUDA KAFFA', 11, 5, 10, 'sudah', 'bukti-pembayaran/09JYL7p2x0NGhG52bUq1Bbf2j8YbOfheMaZj3yTA.jpg', 'diterima', 11, '2024-06-22 10:58:08', '2024-06-24 01:38:36'),
(137, 139, 'Maulidia', 'KUTSIYAH', 'P', '082139848815', 'maulidlidia736@gmail.com', 'Bangkalan', '2005-04-18', 'DSN.LEBAK BARAT', 'Indonesia', '3526085804050001', 2, 2, 14, 'SMKN 1 SEPULUH', 'Sekolah Menengah Kejuruan', 'Akuntansi Dan Keuangan Lembaga', '2024', '0056262259', 'Jl. Raya Sepulu No.89 A, Sepuluh, Sepulu, Kec. Sepulu, Kabupaten Bangkalan, Jawa Timur 69154', 6, 7, 5, 'sudah', 'bukti-pembayaran/VakYHLCa3fpAz2G8SQRr4r33GRtVduVwRAOJ8E5X.jpg', 'diterima', 6, '2024-06-23 03:59:29', '2024-06-24 01:40:14'),
(139, 141, 'NADIYATUL HASANAH', 'ANIYATI', 'P', '0895403150860', 'nadiatulhasanah2405@gmail.com', 'Bangkalan', '2006-05-24', 'Desa. Dumajeh, kec. Tanah Merah, kab. Bangkalan', 'Indonesia', '3526136405060002', 2, 2, 10, 'SMKN 2 BANGKALAN', 'SMK', 'TKJ Teknik Komputer jaringan', '2024', '0065979114', 'Area Sawah, Jl. Halim Perdana Kusuma Bangkalan RT 01 %2F RW 02 Mlajah Bangkalan, Area Sawah, Demangan, Kec. Bangkalan, Kabupaten Bangkalan, Jawa Timur 69116', 11, 5, 7, 'sudah', 'bukti-pembayaran/MXsbMUXj8NWiJrahvd2IybiVAkYlsfSgDl2jqHcJ.jpg', 'diterima', 11, '2024-06-23 11:35:51', '2024-06-24 01:45:00'),
(140, 142, 'Kiswatul Rohma', 'Farida Andayani', 'P', '085755803739', 'kisweh168@gmail.com', 'Bangkalan', '2006-02-26', 'KMP. SEBANEH', 'Indonesia', '3526016602060005', 2, 2, 12, 'SMAN 2 BANGKALAN', 'SMA', 'IPS', '2024', '0069026111', 'Jl. Soekarno Hatta 18', 11, 6, 5, 'sudah', 'bukti-pembayaran/vB5TurX1vmxhbj1g2KpeJNPSbntQy9zLYe5dg8tQ.jpg', 'diterima', 11, '2024-06-23 12:14:21', '2024-06-24 01:47:40'),
(141, 143, 'Asmaul Husna', 'Siti Masrifah S.Pd', 'P', '085947619707', 'asmaulhusna7772481@gmail.com', 'Bangkalan', '2005-12-30', 'Desa Tengket Kecamatan Arosbaya', 'Indonesia', '3526053012050003', 2, 2, 9, 'MA AL-AMIEN 1 PRAGAAN', 'MA', 'IPA', '2023', '0054148898', 'Prenduan Sumenep Madura', 11, 8, 7, 'sudah', 'bukti-pembayaran/wFYFCWJpPgcJQUImGUnGyfNSzGfl9FDZKJFsJYFT.jpg', 'diterima', 11, '2024-06-23 12:17:17', '2024-06-24 01:49:56'),
(143, 145, 'Moh syukron', 'RUMSIYEH', 'L', '087816364588', 'sukronmoh632@gmail.com', 'Bangkalan', '2004-09-12', 'DSN LAR LAR', 'INDONESIA', '3526101209040001', 2, 2, 14, 'MA mambaul ulum bata bata', 'MA', 'IPS', '2023', '3043077057', 'PAMEKASAN', 5, 7, 10, 'sudah', 'bukti-pembayaran/07IfvBjeMbvRqj3PFhJFxbXeblmOHUKLLUpdNGPe.jpg', 'diterima', 5, '2024-06-23 14:16:39', '2024-06-24 01:52:01'),
(144, 146, 'Adinda Dwi Rizca Bella', 'Nurul Widya Ningrum', 'P', '082332014369', 'dwiadinda734@gmail.com', 'Bangkalan', '2007-10-07', 'Kmp.kamal talon RT.03/RW.06', 'Indonesia', '3526044710070001', 2, 2, 13, 'SMAN 1 KAMAL', 'SMAN', 'IPA', '2024', '0073179334', 'Jalan raya telang no.2', 11, 10, 5, 'sudah', 'bukti-pembayaran/ym9OcRdmFa2hFeBh1i4tvM5Y6MjycjgD2ZUWmrVO.jpg', 'diterima', 11, '2024-06-24 05:43:28', '2024-06-24 06:24:22'),
(145, 147, 'Rachel Agustiana', 'Hj. Fatmawati', 'P', '085936175654', 'Contact.rahman23@gmail.com', 'Sampang', '2004-08-15', 'Sampang, banyuates dusun mandeman daya', 'Indonesia', '3527095508040002', 2, 2, 5, 'MA Aliyah An-nur', 'MA', 'IPA', '2023', '0041429085', 'Jl. KH. Muntaha, Jelbud, Kembang Jeruk, Kec. Banyuates, Kabupaten Sampang,', 11, 7, 5, 'sudah', 'bukti-pembayaran/mMAhYzD9yqMSfrojXDI1gW3BWsu5KHFZjhqAWiuE.jpg', 'diterima', 11, '2024-06-24 06:09:49', '2024-06-24 06:20:44'),
(146, 148, 'FITRIA', 'NARTI', 'P', '085234351580', 'dewiindah32@gmail.com', 'Kab. Bangkalan', '2006-03-04', 'Dusun Mandala Desa Tlangoh Tanjungbumi Bangkalan', 'Indonesia', '3526094403060003', 2, 2, 14, 'MAS AN-NUR', 'MA', 'IPS', '2024', '0067598855', 'JL KH MUNTAHA DESA KEMBANG JERUK BANYUATES SAMPANG', 7, 8, 6, 'sudah', 'bukti-pembayaran/i5wMAAT74MSPt3tQkYsoVoMgmpRe1ZfFNJwivCPX.jpg', 'diterima', 7, '2024-06-25 00:54:04', '2024-06-25 02:13:12');
INSERT INTO `registers` (`id`, `user_id`, `nama`, `nama_ibu`, `jk`, `hp`, `email`, `tempat_lahir`, `tanggal_lahir`, `alamat`, `kewarganegaraan`, `identitas_kewarganegaraan`, `jenjang_pendidikan_id`, `sistem_kuliah_id`, `jalur_masuk_id`, `nama_sekolah`, `jenis_sekolah`, `jurusan_sekolah`, `tahun_lulus`, `nisn`, `alamat_sekolah`, `pilihan1`, `pilihan2`, `pilihan3`, `pembayaran`, `bukti_pembayaran`, `status_diterima`, `diterima_di`, `created_at`, `updated_at`) VALUES
(147, 149, 'ARINATIL MUTA\'ALLIMAH', 'ROBIATUL ADAWIYAH', 'P', '087788025622', 'rafaurrafik@gmail.com', 'BANGKALAN', '2005-08-25', 'DS. KAMPUNG MELAYU, KEC. JATINEGARA, KOTA MADYA JAKARTA TIMUR', 'INDONESIA', '3175036508050004', 2, 2, 11, 'SMK AL - KAHFI', 'SMK', 'DESAIN GRAFIKA', '2024', '0059336375', 'JL, PALENGGIAN, DS. GANGSEYAN, KEC. SEPULU, KAB. BANGKALAN', 8, 6, 7, 'sudah', 'bukti-pembayaran/HF1wv7nLK8mPqdocswOotuXBPQjc4YirlC1aeuHD.jpg', 'diterima', 8, '2024-06-25 03:33:32', '2024-06-25 05:10:18'),
(148, 150, 'SILFIYA', 'HOTIMAH', 'P', '085808488654', 'silfiya44@gmail.com', 'BANGKALAN', '2005-10-11', 'DSN. SORPA LAOK', 'INDONESIA', '3526185110050005', 2, 2, 14, 'SMAS AL FURQON', 'SMA', 'IPS', '2023', '0051751351', 'JL. CEMPAKA PETTONG', 5, 6, 10, 'sudah', 'bukti-pembayaran/SRkXgfIxf4DOxzwqhcpmq61s9mCUhmJzQg6pIxPj.jpg', 'diterima', 5, '2024-06-25 05:52:22', '2024-06-25 06:18:18'),
(149, 151, 'FARID WINATA', 'KHOIRUN NISAK', 'L', '081232415229', 'faridbociel7@gmail.com', 'Bangkalan', '2005-02-18', 'Tlangoh', 'Indonesia', '3526090505050008', 2, 2, 14, 'SMAN 1 TANJUNG BUMI', 'SMA', 'IPS', '2024', '0055403271', 'Jl. Raya Macajah, Macajah, Kec. Tj. Bumi, Kabupaten Bangkalan, Jawa Timur 69156', 10, 7, 8, 'sudah', 'bukti-pembayaran/iHgLw1pSsxZYnaacITM0KWgc1xLbvwH3UvZRXbuA.jpg', 'diterima', 10, '2024-06-25 07:12:53', '2024-06-25 08:27:29'),
(150, 152, 'Kurmatul umami', 'Saleha', 'P', '0881036333882', 'badriyehannawawi000@gmail.com', 'Bangkalan', '2005-09-15', 'Dusun Naro\'an Desa Soket Dajah kecamatan Tragah Kabupaten Bangkalan', 'Indonesia', '3526141509050002', 2, 2, 14, 'SMK Sunan Ampel Tragah', 'SMK', 'Otomatisasi Tata Kelola Perkantoran', '2024', '0051384979', 'Jl. Naro\'an Soket Dajah Bangkalan', 11, 6, 10, 'sudah', 'bukti-pembayaran/0JG6JVPhnAiHJKLEYYGrYSDiqft8MbyqYkilYyVI.jpg', 'diterima', 11, '2024-06-25 08:34:20', '2024-06-26 03:38:55'),
(151, 153, 'sonia contesa', 'Siti kurnia', 'P', '085755791174', 'soniacontesa@gmail.com', 'Bangkalan', '2006-03-26', 'Sunan dalem kolak sukolilo barat', 'Indonesia', '3526126603060002', 2, 2, 8, 'SMKN 1 LABANG', 'SMK', 'TEKNIK KOMPUTER JARINGAN', '2024', '0062467998', 'LABANG', 6, 7, 11, 'sudah', 'bukti-pembayaran/6LKiRhKimRJRnMhwEEQmeivfgXBNMoZxKkLt1Pyh.jpg', 'diterima', 6, '2024-06-26 05:30:41', '2024-06-26 05:56:28'),
(152, 154, 'Siti aisyah', 'Hotijah', 'P', '085707160142', 'sityaisya2005@gmail.com', 'Bangkalan', '2005-04-29', 'Arosbaya', 'indonesia', '7212', 2, 2, 14, 'SMAN1 AROSBAYA', 'SMA', 'IPS', '2024', '0054313543', 'JL. RAYA AROSBAYA NO. 1. Desa/Kelurahan, : TENGKET. KECAMATAN AROSBAYA.', 11, 10, 5, 'sudah', 'bukti-pembayaran/4TQIHGjXZ5UeIcSoxe9g3B5Ck1cgY0rDCQYypE4M.jpg', 'diterima', 11, '2024-06-26 05:35:32', '2024-06-26 06:02:59'),
(154, 156, 'WIKAYATUL FARADILA', 'SALWAH', 'P', '087791907080', 'Wikayatul05@gmail.com', 'Bangkalan', '2006-05-05', 'Tlempok', 'Indonesia', '3526104505060003', 2, 2, 14, 'SMA NURUSSHALEH', 'SMA', 'Ips', '2023', '0065554557', 'KATOL TIMUR', 11, 7, 5, 'sudah', 'bukti-pembayaran/uDxMeDX07sZembg0lYcIiZt7F3er60i5v0OW9JE5.jpg', 'diterima', 11, '2024-06-26 22:32:40', '2024-06-27 02:00:16'),
(155, 157, 'Nuzulah Ramadhani', 'ST.HALIMAH', 'P', '08986632345', 'rnuzulah@gmail.com', 'BANGKALAN', '2006-10-10', 'DSN.BUNALAS UTARA', 'Indonesia', '3526051010060002', 2, 2, 14, 'SMAN 01 AROSBAYA', 'SMA', 'IPA', '2024', '0061413050', 'Jl raya arosbaya', 11, 5, 7, 'sudah', 'bukti-pembayaran/HWdTOsoCSwGGDvVy7ZGItT1ViMfddlMUnsHmhCYj.jpg', 'diterima', 11, '2024-06-27 01:56:29', '2024-06-27 01:58:53'),
(156, 158, 'safitri setiawani', 'evi fitria (alm)', 'P', '081331315624', 'safitrisetiawan19@gmail.com', 'bangkalan, 24 september 2003', '2003-09-24', 'perum bangkalan indah (nilam) blok mh 1 no 6', 'indonesia', '3526026409030001', 2, 2, 14, 'SMKN 1 BANGKALAN', 'SMK', 'tata boga', '2022', '0036390679', 'jalan kenanga mlajah bangkalan', 10, 11, 8, 'sudah', 'bukti-pembayaran/oURkSXcl0XPE2n5uMGllbZSZf1sD4SRrVPS0JpC1.jpg', 'diterima', 10, '2024-06-27 04:08:15', '2024-06-27 06:00:40'),
(157, 159, 'FEBRIAN IBRAHIMOVIQ', 'REKA DIANA PURNAMAWATI NINGSIH', 'L', '08585271514', 'febrianibrahimovic99@gmail.com', '26/02/2005', '2005-02-26', 'Dsn kepong rosep blega', 'Indonesia', '3526152602050002', 2, 2, 14, 'SMA NEGERI 1 BLEGA', 'SMA', 'IPA', '2024', '6006', 'Jl. Raya blega kec. Blega kab. Bangkalan', 10, 7, 11, 'sudah', 'bukti-pembayaran/KzK1vPwziFQgZz8nzGps0NTnczJ54GGrlpGRaFNH.jpg', 'diterima', 10, '2024-06-27 11:45:41', '2024-06-28 02:37:31'),
(159, 161, 'RAUDHOTUL JANNAH', 'UMMIYAH', 'P', '085607237388', 'raudhotuljennah20@gmail.com', 'BANGKALAN', '2005-11-03', 'POLONGAN UTARA', 'INDONESIA', '3526074311050001', 2, 2, 8, 'SMA NEGERI 1 AROSBYA', 'SMA', 'IPA', '2023', '0056035719', 'jl.raya arosbaya', 11, 7, 5, 'sudah', 'bukti-pembayaran/jX6aurkIwjymx1ZazAr0shggecq4K9kvvdtkQc8R.jpg', 'diterima', 11, '2024-06-27 13:58:25', '2024-06-28 02:46:33'),
(160, 162, 'WARDAH', 'Anizah', 'P', '08819699258', 'wardah.dh07@gmail.com', 'BANGKALAN', '2004-07-11', 'Dsn. Sombing, Kel. Tunjung, Kec. Burneh, Kab. Bangkalan', 'Indonesia', '3526035107040002', 2, 2, 14, 'TAHFIDZ AL-AMIEN', 'SMA', 'IPA', '2023', '0047201247', 'Jl. Raya Preduan, Kel. Pragaan Laok, Kec. Pragaan, Kab. Sumenep', 11, 5, 7, 'sudah', 'bukti-pembayaran/N4hxtByTqDgauODD3Ka3VL4qJPwgpbNq7ufdv776.jpg', 'diterima', 11, '2024-06-27 13:58:53', '2024-06-28 02:57:03'),
(164, 166, 'RIA RISKA', 'JANIMAH', 'P', '081217227697', 'riskaria743@gmail.com', 'Bangkalan 26 mei 2005', '2005-05-26', 'Jl Nusa Indah', 'Republik Indonesia', '3526016605050006', 2, 2, 5, 'SMA NEGERI 02 BANGKALAN', 'SMA', 'IPA', '2024', '0051789028', 'JL SOEKARNO HATTA NO18', 11, 7, 6, 'sudah', 'bukti-pembayaran/pWOpXc7QwFv8vIspG6BJvK6i8TtVWXtJrzXDThXr.jpg', 'diterima', 11, '2024-06-27 15:36:43', '2024-06-28 03:48:31'),
(166, 168, 'Daneal Suddud Zarai', 'Annisa', 'L', '085231668170', 'zaraizarai69@gmail.com', 'Bangkalan', '2001-09-29', 'Kmp.Baton, Rt001 Rw001, Patereman, Modung, Bangkalan', 'Indonesia', '3526162909010001', 3, 3, 15, 'SMA NEGERI 1 BLEGA', 'SMA', 'IPA', '2020', '0018838732', 'JL.Raya Blega, Kec.Blega. KP.69174', 10, 11, 5, 'sudah', 'bukti-pembayaran/pGecfxmPYJG672wOcLvTVKCnHDP30uISOUb2fVss.jpg', 'diterima', 10, '2024-06-28 04:35:35', '2024-06-28 06:34:22'),
(167, 169, 'Moh Sukri', 'Wafiroh', 'L', '085745509053', 'sukriwalad@gmail.com', 'Sampang', '2006-01-30', 'Jl.Jaksa Agung Suprapto', 'Indonesia', '3527033001060007', 2, 2, 14, 'SMK Negeri 1 Sampang', 'SMK', 'Teknik Elektronika Industri', '2024', '0061025230', 'Jalan Suhada Sampang', 9, 11, 5, 'sudah', 'bukti-pembayaran/sGbXYCdkyR00pizvCQXkdu2QIXkaZlmxoID5PfG5.jpg', 'diterima', 9, '2024-06-28 08:30:36', '2024-06-28 09:01:47'),
(169, 171, 'Rana Dwi Arafah', 'Hj. Hosniyeh', 'P', '087752788870', 'ranadwiarafah14@gmail.com', 'Sampang, 14/01/2005', '2005-01-14', 'Masaran Banyuates', 'Indonesia', '3527095401050003', 2, 2, 14, 'SMA NEGERI 1 KETAPANG', 'SMA', 'IPA', '2023', '0050558431', 'Rabiyan Ketapang', 7, 10, 5, 'sudah', 'bukti-pembayaran/Y5rglkyZPzlEsZLNyAHxSyBwgJaOwW76C8vONkhf.jpg', 'diterima', 7, '2024-06-29 04:07:13', '2024-07-01 02:00:17'),
(170, 172, 'NAHRISYA PRITA AGUSTIN', 'NURUL PURNAMAWATI, S.Pd.', 'P', '085334850607', 'nahrisyapritaagustinaja@gmail.com', 'BANGKALAN', '2004-08-02', 'JL. Durinan V no 83. Bancaran. Rt.002 Rw.001 Bangkalan 69112', 'Indonesia', '3526014208040001', 2, 2, 9, 'SMA NEGERI 1 BANGKALAN', 'SMA', 'IPA', '2023', '0048793478', 'JL. Pemuda Kaffa 10. Kraton, Bangkalan. 69111', 7, 11, 10, 'sudah', 'bukti-pembayaran/dNWuP2vpseVZiqcroblAbbcj28XbWpwmubFkTTfY.jpg', 'diterima', 7, '2024-06-29 04:31:37', '2024-07-01 02:02:06'),
(173, 175, 'M. Hasbi', 'Rohimah', 'L', '087761127913', 'hasbimohhasbi28@gmail.com', 'SAMPANG', '2005-07-18', 'Jalan Jaksa Agung suprapto', 'Indonesia', '3527031807050002', 2, 2, 14, 'SMKN 1 sampang', 'Smk', 'Teknik elektronika', '2024', '0054255895', 'Jalan suhada', 9, 10, 11, 'sudah', 'bukti-pembayaran/cMo9MajAHwMQKr2EMqXaCpSi2wBi7n997EKOuiKe.jpg', 'diterima', 9, '2024-06-29 06:51:56', '2024-07-01 02:03:45'),
(174, 176, 'Uwais al qorni', 'Lilis Idawati', 'L', '08214307969', 'uwaisalqorni466@gmail.com', 'Bangkalan', '2005-08-04', 'Anjun patereman Modung Bangkalan', 'Indonesia', '6408040408050002', 2, 2, 8, 'SMA Sabilillah', 'SMA', 'IPA', '2023', '0052560111', 'Jl rajawali 02', 10, 5, 7, 'sudah', 'bukti-pembayaran/ME85xy0YTdL0LpCToCPnpYOgivvUs1sa5ost7swv.jpg', 'diterima', 10, '2024-06-29 14:04:24', '2024-07-01 02:05:01'),
(175, 177, 'FIDIYAN LIZA ANDARU', 'SRI NASIRIN', 'P', '085655000052', 'putrisbn05@gmail.com', 'Cirebon', '2005-04-20', 'SEPULU', 'Indonesia', '3526086004050002', 2, 2, 5, 'SMA AN-NUR BULULAWANG', 'SMA', 'IPA', '2024', '0050412686', 'Jl. Raya Bululawang, Bululawang, Kec. Bululawang, Kabupaten Malang, Jawa Timur 65171', 11, 7, 9, 'sudah', 'bukti-pembayaran/e2uEti7wgUBTAcd8ibNLmcn2P123ccbC4tMyCTLj.jpg', 'diterima', 11, '2024-06-30 04:39:22', '2024-07-01 02:06:11'),
(177, 179, 'SYARIFAH LAILI ANGGRAINI', 'Azizah', 'P', '087865573146', 'syarifahlailia11@gmail.com', 'BANGKALAN', '2004-11-29', 'Kmp. Sempar Selatan, Kel. Blega, Kec. Blega', 'INDONESIA', '3526156911040002', 2, 2, 14, 'SMA Negeri 1 Blega', 'SMAN', 'IPA', '2024', '0049350255', 'Blega', 11, 7, 5, 'sudah', 'bukti-pembayaran/0HPz1KTBHr8fS14raTg5Vvqh0BZKdtsfEmLPTPFK.jpg', 'diterima', 11, '2024-07-01 02:46:58', '2024-07-01 03:09:35'),
(178, 180, 'ISWATUS SHOLEHA', 'SUWARNI', 'P', '087769347302', 'watus09@gmail.com', 'BANGKALAN', '2006-04-07', 'Jl. Olah Raga No. 09, Kel. Blega, Kec. Blega', 'INDONESIA', '3526154704060002', 2, 2, 8, 'SMA Al Khatibiyah Modung', 'SMAS', 'IPA', '2024', '0069950919', 'Jl. KH. Achmad Dahlan No. 374, Modung, BAngkalan', 11, 9, 7, 'sudah', 'bukti-pembayaran/UuWkmbQSLmW5l3zesfqepe4ZafzUoPNeZWtSoMH3.jpg', 'diterima', 11, '2024-07-01 02:55:33', '2024-07-01 03:09:46'),
(179, 181, 'AISYATUR RIDHO NAVILA EKA PUTRI', 'Sufiyah', 'P', '089521445058', 'aisyaturrnavilaep@gmail.com', 'BANGKALAN', '2003-08-07', 'Ds. Batokorogan Timur, Kel. Batokorogan, Kec. Kokop', 'INDONESIA', '3526104708030001', 2, 2, 14, 'TMI PUTRI AL-AMIEN PRENDUAN SUMENEP', 'Tarbiyatul Mualimien', 'Tarbiyah', '2023', '0035699914', 'Parenduan, Sumenep', 8, 7, 9, 'sudah', 'bukti-pembayaran/WkorKMkVFXWdwEx5mslgYH2SntwoRY33eObFkuZT.jpg', 'diterima', 8, '2024-07-01 03:08:50', '2024-07-01 03:09:54'),
(180, 182, 'ULFATUL ULYA', 'HJ. MASIDAH', 'P', '081335853399', 'ulfatululya07@gmail.com', 'Bangkalan', '2005-12-07', 'Dsn. Karang Anyar, Ds. Klampis Barat, Kec. Klampis', 'Indonesia', '3526074712050002', 2, 2, 12, 'SMA DARUL MUNIR', 'SMA', 'IPS', '2024', '0058728260', 'Jl. Flamboyan, Dsn. Karang Anyar, Ds. Klampis Barat, Kec. Klampis', 11, 6, 10, 'sudah', 'bukti-pembayaran/qlexT4oqkaeNY2A0iUx3w5bT8G614f6XGTWYn8W1.jpg', 'diterima', 11, '2024-07-01 03:40:20', '2024-07-02 02:07:07'),
(181, 183, 'Sulaiman', 'Timah', 'L', '085791933116', 'hoppo9478@gmail.com', 'Bangkalan. 10 mei 2005', '2024-04-01', 'Bangkalan', 'Indonesia', '3526101005050005', 2, 2, 14, 'Bustanul Arifin', 'MAS', 'IPS', '2024', '0054449485', 'Tramok', 6, 8, 10, 'sudah', 'bukti-pembayaran/kozmA5WPBW8Jhb6YLK82iyUEDUqQZyWhXPsKPHNG.jpg', 'diterima', 6, '2024-07-01 14:34:57', '2024-07-02 02:09:37'),
(182, 184, 'Nasrulloh', 'Siti maryam', 'L', '087802148395', 'nsrulloh05@gmail.com', 'Bangkalan', '2005-02-02', 'Banyoneng laok geger bangkalan', 'Indonesia', '3526060202050004', 2, 2, 14, 'Ma darussalam', 'MA', 'Ips', '2023', '0051470676', 'Jl. Hidayat No.415, Masaran, Pakong, Kec. Modung, Kabupaten Bangkalan, Jawa Timur 69166', 6, 8, 10, 'sudah', 'bukti-pembayaran/xPKMWvYru90r31PHntPIYMiHuInsWLb0Eow9XmeQ.jpg', 'diterima', 8, '2024-07-01 14:43:13', '2024-08-05 04:34:32'),
(184, 186, 'QURROTUL UYUN', 'HJ. MASRUROH', 'P', '6282139675849', 'uyunqurrotul218@gmail.com', 'Bangkalan, 10 Oktober 2005', '2005-10-10', 'Klampis Barat, Kec. Klampis', 'Indonesia', '3526075010050002', 2, 2, 8, 'SMK NEGERI 1 AROSBAYA', 'SMK', 'PERHOTELAN', '2024', '0057251284', 'AROSBAYA', 7, 8, 11, 'sudah', 'bukti-pembayaran/tBgLlOb9kXljvWKg53meSpVTgchjHe51nWskFH4T.jpg', 'diterima', 7, '2024-07-03 05:27:04', '2024-07-03 08:29:21'),
(188, 190, 'Mafula Bilqis Jamil', 'Fitriyah', 'P', '085735180706', 'mafulabilqis5@gmail.com', 'Bangkalan', '2006-05-05', 'Jl. Jeruk NO. 71 Langkap Burneh', 'Indonesia', '3526034505060001', 2, 2, 10, 'SMK ALHIKAM', 'SMK', 'Teknik Komputer dan Jaringan', '2024', '0067633060', 'Jl. Raya Perumnas Tunjung NO. 01 Burneh', 9, 11, 7, 'sudah', 'bukti-pembayaran/XYVNvTq15twII7PlnGL5bMotrjqJupSsTE3VIcV7.jpg', 'diterima', 9, '2024-07-03 08:07:14', '2024-07-03 08:32:41'),
(189, 191, 'Alfin Hasanah', 'Hozaimah', 'P', '085732526508', 'hasanahalfin05@gmail.com', 'Bangkalan', '2006-12-11', 'Kmp Bedak Timur', 'Indonesia', '3526025112060003', 2, 2, 14, 'MAN Bangkalan', 'MAN', 'IPA', '2024', '0061206100', 'Jl. Soekarno Hatta No.5, Wr 08, Mlajah, Kec. Bangkalan, Kabupaten Bangkalan, Jawa Timur 69116', 11, 6, 5, 'sudah', 'bukti-pembayaran/xJvJ0c4coTZKcgbi1ohTa8cojGGIfElpkesdQHfp.jpg', 'diterima', 11, '2024-07-03 10:39:28', '2024-07-04 01:49:46'),
(191, 193, 'IRFAN TAMAM WIJAYA', 'NURUL JAMIL', 'L', '085604850390', 'irfantamamwijaya@gmail.com', 'BANGKALAN', '2005-04-06', 'DUSUN KEJAWAN SELATAN NO.04 KWANYAR BARAT KWANYAR', 'INDONESIA', '3526110604050001', 2, 2, 9, 'SMK 1 KWANYAR', 'SMK', 'TEKNIK OTOMOTIF', '2003', '0057476736', 'JLN. RAYA SUMUR KUNING KWANYAR BANGKALAN', 10, 11, 7, 'sudah', 'bukti-pembayaran/i680W0cqyJZ153oMhy0gvP7Crc1zD3kLehPifm7E.jpg', 'diterima', 10, '2024-07-04 06:06:44', '2024-07-04 07:07:49'),
(192, 194, 'MOH. ROHIB', 'TIWA', 'L', '087765974538', 'rohibulala123@gmail.com', 'BANGKALAN', '2005-10-05', 'DS.KODDUK, DS.MANONGGAL, KEC.KLAMPIS', 'INDONESIA', '3526071005050004', 2, 2, 14, 'MAS AL-RAUDLAH', 'MA', 'IPS', '2024', '0068097912', 'JL. ANJIR DSN. KODDUK DS. MANONGGAL', 10, 6, 11, 'sudah', 'bukti-pembayaran/RLvDyZhE68JcmUFHcUl33NfXRV8bJUWewXPJMLTy.jpg', 'diterima', 10, '2024-07-04 12:14:43', '2024-07-05 03:03:45'),
(193, 195, 'Dwi Cahyo', 'Sri Budayati', 'L', '081563483557', 'cahyoocahyo1911@gmail.com', 'Sampang', '2005-11-19', 'Dsn Duk Timur Ketapang Daya Ketapang Sampang', 'Indonesia', '3527121911050002', 2, 2, 9, 'SMA NEGERI 1 KETAPANG', 'SMA', 'IPS', '2024', '0053162431', 'Jl. Raya Banyuates Ketapang Sampang', 7, 10, 11, 'sudah', 'bukti-pembayaran/SP0ieHZkpxfswXVFlxEQl9ABe55lh4ehZCj8OtCq.jpg', 'diterima', 7, '2024-07-05 02:55:32', '2024-07-05 03:17:45'),
(195, 197, 'Maudya aszara putri', 'Komariyah', 'P', '087701787087', 'maudyaaszarap@gmail.com', 'Pamekasan', '2006-02-03', 'jambu burneh bangkalan', 'Indonesia', '3528024302060002', 2, 2, 14, 'SMA NEGERI 2 BANGKALAN', 'SMA', 'IPS', '2024', '0062430820', 'JL. SOEKARNO HATTA NO 18', 10, 11, 5, 'sudah', 'bukti-pembayaran/xWM7QFBbfbUtqAqsKzPvNuB8ARHWSNquoYrtcqVL.jpg', 'diterima', 10, '2024-07-08 12:54:32', '2024-07-09 01:18:32'),
(196, 198, 'Yulia Susanti', 'Hermiyati', 'P', '085852553458', 'yuliasusanti906@gmail.com', 'Bangkalan', '2005-07-17', 'DSN JADDIH BARAT 1', 'Indonesia', '3526025706050002', 2, 2, 14, 'SMAN 3 BANGKALAN', 'SMA', 'IPA', '2023', '0048326361', 'Jl. R.E. Martadinata No. 7 Rw 05, Mlajah, Kec, Bangkalan, Kabupaten Bangkalan', 11, 6, 5, 'sudah', 'bukti-pembayaran/YZM97ce1IqRvENaB5E1tZcJW3zGeNTqmV1U41KCy.jpg', 'diterima', 11, '2024-07-08 13:33:23', '2024-07-09 01:22:06'),
(198, 200, 'MUHAMMAD WILDAN NASRULLAH', 'Aisyah Amini', 'L', '081216598471', 'muhammadwildannasrullahwildan@gmail.com', 'Bangkalan', '2005-11-16', 'Jalan Mayjend Sungkono no 2 Bangkalan', 'Indonesia', '3326161611050003', 2, 2, 12, 'MAN BANGKALAN', 'MAN', 'Agama', '2024', '0059465821', 'Jalan Soekarno Hatta no 5 Bangkalan', 11, 7, 10, 'sudah', 'bukti-pembayaran/7f7DsbAw6wGVVQa9lyqdWXXgt1rYkYb89tPEudgf.jpg', 'diterima', 11, '2024-07-09 06:14:53', '2024-07-09 06:17:52'),
(199, 201, 'SITI RINI INDRIANI', 'Huzaimah Omar', 'P', '087760792373', 'riniindriyani23@gmail.com', 'BANGKALAN', '2006-03-13', 'Dsn. Timur Sumber, Kel. Longkek, Kec. Galis', 'INDONESIA', '3526185303060002', 2, 2, 11, 'MA Ar Raudlah', 'MA', 'IPS', '2023', '0065258976', 'Rajun Pasongsongan, Sumenep', 7, 6, 9, 'sudah', 'bukti-pembayaran/eT06FF6yJJozBiV3xu85sNrezrJz3jq6JJp9Eo6D.jpg', 'diterima', 7, '2024-07-10 02:15:18', '2024-07-10 02:19:23'),
(200, 202, 'Aqmarina', 'Siti munhana', 'P', '085732523966', 'aqmarinarahman@gmail.com', 'Bangkalan', '2006-03-03', 'Dsn ujung piring timur', 'Indonesia', '3526014303060006', 2, 2, 9, 'Man bangkalan', 'Ma', 'Ipa', '2024', '0067299329', 'Jl.soekarno hatta no.5', 11, 5, 7, 'sudah', 'bukti-pembayaran/YdrjXXkZurgBlqlzbPXfxQqRGKKoCJQUMDA1gNmS.jpg', 'diterima', 11, '2024-07-10 05:59:00', '2024-07-10 08:10:47'),
(201, 203, 'Safinatun ilmiyah', 'Rosilah', 'P', '085259965668', 'safinailmiyah559@gmail.com', 'Bangkalan 28 November 2005', '2005-11-28', 'DS.arok Burneh bangkalan', 'Indonesia', '3526036811050002', 2, 2, 11, 'SMAN 2 bangkalan', 'Sma', 'Ipa', '2024', '0057854417', 'Jalan Soekarno Hatta 18', 6, 5, 7, 'sudah', 'bukti-pembayaran/h2QUM3kRnw1fkjDVOQhQMKyyGtWiVJrlh6PGEwMp.jpg', 'diterima', 6, '2024-07-10 06:04:34', '2024-07-10 08:12:47'),
(204, 206, 'Lulu', 'Sutika', 'P', '083830595112', 'luluhadorii@gmail.com', 'Jeddah', '2006-09-25', 'DS. Banyubunih', 'Indonesia', '3526186509060002', 2, 2, 11, 'SMAN 2 BANGKALAN', 'SMA', 'IPS', '2024', '0065995492', 'Jalan Soekarno Hatta18', 8, 7, 6, 'sudah', 'bukti-pembayaran/MNZtJTCd3wAwmOM89SOBU0wZBEooT1iAtca8rvBB.jpg', 'diterima', 8, '2024-07-10 06:19:16', '2024-07-10 08:22:30'),
(205, 207, 'USWATUN HASANAH', 'HABSOH', 'P', '085730378900', 'anah82593@gmail.com', 'Bangkalan', '2004-11-06', 'DSN. BELUGEN DESA PANGOLANGAN KEC. BURNEH KAB. BANGKALAN 69171', 'INDONESIA', '3526034611040003', 2, 2, 13, 'MAN BANGKALAN', 'MA', 'KEAGAMAAN', '2023', '200276', 'JL. SOEKARNO HATTA NO. 5 MLAJAH BANGKALAN', 6, 8, 7, 'sudah', 'bukti-pembayaran/5yzLejpFURIoAaHcqNIpYrNlUnADuFU55270uLZQ.jpg', 'diterima', 6, '2024-07-11 04:17:11', '2024-07-11 04:51:46'),
(206, 208, 'Desiy Qur\'ani', 'Purdyahningsih', 'P', '081938095223', 'desiyqurani@gmail.com', 'Bangkalan', '1994-12-19', 'Jl kh abd mukti nomor 300 Desa Dupok kokop Bangkalan', 'Indonesia', '3526105912940003', 3, 3, 15, 'MAN BANGKALAN', 'MAN', 'IPS', '2012', '5829', 'Jl. Soekarno hatta nomor 5 bangkalan', 11, 10, 7, 'sudah', 'bukti-pembayaran/1D09G6FGyahh9VtOz42fvePyfyHnRVZo5REaFXvQ.jpg', 'diterima', 11, '2024-07-11 12:31:37', '2024-07-12 01:52:07'),
(207, 209, 'shofiyatul fitriyati', 'rozizah', 'P', '087898438746', 'shofiyatulfitriyati88@gmail.com', 'bangkalan', '2004-12-12', 'batokorogan', 'Indonesia', '3526105212040003', 2, 2, 14, 'SMAN 1 TANJUNGBUMI', 'SMA', 'IPA', '2023', '0046729163', 'TANJUNGBUMI', 11, 7, 5, 'sudah', 'bukti-pembayaran/aTULi8E7q1lEe6zZpHoaMOjFrMyBMkEqGgKGAZJ5.jpg', 'diterima', 11, '2024-07-14 05:47:49', '2024-07-15 01:01:39'),
(210, 212, 'Shofi barroh', 'Hosinah', 'P', '087795381679', 'shofibarroh12@gmail.com', 'Bangkalan, 18-12-2004', '2024-07-13', 'DSN. Doro agung, desa. Kompol, kec. Geger, kab. Bangkalan, prov. Jawa timur', 'Indonesia', '3526065812040004', 2, 2, 14, 'Al-mu\'tadil', 'Mas MA', 'Ipa', '2023', '3042700600', 'Klampis', 11, 8, 7, 'sudah', 'bukti-pembayaran/GNNJPE9mmvP5xLQD1XYg8SN77vlNdDbC4zdGfs5n.jpg', 'diterima', 11, '2024-07-14 14:37:07', '2024-07-15 01:23:02'),
(211, 213, 'Nabilatul Husna', 'Munawwarah', 'P', '085854571366', 'nabilatulhusnabela@gmail.com', 'Bangkalan,07 september 3006', '2006-09-07', 'Pakaan Laok,Galis,Bangkalan', 'Indonesia', '3526184709060005', 2, 2, 14, 'MA.Raudlatul Muttaqin', 'MA', 'IPS', '2023', '0060233855', 'Jl.Raudloh 308 Pakong Modung Bangkalan', 9, 7, 11, 'sudah', 'bukti-pembayaran/Quo9T6hCEMltRDfq2zxlF1vmcxsXVlm1P2b2nIIU.jpg', 'diterima', 9, '2024-07-18 05:53:05', '2024-07-18 06:28:03'),
(213, 215, 'Andrianto  Mulasin', 'Subaidah', 'L', '087866822260', 'andrebas212@gmail.com', 'Bogor', '2003-06-10', 'Dsn. Cangkarman Tengah', 'Indonesia', '3276011006030015', 2, 2, 5, 'MAS AL HAMIDIYAH', 'Ma', 'IPS', '2023', '3038149137', 'Jl. Raya Sen Asen No. 74', 10, 5, 7, 'sudah', 'bukti-pembayaran/celUzHkcOQWTVxZvRo3qfCVow3vxUBYhCwEaoElc.jpg', 'diterima', 10, '2024-07-19 12:33:30', '2024-07-22 00:50:03'),
(214, 216, 'MOH. FAHRI', 'SAFINI', 'L', '081933351332', 'balenofahri@gmail.com', 'Bangkalan', '2003-06-05', 'Lok Polok Batobella Geger Bangkalan', 'Indonesia', '3526060506030008', 2, 2, 14, 'MAS DARUL MUTA\'ALLIMIN', 'MA', 'IPS', '2023', '0038549493', 'Jl. KH. Ahmad Dahlan Dengarah Batobella Geger Bangkalan', 5, 8, 10, 'sudah', 'bukti-pembayaran/C4OPXVCgdcBAPfuKZtxuryECguJJdjC8422mku3a.jpg', 'diterima', 5, '2024-07-21 05:47:05', '2024-07-22 00:55:53'),
(215, 217, 'MOH. FADLAN HUSEIN', 'Tuma\'ninah', 'L', '089508008228', 'alanhusein2005@gmail.com', 'Sidoarjo', '2005-06-05', 'Dusun Rame Rt 21 Rw 10 Desa Pilang Kecamatan Wonoayu Kabupaten Sidoarjo', 'Indonesia', '3515100506050001', 2, 3, 14, 'Madarasah Aliyah Negeri Sidoarjo', 'MA', 'IPS', '2023', '0054022390', 'Jl. Stadion No. 2 bedrek Siwalanpanji Kabupaten Sidoarjo', 10, 11, 5, 'sudah', 'bukti-pembayaran/HFVQJcwSgSq1aQh5Yc8Ej2KSwN0UGlO62awpDvv7.jpg', 'diterima', 10, '2024-07-22 07:40:39', '2024-07-22 08:27:01'),
(216, 218, 'MIFTAHUL ULUM', 'FARIDAH', 'L', '081717241795', 'umiftahul641@gmail.com', 'SIDOARJO', '2000-12-19', 'Dsn Masjid Desa Buddan Kec Tanah Merah Kab Bangkalan', 'INDONESIA', '3515081912000002', 3, 3, 15, 'SMA AL HIKAM BANGKALAN', 'SMA', 'IPS', '2020', '0006059204', 'Jl Perum Pesel Burneh Bangkalan', 6, 10, 11, 'sudah', 'bukti-pembayaran/83wujJs0yQeBX6cUD4zfXNae7tZxi3ho3a2IsptD.jpg', 'diterima', 6, '2024-07-23 02:35:50', '2024-07-23 03:31:44'),
(217, 219, 'Putri Nurul Aini', 'zaitun', 'P', '085895722504', 'uswah.hs00@gmail.com', 'Sampang', '2006-07-31', 'Tamberu Barat, Sokobanah, Sampang', 'Indonesia', '3627117107060002', 2, 2, 14, 'SMA Al-Arifin Cangak', 'SMA', 'IPS', '2024', '0064499204', 'Jl. Raya Tamberu Barat Sokobanah Sampang', 6, 7, 5, 'sudah', 'bukti-pembayaran/Vzkz1uiFYrkiwdj2K39juikSSR4KWbpJ64XbyJNp.jpg', 'diterima', 6, '2024-07-23 05:09:55', '2024-07-23 07:38:27'),
(219, 221, 'BUSRO', 'Saliya', 'L', '082336600960', 'ayymuhammad567@gmail.com', '05 Agustus 2005', '2005-08-05', 'Pekadan galis', 'Indonesia', '3526180508050007', 2, 2, 14, 'Nurul Karomah', 'MA', 'IPS', '2023', '3059027312', 'Paterongan Galis', 6, 7, 9, 'sudah', 'bukti-pembayaran/6q7VoUtJv86P792kxcBhSXaQkow6cgFy5od0fqHl.jpg', 'diterima', 6, '2024-07-23 12:37:27', '2024-07-24 01:10:41'),
(220, 222, 'ZIDAN RAMADANI', 'Sulaiha', 'L', '083129161846', 'zidanramadani838@gmail.com', 'Bangkalan,17-05-2005', '2005-05-17', 'DSN.DUWAK RAMPAK', 'Indonesia', '3526131705050006', 2, 2, 14, 'SMAN 1 KWANYAR', 'SMA', 'IPS', '2023', '0053313944', 'Dlemer kecamatan Kwanyar', 6, 5, 10, 'sudah', 'bukti-pembayaran/bLNppdvwTVAGrtsZE8vVEHm1ijG8MbksBydof4gO.jpg', 'diterima', 6, '2024-07-24 13:54:06', '2024-07-25 01:09:11'),
(221, 223, 'ARIS ALFANANI', 'Misratin', 'L', '082338785458', 'aristroubleboys58@gmail.com', 'Bangkalan', '1991-09-04', 'Kmp. Baton RT/RW 002/001, Desa Patereman, Kec.Modung Bangkalan', 'Indonesia', '3526160904910001', 3, 3, 15, 'SMAN 2 BANGKALAN', 'SMA', 'IPS', '2009', '3816', 'Jl. Soekarno Hatta 18 Bangkalan, Wr 04, Mlajah, Kec. Bangkalan, Kab. Bangkalan, Jawa Timur', 10, 11, 8, 'sudah', 'bukti-pembayaran/q4FkAOBd10HJLVbmnZEQ10a3yBrlpzFLfTfIyZjj.jpg', 'diterima', 10, '2024-07-25 05:59:14', '2024-07-25 06:09:15'),
(222, 224, 'YULIADA', 'Sumaroh', 'P', '0878422222304', 'yuliada123@guru.sd.belajar.id', 'Bangkalan', '1996-01-01', 'Kmp. Masjid Kelurahan Buddan Kecamatan Tanahmerah Kabupaten Bangkalan', 'Indonesia', '3526134101960003', 3, 3, 15, 'MA. AL-HIDAYAH', 'MA', 'IPS', '2014', '11346', 'Bangkalan', 11, 7, 5, 'sudah', 'bukti-pembayaran/d7fAGEdRQv9gVW603BK69TAxm9Z5RBaT2cEmhybl.jpg', 'diterima', 11, '2024-07-26 02:18:37', '2024-07-26 02:54:04'),
(223, 225, 'SITI SOFIA', 'TOIBAH', 'P', '08816933593', 'hyawiyah@gmail.com', 'Bangkalan', '2006-06-14', 'Dusun Nong Malaka Desa Daleman Kecamatan Galis - Bangkalan', 'Indonesia', '3526185406060001', 2, 2, 5, 'SMKS NURUL JANNAH', 'SEKOLAH MENENGAH KEJURUAN', 'TEKHNIK KOMPUTER DAN JARINGAN', '2004', '006157422', 'Jl. Sunan Malaka Desa Daleman Kecamatan Galis - Bangkalan', 6, 5, 7, 'sudah', 'bukti-pembayaran/W19sy817dLJ85KzNEXAUIN2oOVcphPbg2iE7NtqM.jpg', 'diterima', 6, '2024-07-26 11:10:59', '2024-07-29 00:56:38'),
(224, 226, 'Siti Hasanah', 'Kholifah', 'P', '087880390547', 'sh9641636@gmail.com', 'Bangkalan', '2005-05-06', 'berbeluk arosbaya', 'Indonesian', '3526054605001', 2, 2, 8, 'ma muallimien darul Ittihad', 'MA', 'ips', '2023', '0054061997', 'geger Bangkalan Madura', 6, 11, 8, 'sudah', 'bukti-pembayaran/t4kKXXlEKcV95zKAXWkujsFFuPVYYnK7yKbjK4Qy.jpg', 'diterima', 6, '2024-07-27 11:02:40', '2024-07-29 01:50:51'),
(225, 227, 'MUSLIHA ULHAQ', 'Sutiha', 'P', '085808316894', 'muslihaulhaq@gmail.com', 'Bangkalan', '1995-12-02', 'Dusun glepa, desa dupok, kecamatan kokop Bangkalan', 'Indonesia', '3526104212950001', 3, 3, 15, 'SMK Nusantara', 'SMK', 'Akuntansi', '2014', '9947558929', 'Desa grogol kecamatan diwek Kabupaten Jombang', 11, 7, 10, 'sudah', 'bukti-pembayaran/9ot7BBjzBDFZPO6xuH93HRWd9NqjCdKDyholI9P2.jpg', 'diterima', 11, '2024-07-29 03:26:28', '2024-07-29 04:18:03'),
(226, 228, 'Atika Maulida Ats-Tsaqiba', 'Siti Istiqomah', 'P', '085142511607', 'lidia.atika05@gmail.com', 'Sidoarjo', '2006-05-11', 'Langkap, Burnwh, Bangkalan', 'Indonesia', '3256035105060002', 2, 2, 5, 'MAS MAMBAUL MAARIF', 'MA', 'Bahasa', '2024', '0066175569', 'Denanyar Jombang', 8, 7, 11, 'sudah', 'bukti-pembayaran/Fw9wRBjAMrTBJSIEqAQ4xRS2RfwSSiAGE9M5N9Cf.jpg', 'diterima', 8, '2024-07-29 05:47:10', '2024-07-29 08:25:21'),
(228, 230, 'BASIR', 'PONA', 'L', '085732957656', 'basir557268@gmail.com', 'BANGKALAN', '1999-06-04', 'BANGKALAN', 'INDONESIA', '3526100410990002', 3, 3, 15, 'SMAN 1 KOKOP', 'SMA', 'IPS', '2018', '9998516331', 'Jln.Batokorogan', 10, 9, 6, 'sudah', 'bukti-pembayaran/brTYTT8gXq9eCSE3GfqAzNHRfhXMsK4yfyyhhTH5.jpg', 'diterima', 10, '2024-07-30 03:28:10', '2024-07-30 03:40:30'),
(230, 233, 'Jihad rabbany', 'lilis warsinah', 'L', '087847303185', 'jihadrabbany@6gmail.com', 'Jakarta', '2001-09-28', 'jl. mayjend sungkono no. 1 rt 02  rw 06', 'indonesia', '3526172809010001', 2, 2, 8, 'Al Ibrahimy', 'ma', 'IPS', '2020', '312926010', 'jl.raya galissan no. 06 konang bangkalan', 6, 9, 5, 'sudah', 'bukti-pembayaran/bdIA8N7XrXiJQMDlfnOuRGausExSN1XFhr6XxLs4.jpg', 'diterima', 6, '2024-07-30 06:01:13', '2024-07-30 06:07:05'),
(232, 235, 'ABDUL HARIS', 'Sumina', 'L', '083133282264', 'rizkyanto126@gmail.com', 'Bangkalan', '2003-06-08', 'Desa Durin timur kec konang', 'Indonesia', '3526170806030007', 2, 2, 14, 'SMK SURAMADU', 'SMK', 'TBSM', '2024', '0033141984', 'Desa karang nangka kec blega', 6, 7, 5, 'sudah', 'bukti-pembayaran/MtXGrGaCZFbD6AmdCzKdgEeI8wdr1zXQzkhaIOF3.jpg', 'diterima', 6, '2024-07-30 06:43:25', '2024-07-30 08:35:27'),
(233, 236, 'MAT SOBIRIN', 'MARTILA', 'L', '081359274159', 'najahnurainy@gmail.com', 'sampang', '1994-09-27', 'Tapaan', 'Indonesia', '3527092709940001', 3, 3, 15, 'SMA DZANNURAIN', 'SMA', 'IPS', '2013', '145', 'ASEMJARAN', 7, 11, 6, 'sudah', 'bukti-pembayaran/GwfLzDDbyJx9cHygJ1XNUwHnO7lFAcqcO15TV9NZ.jpg', 'diterima', 7, '2024-07-30 13:02:49', '2024-08-01 02:42:06'),
(234, 237, 'Tiara Wulandari', 'Dian Ratna Ningsih', 'P', '081717273363', 'tiarawulandari3644@gmail.com', 'Bangkalan', '2003-12-29', 'Perum talon permai ,Blok-E', 'Indonesia', '3526046912020003', 3, 3, 15, 'SMA NEGERI 1 KAMAL', 'SMA', 'IPA', '2021', '0028090341', 'Jl.Raya telang 2 kamal', 7, 5, 11, 'sudah', 'bukti-pembayaran/vD6rKyYA9PS2h2KT7S66gzAv4v3ywkOCCNZcVHlu.png', 'diterima', 7, '2024-07-31 01:55:37', '2024-07-31 02:05:14'),
(235, 238, 'Muhammad Irsyadul halim', 'Halimatus Sya\'diah', 'L', '085334851002', 'putrairsyad880@gmail.com', 'Bangkalan,16 Oktober 2001', '2001-10-16', 'Kmp.pasar RT/RW 01:06 Desa patereman Kecamatan modung Kabupaten Bangkalan', 'Indonesia', '3526161610010001', 2, 2, 5, 'SMAN 1 SRESEH', 'SMA', 'IPS', '2019', '0019260782', 'JL. Raya Noreh, Sreseh, 69273, Labang, Noreh, Sampang, Kabupaten Sampang, Jawa Timur 69273', 10, 6, 8, 'sudah', 'bukti-pembayaran/862WE4VdfFEKs6IgSu2fBULXTUPA2jyXESDaDb3M.jpg', 'diterima', 10, '2024-07-31 13:28:36', '2024-08-01 02:41:31'),
(236, 239, 'Ariffa Husnul Huda', 'Siti Qomariyah', 'L', '08563463660', 'huda.ariffa@gmail.com', 'Bangkalan', '1993-02-27', 'Jalan Teuku Umar Nomor 17C, RT 3, RW 3, Kelurahan Kemayoran, Bangkalan', 'Indonesia', '3526012702930004', 3, 3, 15, 'SMAN 3 Bangkalan', 'SMA', 'IPA', '2011', '0', 'Jalan RE Martadinata Nomor 54, Mlajah', 11, 7, 6, 'sudah', 'bukti-pembayaran/5yzPvehVcccw30H65m4QzZN7wb6630YzzqeUrkGr.jpg', 'diterima', 11, '2024-07-31 13:29:11', '2024-08-01 02:41:45'),
(238, 241, 'HANINATUS SYAMSIYAH', 'ROMLAH', 'P', '083122802359', 'hanysyamsi@gmail.com', 'Bangkalan', '2005-08-24', 'KP BARU KB KOJA kel penjaringan kec penjaringan jakarta utara', 'Indonesia', '3172016408051005', 2, 2, 14, 'SMA Negeri 1 blega', 'SMA', 'Ips', '2024', '0058676736', 'Blega bangkalan', 6, 11, 5, 'sudah', 'bukti-pembayaran/6ULgBuXXcBEP89GaXg3VhmwVUuEc5GhB3DINA1u1.jpg', 'diterima', 6, '2024-08-01 09:47:52', '2024-08-02 02:44:57'),
(239, 242, 'Dhiaz Syahrul Mubarok', 'Densy Famiati', 'L', '081336691461', 'dhiazsyahrulmubarok@gmail.com', 'Surabaya', '2006-03-18', 'Jl. Raya Martajasah No. 10 Desa Martajasah', 'Indonesia', '3578271803060001', 2, 2, 5, 'SMKN3 Bangkalan', 'SMK', 'Teknik Komputer dan Jaringan', '2024', '0068755608', 'Jl. Martajasah No.70 Bangkalan', 6, 7, 5, 'sudah', 'bukti-pembayaran/B5cd82EF4ZU9w9mjS0oZlBjO9RtyZIjDNUDkC1ba.jpg', 'diterima', 6, '2024-08-03 07:26:18', '2024-08-05 01:21:10'),
(240, 243, 'RINA AULIA', 'ST. MUFATTAHAH', 'P', '085755825425', 'wrina2822@gmail.com', 'Bangkalan, 27-06-2005', '2005-06-27', 'DSN. KARANG BIMAS', 'Indonesia', '3526036706050002', 2, 2, 14, 'SMAS SUNAN AMPEL', 'SMA', 'IPS', '2024', '0063974013', 'Jln langkap, karang bimas', 6, 7, 9, 'sudah', 'bukti-pembayaran/JA6wholYxB70ApoP34rBVLelZfgoj51nWlkpEELX.jpg', 'diterima', 6, '2024-08-05 02:36:39', '2024-08-05 03:00:56'),
(241, 244, 'MAMDUDAH', 'SALMA', 'P', '083834480021', 'mamdudah318@gmail.com', 'Bangkalan', '2006-08-06', 'Dsn besar desa konang', 'Indonesia', '3526170608060001', 2, 2, 14, 'MAS al ibrohimi', 'MA', 'Ips', '2024', '0065357363', 'Dsn galisan desa bandung konang bangkalan', 5, 11, 7, 'sudah', 'bukti-pembayaran/V56tgV1lNGAQnjeOTwDoAqgpyQeadqlhtnBvILdd.jpg', 'diterima', 5, '2024-08-05 03:18:10', '2024-08-06 03:54:24'),
(242, 245, 'SAMSUL MAARIF', 'SUTIYAH', 'L', '087721480034', 'syamuell051018@gmail.com', 'BANGKALAN', '2002-04-16', 'JL.RAYA BARAT KP. CIMERAH', 'INDONESIA', '3526171604020003', 2, 2, 14, 'SAM ULUL ALBAB', 'SMA', 'IPS', '2022', '0020924866', 'JL.KH.BAIHAQI DESA BATES KEC. BLEGA KAB.BANGKALAN', 5, 10, 11, 'sudah', 'bukti-pembayaran/yshVLcxMFFBx1KisJyuPq88IhDf90KbpGizkFRij.jpg', 'diterima', 5, '2024-08-05 07:23:02', '2024-08-05 08:37:31'),
(243, 246, 'SITI HANIYAH', 'HOLILAH', 'P', '083130018982', 'nihanhany65@gmail.com', 'Bangkalan', '2006-01-02', 'DSN. SUMBER GEDUNG KWANYAR BARAT', 'INDONESIA', '3526114201060002', 2, 2, 14, 'MAS NURUL IMAN', 'MA', 'IPA', '2024', '0065484490', 'JL. KH. DIMYATHY SUKOLILO BARAT LABANG BANGKALAN', 11, 6, 5, 'sudah', 'bukti-pembayaran/rLNrqnKhgQWUVRLAom07xyITht1Z6snDPvAEUlyH.jpg', 'diterima', 11, '2024-08-05 16:50:27', '2024-08-06 01:47:06'),
(244, 247, 'Nakrifatul Lisailiyah', 'Maliyah', 'P', '085954179901', 'ukhtilayzaan@gmail.com', 'Bangkalan', '2003-12-18', 'Dsn korogan timur, DS. Batokorogan, kec. Kokop, kab. Bangkalan', 'Indonesia', '3526105812030001', 2, 2, 14, 'TMI Al Amien', 'Mas', 'Agama', '2023', '0035699921', 'Pragaan, Sumenep, madura', 11, 6, 7, 'sudah', 'bukti-pembayaran/1E86sJbhEryqWULN7qoPBfldQ3tn9XmWDLST4Njj.jpg', 'diterima', 11, '2024-08-06 03:56:35', '2024-08-06 07:02:41'),
(245, 248, 'HOLIS', 'Jumriyah', 'L', '085708013422', 'Muhammadholis3422@gmail.com', 'Geger', '2024-05-06', 'Bangkalan', 'Indonesia', '3526060605040002', 2, 2, 14, 'Ma muallimin darul ittihat', 'Ma', 'IPA', '2023', '0049171010', 'Campor geger bangkalan', 6, 11, 10, 'sudah', 'bukti-pembayaran/AOLMpNGAbb1gD9K5odAJ7bGOePCJ2qhB7FmK0hJX.jpg', 'diterima', 6, '2024-08-06 14:23:19', '2024-08-07 01:13:15'),
(246, 249, 'Jabbar', 'Horriyah', 'L', '085944285332', 'akbartoger9@gmail.com', 'Bangkalan', '2003-12-10', 'Dsn klobur Durin barat', 'Indonesia', '3526171012030002', 2, 2, 14, 'SMAN 1 Blega', 'SMA', 'IPS', '2023', '0039467773', 'Kepong rosep kec.blega kab.bangkalan', 10, 5, 7, 'sudah', 'bukti-pembayaran/EYKBXl2bImRxYs3zmq8VfCJPU3cQFcIPgakc42aJ.jpg', 'diterima', 10, '2024-08-07 06:45:37', '2024-08-07 08:13:41'),
(247, 250, 'Kamilia zaskia tul uswah', 'Usniyah', 'P', '081573875391', 'zaskiaa7667@gmail.com', 'Bangkalan , 18-07-2006', '2006-07-18', 'Dsn.langkap timur', 'Indonesia', '3526035807060001', 2, 2, 5, 'Darul hikmah', 'Sma', 'Ipa', '2024', '0065506388', 'Langkap', 7, 6, 5, 'sudah', 'bukti-pembayaran/49P3CmOfgffWz5gDliImhn45JWT70YZxxoshVUkU.jpg', 'diterima', 7, '2024-08-07 07:28:50', '2024-08-07 08:19:12'),
(248, 251, 'Nuhah fitriani', 'Nur Aini arifoh', 'P', '081916571656', 'nohahfitriani@gmail.com', 'Bangkalan', '2002-11-07', 'Konang', 'Indonesia', '3526175007020002', 2, 2, 5, 'PKBM Trunojoyo Bangkalan', 'Paket C, setara SMA', 'IPS', '2021', '2025211971', 'Jln.trunojoyo III B / 25 A Pejagan Bangkalan', 11, 7, 5, 'sudah', 'bukti-pembayaran/g4TDBE5gbLf3hzX10lF2QLqG0vOWYU95X1PJuLUx.jpg', 'diterima', 11, '2024-08-07 08:37:51', '2024-08-08 01:17:52'),
(249, 252, 'Yulis Damayanti', 'sawiyeh', 'L', '85806023119', 'sulisdamayanti@gmail.com', 'Bangkalan', '2006-12-01', 'dsn. naro\'an ds. soket dajah kec. tragah kab.bangkalan', 'indonesia', '3526144112059998', 2, 2, 14, 'smk sunan ampel', 'smk', 'administrasi perkantoran', '2023', '0067444370', 'jl. naro\'an soket dajah tragah bangkalan', 6, 11, 5, 'sudah', 'bukti-pembayaran/ygDfu6imkWVaFj5EnHOw25CpZQIsK06ICXKwDcyp.jpg', 'diterima', 6, '2024-08-10 11:00:49', '2024-08-12 01:35:21'),
(251, 254, 'FAHRUDDIN', 'HALIMAH', 'L', '081333472855', 'fahruddf33@gmail.com', 'BANGKALAN', '2006-09-23', 'BERBELUK AROSBAYA', 'INDONESIA', '3526052309060002', 2, 2, 14, 'SMKS IBNU CHOLIL', 'SMK', 'TEKNIK DAN BISNIS SEPEDA MOTOR', '2024', '0069266392', 'JL. HALIM PERDANA KUSUMA NO. 9 (RING ROAD) MLAJAH BANGKALAN', 10, 6, 5, 'sudah', 'bukti-pembayaran/ILGPFA3x8qylIvFzL9XiHiNiMWI6CVO3cwV1NtCc.jpg', 'diterima', 10, '2024-08-11 05:00:33', '2024-08-12 01:37:55'),
(252, 255, 'Lailatul badriyeh', 'Amina', 'P', '085732157732', 'zahrazea762@gmail.com', 'Bangkalan', '2005-08-06', 'Tramok Kokop Bangkalan', 'Indonesia', '3426104608050002', 2, 2, 14, 'Bustan arifin', 'MAS', 'Ips', '2024', '3051053610', 'Tramok', 5, 11, 8, 'sudah', 'bukti-pembayaran/JlkkFYhq9oppIXngmvlMdUH8wUZreLEMRYmNE4PT.jpg', 'diterima', 5, '2024-08-11 21:04:23', '2024-08-12 01:40:45'),
(254, 257, 'RIZQILLAH ADITYA RAHMAN', 'Ammarul Hasanah', 'L', '085336047155', 'rizqillahadityarahman@gmail.com', 'Bangkalan', '2003-01-15', 'Dusun Rembah desa galis', 'Indonesia', '3526181501030005', 2, 2, 14, 'MAS Nurul Karomah', 'MA', 'IPS', '2022', '3037597317', 'Jl raya paterongan desa galis', 6, 9, 8, 'sudah', 'bukti-pembayaran/p2dhEkpdJ3lbHlcipBwZabVnm76KEFt87fI9RbxM.jpg', 'diterima', 6, '2024-08-12 01:08:37', '2024-08-12 01:43:12'),
(255, 258, 'Jamilatul Mukarromah', 'Maiseh', 'P', '085807158326', 'jamilatulmukarromah56@gmail.com', 'Bangkalan Regency', '2005-06-27', 'Polongan Klampis', 'Indonesia', '3526076706050004', 2, 2, 14, 'SMAS SA\'IDIYAH', 'SMA', 'IPA', '2023', '0055984240', 'Buduran Arosbaya', 8, 11, 7, 'sudah', 'bukti-pembayaran/dwS9govrQzwgrixqjwo8XR1mQxOjlJARg8qQpA7b.jpg', 'diterima', 8, '2024-08-12 03:12:34', '2024-08-12 03:17:15'),
(256, 259, 'KHAIRUL MUTAWAKKILIN', 'Suwarna', 'L', '083148964589', 'khairulmutawakkilin3@gmail.com', 'Sumenep', '2006-08-01', 'Dusun Pajanangger, Kel. Pajanangger, Kec. Arjasa', 'INDONESIA', '3529240108061157', 2, 2, 8, 'SMA Putera Bangsa', 'SMA', 'IPS', '2024', '0065693538', 'Jl. Raya Cellong Desa Pajanangger Kec. Arjasa, Sumenep', 10, 5, 8, 'sudah', 'bukti-pembayaran/FBFqVeZLluujmni5IIVgrh2peLoCZKJhSX2y6GcI.jpg', 'diterima', 10, '2024-08-12 03:49:20', '2024-08-12 03:51:19'),
(258, 261, 'Kalimasada Akbar Muslim', 'Siti Marhamah', 'L', '081249765893', 'kalimasadaakbar@gmail.com', 'Bangkalan', '1996-05-07', 'Jl. Raya Kamal No. 57 Rt001/Rw003 Kamal Bangkalan', 'Indonesia', '3526040705960002', 3, 3, 15, 'SMA Negeri 1 Kamal', 'SMA', 'IPS', '2014', '9965077394', 'Jl. Raya Telang No.02, Telang, Kec. Kamal, Kabupaten Bangkalan.', 10, 5, 6, 'sudah', 'bukti-pembayaran/JTiud0hh0ZjuvEg5zoM0XkPxhxjp2T5RzHildvmF.jpg', 'diterima', 10, '2024-08-13 12:14:57', '2024-08-14 00:55:54'),
(259, 262, 'DANDI TIRTATULLAH AL HAQ', 'EKO SUSANDRIYANTI', 'L', '081216618516', 'dandytirta45@gmail.com', 'BANGKALAN', '2005-05-30', 'Jl. KH. MOH TOHA 1/55 KEMAYORAN BANGKALAN', 'INDONESIA', '3526013005050002', 2, 2, 14, 'SMA NEGERI 2 BANGKALAN', 'SMA', 'IPS', '2024', '0057297926', 'Jl. Soekarno Hatta 18 Bangkalan, Wr 04, Mlajah, Kec. Bangkalan, Kabupaten Bangkalan', 10, 7, 11, 'sudah', 'bukti-pembayaran/vh7b74sAPmrrvdNmTI6dgEdaNsx0ZfYA5VCc4fAV.jpg', 'diterima', 10, '2024-08-13 12:40:45', '2024-08-14 01:13:37'),
(260, 263, 'Nur Aini Muhfia Sari', 'Afiyah', 'P', '083866768645', 'muhfia778@gmail.com', 'Bangkalan', '2006-08-13', 'KMP pastgemek', 'Indonesia', '352611308060002', 2, 2, 14, 'MAS sunanampel', 'MA', 'IPS', '2024', '0067069109', 'Jl PP Darussalam no8889', 11, 6, 7, 'sudah', 'bukti-pembayaran/LbusMocCPCqCsj9dJb5qcVrUx6pkY5n2KOvgD9fG.jpg', 'diterima', 11, '2024-08-14 02:09:51', '2024-08-14 04:52:18'),
(261, 264, 'Sahrul hidayat', 'SAIDAH', 'L', '085856289867', 'sahrulhidayat5864@gmail.com', 'Bangkalan', '2006-02-07', 'DSN. KLEKER', 'Indonesia', '3526150702060003', 2, 2, 14, 'SMA DARUL QORORI', 'SMA', 'Ips', '2023', '0063134702', 'Lenteng serabi barat kec. Modung', 6, 10, 5, 'sudah', 'bukti-pembayaran/nJFO6NsZ10GUX7bZYaPHe1xsinhBLxNDdrp34ryF.jpg', 'diterima', 6, '2024-08-14 04:08:33', '2024-08-14 04:45:39'),
(263, 266, 'Mahesa ardi', 'Maryumuk', 'L', '0858504322731', 'mahesaardi12@gamil.com', 'Bangkalan', '2005-01-06', 'Gigir blega bangkalan', 'Indonesia', '3526150601050003', 2, 2, 14, 'Ma Mambaul ulum bata bata', 'MA', 'Ips', '2023', '3054575069', 'MA Mambaul ulum bata bata', 11, 5, 10, 'sudah', 'bukti-pembayaran/wnydZPYO1TWlRT5d5r3G8bpBkg2hpbTUL4GQiGx4.jpg', 'diterima', 11, '2024-08-14 05:16:52', '2024-08-14 07:04:51'),
(264, 267, 'M.Rizki Royan Habibi', 'SUHRIYAH', 'L', '085215150350', 'royanriski52@gmail.com', '10/02/2004', '2004-02-10', 'Dsn.Modung', 'Indonesia', '3526161002040001', 2, 2, 14, 'SMAN 1Kwanyar', 'SMA', 'Ips', '2024', '3045617648', 'Jl.Raya Dlemer', 10, 5, 11, 'sudah', 'bukti-pembayaran/re9joyhYI3WJsebX6tSKWtbAGJFqdqCxYjgQLvA8.jpg', 'diterima', 10, '2024-08-15 03:59:17', '2024-08-15 05:13:56');

--
-- Triggers `registers`
--
DELIMITER $$
CREATE TRIGGER `after_registers_change_delete` AFTER DELETE ON `registers` FOR EACH ROW BEGIN
                CALL update_sisa_kuota();
            END
$$
DELIMITER ;
DELIMITER $$
CREATE TRIGGER `after_registers_change_insert` AFTER INSERT ON `registers` FOR EACH ROW BEGIN
                CALL update_sisa_kuota();
            END
$$
DELIMITER ;
DELIMITER $$
CREATE TRIGGER `after_registers_change_update` AFTER UPDATE ON `registers` FOR EACH ROW BEGIN
                CALL update_sisa_kuota();
            END
$$
DELIMITER ;
DELIMITER $$
CREATE TRIGGER `jalur_masuks_jumlah_pendaftar_trigger` AFTER INSERT ON `registers` FOR EACH ROW BEGIN
            UPDATE jalur_masuks
            SET jumlah_pendaftar = (SELECT COUNT(*) FROM registers WHERE jalur_masuk_id = NEW.jalur_masuk_id)
            WHERE id = NEW.jalur_masuk_id;
        END
$$
DELIMITER ;
DELIMITER $$
CREATE TRIGGER `trg_delete_register` AFTER DELETE ON `registers` FOR EACH ROW BEGIN
                UPDATE jalur_masuks
                SET jumlah_pendaftar = (SELECT COUNT(*) FROM registers WHERE jalur_masuk_id = OLD.jalur_masuk_id)
                WHERE id = OLD.jalur_masuk_id;
            END
$$
DELIMITER ;
DELIMITER $$
CREATE TRIGGER `trg_update_register` AFTER UPDATE ON `registers` FOR EACH ROW BEGIN
            UPDATE jalur_masuks
            SET jumlah_pendaftar = (SELECT COUNT(*) FROM registers WHERE jalur_masuk_id = NEW.jalur_masuk_id)
            WHERE id = NEW.jalur_masuk_id;
            UPDATE jalur_masuks
            SET jumlah_pendaftar = (SELECT COUNT(*) FROM registers WHERE jalur_masuk_id = OLD.jalur_masuk_id)
            WHERE id = OLD.jalur_masuk_id;
        END
$$
DELIMITER ;

-- --------------------------------------------------------

--
-- Table structure for table `sistem_kuliahs`
--

CREATE TABLE `sistem_kuliahs` (
  `id` bigint(20) UNSIGNED NOT NULL,
  `nama` varchar(255) NOT NULL,
  `created_at` timestamp NULL DEFAULT NULL,
  `updated_at` timestamp NULL DEFAULT NULL
) ENGINE=InnoDB DEFAULT CHARSET=utf8mb4 COLLATE=utf8mb4_unicode_ci;

--
-- Dumping data for table `sistem_kuliahs`
--

INSERT INTO `sistem_kuliahs` (`id`, `nama`, `created_at`, `updated_at`) VALUES
(2, 'Luring (REGULER)', NULL, '2024-04-24 03:32:49'),
(3, 'Luring & Daring (RPL)', '2024-04-24 03:16:47', '2024-04-24 03:32:30');

-- --------------------------------------------------------

--
-- Table structure for table `sosmeds`
--

CREATE TABLE `sosmeds` (
  `id` bigint(20) UNSIGNED NOT NULL,
  `nama_platform` varchar(255) NOT NULL,
  `link` varchar(255) NOT NULL,
  `icon` varchar(255) NOT NULL,
  `created_at` timestamp NULL DEFAULT NULL,
  `updated_at` timestamp NULL DEFAULT NULL
) ENGINE=InnoDB DEFAULT CHARSET=utf8mb4 COLLATE=utf8mb4_unicode_ci;

-- --------------------------------------------------------

--
-- Table structure for table `users`
--

CREATE TABLE `users` (
  `id` bigint(20) UNSIGNED NOT NULL,
  `name` varchar(255) NOT NULL DEFAULT '',
  `email` varchar(255) NOT NULL,
  `email_verified_at` timestamp NULL DEFAULT NULL,
  `password` varchar(255) NOT NULL,
  `change_pw` enum('sudah','belum') NOT NULL DEFAULT 'belum',
  `level` enum('camaba','superadmin','admin') NOT NULL,
  `remember_token` varchar(100) DEFAULT NULL,
  `created_at` timestamp NULL DEFAULT NULL,
  `updated_at` timestamp NULL DEFAULT NULL
) ENGINE=InnoDB DEFAULT CHARSET=utf8mb4 COLLATE=utf8mb4_unicode_ci;

--
-- Dumping data for table `users`
--

INSERT INTO `users` (`id`, `name`, `email`, `email_verified_at`, `password`, `change_pw`, `level`, `remember_token`, `created_at`, `updated_at`) VALUES
(1, 'superadmin', 'superadmin', NULL, '$2y$10$z7FTrO4KsLMPU10KKsnVIuFf7v03LNyk/v6yneL8AHm2bQfZqrNZi', 'belum', 'superadmin', NULL, NULL, '2023-05-14 19:35:33'),
(4, 'admin1', 'admin1', NULL, '$2y$10$HAa4h8jXlA2tm3xgOm6HiO0q7ArsG2rUz4nTvCcgr1IWjrnOLYlOm', 'belum', 'admin', NULL, '2023-10-01 21:56:16', '2023-10-01 21:56:16'),
(10, 'TES', 'A@a.co', NULL, '$2y$10$qLd/5J6Yij0FfCAivaUoNOK7MTmePdfWXm/Teh66pA05jvDral9u6', 'sudah', 'camaba', NULL, '2024-04-02 04:52:35', '2024-04-02 04:54:03'),
(11, 'abc', 'A@c.co', NULL, '$2y$10$LAsM.RDu7/2xM6HdFJlUIuNNWbrL3SF9o3Z78kVjYqQhFOGig6Tze', 'belum', 'camaba', NULL, '2024-04-24 02:37:26', '2024-04-24 02:37:26'),
(12, 'jhgghf', 'pmb@gmail.com', NULL, '$2y$10$p2gV9cE.pxKHmXn5rcRYv.cjSs/cFChg/rx2mEfrh/icj7mcusfmK', 'belum', 'camaba', NULL, '2024-04-24 04:37:17', '2024-04-24 04:37:17'),
(13, 'jhgghf', 'auliabalqis220198@gmail.com', NULL, '$2y$10$ywvFNT2dFEzdDjk4qu2Qv.qLAOdS2HIWLiFT2SSypOhqsyd5NFMQy', 'belum', 'camaba', NULL, '2024-04-24 04:48:39', '2024-04-24 04:48:39'),
(14, 'JOYA NUR PRIYANTI GUNAWAN', 'joyanurp@gmail.com', NULL, '$2y$10$jX9SAkGqs7S7KTD6pt68I.Jcc3EGzZ3CXh0mkvXzWC227DRQfVLr6', 'belum', 'camaba', NULL, '2024-04-24 05:20:16', '2024-04-24 05:20:16'),
(15, 'jhgghf', 'auliabalqis344@gmail.com', NULL, '$2y$10$mjY8sUyUWl8ww3gAuxN/WOU3ybOJTguUefnHXWdSbTRBZuv2CKCbi', 'belum', 'camaba', NULL, '2024-04-26 07:08:45', '2024-04-26 07:08:45'),
(16, 'ALFIN MUBAROK', 'Alfinmubarokk2005@gmail.com', NULL, '$2y$10$/BEEwSGsYQaXNhVf.ktYOOUDLCPsGr/N17n2Az28hgiIfRRTfFOuO', 'belum', 'camaba', NULL, '2024-04-29 04:51:46', '2024-04-29 04:51:46'),
(17, 'HOIRUL ANAM', 'hoirulanam7656@gmail.com', NULL, '$2y$10$PbYQC9gEun9BnoVFq.71ZeDd0zvuTrsKJKj855j5BI4sjXiHFUH6u', 'belum', 'camaba', NULL, '2024-04-29 04:57:35', '2024-04-29 04:57:35'),
(18, 'SHUFHAN JAMIL', 'jamilbangkalan6@gmail.com', NULL, '$2y$10$fMlLHk762jlYgYuv/AhL6u6RAOxqiQpl.A5IWvZdKYkUNAeLSS952', 'belum', 'camaba', NULL, '2024-04-29 05:06:06', '2024-04-29 05:06:06'),
(19, 'RIZKY BAHTIAR', 'riskyfira51@gmail.com', NULL, '$2y$10$X3nuEG3ItaAZQxspexdVferK6hvhwerETXjGLYgGbcoCBxfImi/kG', 'belum', 'camaba', NULL, '2024-04-29 05:33:32', '2024-04-29 05:33:32'),
(20, 'MOH. HUSNIL MA\'ARIF', 'maarifjanuary6111@gmail.com', NULL, '$2y$10$oCvRJ/YZM7q3crUdSvMVYuHMw7CfpRJnXugWgJzGMJ78QPV/jtpi.', 'belum', 'camaba', NULL, '2024-04-29 05:42:00', '2024-04-29 05:42:00'),
(21, 'SITI ROFIAH', 'rofiaah31@gmail.com', NULL, '$2y$10$BIVFkPy2cQ3Meda0IaIa.OnuHu8eyYCQIFAVpZMljn.NsdR7z2UDK', 'belum', 'camaba', NULL, '2024-04-29 05:50:49', '2024-04-29 05:50:49'),
(22, 'Andika dwi anggara', 'andikadwia1@gmail.com', NULL, '$2y$10$SBMTkj7idlIsUstO66WQS.cCYEZ4sF7VUbKNYHkS0bP0KovgIB.Ma', 'belum', 'camaba', NULL, '2024-04-30 06:40:14', '2024-04-30 06:40:14'),
(23, 'Aynia Ramadani', 'slametriadi@gmail.com', NULL, '$2y$10$TBZ3Y1rKv27ZeAEbyXGRWu6rmEfr1Orfz1BMagp222oEjq1YcuMbW', 'belum', 'camaba', NULL, '2024-04-30 13:21:18', '2024-04-30 13:21:18'),
(24, 'Aynia Ramadani', 'ayniaramadani29@gmail.com', NULL, '$2y$10$u1LKMgZvMoxCDMP2AXgx7OaMgEtMDnWuBvFJSuuVAhEin5PiVrm3i', 'belum', 'camaba', NULL, '2024-04-30 13:50:24', '2024-04-30 13:50:24'),
(25, 'ROSUL MUHAMMAD DANI', 'rmuhdani2@gmail.com', NULL, '$2y$10$R4qxYc.xqHlxx7aEQpUDQOOZ.YAzY2ex48KwcwtdaEoV363/GTX3W', 'belum', 'camaba', NULL, '2024-05-03 06:40:29', '2024-05-03 06:40:29'),
(26, 'MIFTAHUL ANSHORI', 'miftahulanshoriii@gmail.com', NULL, '$2y$10$5qUEOBh59qLiAH/jcLE6gOSlRRQ/LKRWB7BLOqbsIRIfR.ukDA.pe', 'belum', 'camaba', NULL, '2024-05-03 06:48:41', '2024-05-03 06:48:41'),
(27, 'MOH. RAIHAN', 'reeihan19@gmail.com', NULL, '$2y$10$rdEMg46tm9NATxyFhbpwaeXZFpOzuRnammsqUUC5u34zVfIkLYyUu', 'belum', 'camaba', NULL, '2024-05-03 06:58:22', '2024-05-03 06:58:22'),
(28, 'SITI ALIYAH', 'salya2752@gmail.com', NULL, '$2y$10$0kiQXYzEgn9HaEg0lDe6uOtppBXVIxaBicaHngrQpEu22VEcfJQaK', 'belum', 'camaba', NULL, '2024-05-03 07:06:37', '2024-05-03 07:06:37'),
(29, 'MUHLIS', 'mukhlisfadil28@gmail.com', NULL, '$2y$10$kv5kkPU9BUsHaud1kNRTQeYQ9MAhRhP7HzXEb8drU0VACvneIjxem', 'belum', 'camaba', NULL, '2024-05-03 07:39:02', '2024-05-03 07:39:02'),
(30, 'SALIMATUS SAKDIYAH', 'salimatussakdiyah98@gmail.com', NULL, '$2y$10$LDEAoHijiX3yhoYfwLrvb.LnR7J0fjbGvNocoAjkFVhc7mN51h50a', 'belum', 'camaba', NULL, '2024-05-03 08:41:28', '2024-05-03 08:41:28'),
(31, 'LATIFATUL SOFIYAH', 'asadfhieas12345@gmail.com', NULL, '$2y$10$E2QzIlTyGOoh8HVeo76fVusQLrFYyG9YdKg/zPlR7gfggeDxq1Y/W', 'belum', 'camaba', NULL, '2024-05-06 01:55:19', '2024-05-06 01:55:19'),
(32, 'ABDUL MUIN', 'abdmuin041086@gmail.com', NULL, '$2y$10$5DnksRPvz0PRXnPHQy0Cxulqx4T7vo440RmgIfOB.IJ6xaCKtoRPq', 'belum', 'camaba', NULL, '2024-05-07 02:53:19', '2024-05-07 02:53:19'),
(33, 'Marsuli', 'suli.ajadech@gmail.com', NULL, '$2y$10$Mh7sTW57Bo6blfI2xCHereGxA2e9pQd512jHEc140xzRVqJ8GVWSe', 'belum', 'camaba', NULL, '2024-05-07 03:41:36', '2024-05-07 03:41:36'),
(34, 'MUHAMMAD MAMLU\'UL HIKAM', 'usaifuddin732@gmail.com', NULL, '$2y$10$KMR.i0y6v3vpfb613vQZl.6/9.ns5fCSjBmvugwC6QXag9EFKHKmO', 'belum', 'camaba', NULL, '2024-05-07 04:45:50', '2024-05-07 04:45:50'),
(35, 'AFIFATUN NISA\'', 'safinatulummah@gmail.com', NULL, '$2y$10$RScvV8aVdyslAVUZCbkFZ.hwupuIlAqr9j8k6Fn5e9XjG97e0DbIC', 'belum', 'camaba', NULL, '2024-05-07 04:56:51', '2024-05-07 04:56:51'),
(36, 'RINA SULIS TIANA', 'sitifadilah.sf5991@gmail.com', NULL, '$2y$10$Cza/KhGSjp/FC3O7dd08muCP.aEYHi/dhVsXB/6s5DEaObLVM7s52', 'belum', 'camaba', NULL, '2024-05-08 07:32:01', '2024-05-08 07:32:01'),
(37, 'ALIVIATUL MAHYU', 'aliviatulmahyu@gmail.com', NULL, '$2y$10$uvtKqrg2dggC2khHL9dObun6infzDPCwZBTiWfqVkPkZEZY3M8c1K', 'belum', 'camaba', NULL, '2024-05-08 07:42:11', '2024-05-08 07:42:11'),
(38, 'LAILA MASRUROH', 'lailamasruroh259@gmail.com', NULL, '$2y$10$XMsVlwrRzP..wqUkubOu..hrg9.8zSl5Yv/hHQaTohJDhUQl7ppmi', 'belum', 'camaba', NULL, '2024-05-08 08:49:36', '2024-05-08 08:49:36'),
(39, 'Siti Sholehah', 'sholehahs785@gmail.com', NULL, '$2y$10$hvPP4TbifPmDTLOHS5bbMemzksNbUTc6vNLjFW9dDyTco7GTrIve6', 'belum', 'camaba', NULL, '2024-05-08 10:48:54', '2024-05-08 10:48:54'),
(40, 'RUSTIANAWATI', 'rustianaismail@gmail.com', NULL, '$2y$10$4pt2TXzjnn1Gw2Ohv3v0yudk5UGggBm8aSfuCiFsTnZ0Fcs8vLb5G', 'belum', 'camaba', NULL, '2024-05-08 12:12:49', '2024-05-08 12:12:49'),
(41, 'RUSTIANAWATI', 'amishasholehah@gmail.com', NULL, '$2y$10$.FjC5MzxJE4hzFKWdAXZ1esyqMLL6.wu00ZX42K5QpCiZT8ExLBEG', 'belum', 'camaba', NULL, '2024-05-08 12:26:43', '2024-05-08 12:26:43'),
(42, 'NUR KHOLIS AKBAR', 'denakbar567@gmail.com', NULL, '$2y$10$6p4ZtA8Jn2GvEBsnrZDwLe4ssvtR7zo0/x1TUExHA9ARSZU185xLm', 'belum', 'camaba', NULL, '2024-05-08 15:34:20', '2024-05-08 15:34:20'),
(43, 'YESSIROH', 'yessisiroh@gmail.com', NULL, '$2y$10$.0RMQXm5rqe3cj1TWtt.9OaVx4BE8Sfu9eDgnhT5m8/opQdLLiTuC', 'belum', 'camaba', NULL, '2024-05-09 04:48:58', '2024-05-09 04:48:58'),
(44, 'RYAN YUZRIZAL ABDILLAH PRATAMA', 'syamsul.gunawan@trunojoyo.ac.id', NULL, '$2y$10$X1h/UoPCa4.HIPNHJi4X5e.th.uR6ldoYnDHlVUPpup5k3prSnRdS', 'belum', 'camaba', NULL, '2024-05-10 13:00:08', '2024-05-10 13:00:08'),
(45, 'Shofia.farohatul.jannah', 'shofiafj669@gmail.com', NULL, '$2y$10$zGzuxiQVTVsNW2RCMOxGNuCMhwHfAcne09fHQY.tm.qIomfM2sfRm', 'belum', 'camaba', NULL, '2024-05-12 02:49:41', '2024-05-12 02:49:41'),
(46, 'Dewi wulan safitri', 'safitriiwulan686@gmail.com', NULL, '$2y$10$DUVay.qp/vc4SEzpOPUOvuvGADjsGWwhfGDrBuqU1SMQLyso5SCgW', 'belum', 'camaba', NULL, '2024-05-13 03:47:21', '2024-05-13 03:47:21'),
(47, 'Dewi Wulan Safitri', 'dinasyafatul2539@gmail.com', NULL, '$2y$10$ojbDEwWZUxOZQ9c0vUoJyu638O5nPD7ChfyVxhgmYIOsh4MWIrBHm', 'belum', 'camaba', NULL, '2024-05-13 04:48:15', '2024-05-13 04:48:15'),
(48, 'Lia Kamaliah', 'liakamaliah2052@gmail.com', NULL, '$2y$10$yUruQ4.eclinRsoM/iAnFeNW9qVJ.xwzdgTKuRUOh2JncLo0WgKDO', 'belum', 'camaba', NULL, '2024-05-13 22:44:43', '2024-05-13 22:44:43'),
(49, 'AIDHATUL LAILA SULFITRIAH', 'vivijhuteks@gmail.com', NULL, '$2y$10$mPsr2nPf5ag4/pOKHR6ZLeKADYYqh8RpKpLp6xguMbr9LY2Lejuc2', 'belum', 'camaba', NULL, '2024-05-14 02:29:23', '2024-05-14 02:29:23'),
(50, 'SALDY HIDAYAT', 'saldyhidayat2005@gmail.com', NULL, '$2y$10$WsQYhmZFvlxGKmq0qAPiqefznu0twaIMASHzIA02nVTaDiL6LGCkq', 'belum', 'camaba', NULL, '2024-05-14 02:38:45', '2024-05-14 02:38:45'),
(51, 'AHMAD NAHRU ZAMZAMY', 'nahruzamzamy@gmail.com', NULL, '$2y$10$V6kNN38ADuPBjGdtrTQKHOo.agqJ7Qv9aKcYRIJYDVRf/J.UGvdqm', 'belum', 'camaba', NULL, '2024-05-14 09:43:12', '2024-05-14 09:43:12'),
(52, 'AHMAD NAHRU ZAMZAMY', 'zamzamynahru@gmail.com', NULL, '$2y$10$2JdYyOBGmNDBeDhPd30CCuZ33mLZhGniIhnMc.K1loZq//lqkxuBS', 'belum', 'camaba', NULL, '2024-05-14 10:17:39', '2024-05-14 10:17:39'),
(53, 'ARINDA CITRA ARYANI', 'arindacitra124@gmail.com', NULL, '$2y$10$O1DJsoAXo6ujrmp3oINqLONLpDciVroBD39.kZGuiXPbopn.jEe.a', 'belum', 'camaba', NULL, '2024-05-14 14:32:05', '2024-05-14 14:32:05'),
(54, 'HABIB RIZQI JAMAL', 'habibbriski460@gmail.com', NULL, '$2y$10$BI3jUUNBoC/jHCUN0muxM.mUoMNHY.tg0wHYIIZV767yUc1jBmgQi', 'belum', 'camaba', NULL, '2024-05-15 06:13:53', '2024-05-15 06:13:53'),
(55, 'Mahendra aditya abil', 'adityaabil122@gmail.com', NULL, '$2y$10$r/ehr1GB/tibn2hTdzx3BeBvf/ra7FYYKLTFLgCwTfQPer.JkBfuG', 'belum', 'camaba', NULL, '2024-05-16 02:20:48', '2024-05-16 02:20:48'),
(56, 'ISSETUL MUNAWWARAH', 'Issahmunawaroh@gmail.com', NULL, '$2y$10$Se6euzbyCchHIxzT2oUcI.2xewsPmLTrVuoOw1ASVCBb1l4u4JVcC', 'belum', 'camaba', NULL, '2024-05-16 02:34:32', '2024-05-16 02:34:32'),
(57, 'GAFID ROHMAN', 'rohmangafid@gmail.com', NULL, '$2y$10$R5Vq6BxGu4phnWo4iyWQ8OLW0mqETKlYst4pV7bwY6.UXjU.2yMKC', 'belum', 'camaba', NULL, '2024-05-16 04:02:47', '2024-05-16 04:02:47'),
(58, 'Ayu Nindyawati', 'nindyawatiayu27@gmail.com', NULL, '$2y$10$fgkcEge1nq/7tsw0xztPUekgpG9bL5.WocllIMAywraNSwTVFrpHu', 'belum', 'camaba', NULL, '2024-05-17 11:54:37', '2024-05-17 11:54:37'),
(59, 'Saiful', 'fexno01@gmail.com', NULL, '$2y$10$WlXGEV6XJcA5/E.7isfrL.zAfY6byMazek.EG7EONQCLQFlnM49ty', 'belum', 'camaba', NULL, '2024-05-18 03:53:04', '2024-05-18 03:53:04'),
(60, 'Sugianto Purnomo Mainaki', 'sugi29.5@gmail.com', NULL, '$2y$10$ThUDtGzgbBCOrXsJpS.eqehsBFwLHJS3bhxK8YS/vNWFJNI8.xT8e', 'belum', 'camaba', NULL, '2024-05-18 12:35:09', '2024-05-18 12:35:09'),
(61, 'RIZAL ARISANDI', 'risalarisandi.ra@gmail.com', NULL, '$2y$10$IHbkEoeH6f/RceBcuoNpROsKC2gZDNV5zVUJ.V9e.ImOMAX6B7KoO', 'belum', 'camaba', NULL, '2024-05-19 10:13:26', '2024-05-19 10:13:26'),
(62, 'DHURRIYATUS SHOLIHAH', 'dhurriatuslilik@gmail.com', NULL, '$2y$10$BWhrXPsmoR7s1mnwRVP.sezZ20/miVN1Ls6Ly6IGQrSl3rkEgl6y2', 'belum', 'camaba', NULL, '2024-05-21 01:30:41', '2024-05-21 01:30:41'),
(63, 'Rosik', 'rosikvern@gmail.com', NULL, '$2y$10$ZTenwAKy5fMJ5LGtnvbBeOltKLmGu7hHXPHZJ3IvlzZUa8ePk/EqO', 'belum', 'camaba', NULL, '2024-05-21 03:50:20', '2024-05-21 03:50:20'),
(64, 'MOH. FATHOR ROHMAN', 'zains.habibi2014@gmail.com', NULL, '$2y$10$Mb8ruuJVwPbVN73teTqGLuFaFAFH2sZ0mquFDYQ4RviSRQIjZ.eWO', 'belum', 'camaba', NULL, '2024-05-21 22:22:38', '2024-05-21 22:22:38'),
(65, 'Nova Yasmin Putri', 'novayasminputrii@gmail.com', NULL, '$2y$10$SSOIZOT/uZNkZzkgkRCxNuu8RdzZC9P39f7PcMNwy4uUNX62526wq', 'belum', 'camaba', NULL, '2024-05-22 03:33:01', '2024-05-22 03:33:01'),
(66, 'MOCH FAISAL', 'mochfaisal0186@gmail.com', NULL, '$2y$10$lOulRuDE8QerbW2/jJ47cOS9yutMQiJdjKSmqD7Lgcj1HoEk7pFn6', 'belum', 'camaba', NULL, '2024-05-22 07:26:01', '2024-05-22 07:26:01'),
(67, 'MOCH FAISAL', 'mohfaisal2968@gmail.com', NULL, '$2y$10$jEwU73uO33lE8MGCQS0JJOQwzkBFTSmq947IdcQjUD71IZq1f0vIG', 'belum', 'camaba', NULL, '2024-05-22 07:41:53', '2024-05-22 07:41:53'),
(68, 'KAYLA ANDINI ANSORI', 'akaylaandini@gmail.com', NULL, '$2y$10$S29958ySawILYEJetkgH.eNR6UYZCBxd6xDoE21wdgP7X4Enqw0Z.', 'belum', 'camaba', NULL, '2024-05-23 11:21:45', '2024-05-23 11:21:45'),
(69, 'THEO SYAPUTRA', 'syaputratheo98@gmail.com', NULL, '$2y$10$zhCYiOMQPQ9n9LqOe8LnY.z3.5DNZ49soeiND3qg3GAahCivuDz5S', 'belum', 'camaba', NULL, '2024-05-24 02:02:12', '2024-05-24 02:02:12'),
(70, 'IKHTIATUS SHOLIHAH', 'tia.sholihah.01@gmail.com', NULL, '$2y$10$L0Szct3j.lJrWZ5mgxhsiu7vIhcLc7ztDpBfOaLyAeuaLzQ3kOw9G', 'belum', 'camaba', NULL, '2024-05-24 13:14:14', '2024-05-24 13:14:14'),
(71, 'SARAFAH ABADIYAH', 'sarafahabadiyah176@gmail.com', NULL, '$2y$10$84/MB0PR4SFlOM2ciu/SfOXf.ORRBn5D8zPEtpUB6S1NKRGfD1Niy', 'belum', 'camaba', NULL, '2024-05-25 08:13:12', '2024-05-25 08:13:12'),
(72, 'SARAFAH ABADIYAH', 'divaratnaindah048@gmail.com', NULL, '$2y$10$t2OIH1Wckcn0AaFNfj5nH..GqA1.eoTt9tll3sMVvs0xYIM5K6p92', 'belum', 'camaba', NULL, '2024-05-25 10:19:59', '2024-05-25 10:19:59'),
(73, 'MAS\'UDI', 'masudi441570@gmail.com', NULL, '$2y$10$BKrzEy4OPzPxgiT3fUnXHeD37vkVnnRe7u.EkT8It9mYpAlpgoNEq', 'belum', 'camaba', NULL, '2024-05-27 09:05:52', '2024-05-27 09:05:52'),
(74, 'AHMAD MUSLEH', 'ahmadmuslehbinsai@gmail.com', NULL, '$2y$10$pLRtdieCGmeUTDYk0f8HZuXYHXNRrzVCpjp9gtiCoJUgMAJghu0mC', 'belum', 'camaba', NULL, '2024-05-28 04:02:07', '2024-05-28 04:02:07'),
(75, 'ISTI QOMARIAH', 'caturgroupadvertisement@yahoo.com', NULL, '$2y$10$vjJi2Ozyh5h0Xhj3ZEYrY.2i.3pigUNyfmaBquYxVDlssTfGTrTGa', 'belum', 'camaba', NULL, '2024-05-29 02:24:31', '2024-05-29 02:24:31'),
(76, 'ABDEL HAQQ PAHLEVY', 'uf09530@gmail.com', NULL, '$2y$10$dF0hHpOLdX76DpNB/BA8/.h82.X//UWo9RiFYe7vM7d6P650OLwr2', 'belum', 'camaba', NULL, '2024-05-29 04:40:52', '2024-05-29 04:40:52'),
(77, 'SYAIFUL BAHRI', 'devilinu11@gmail.com', NULL, '$2y$10$xVt.51F9m639mUxVdT9NLuQt6Y2jvX3ThosSb6cS/u58YzwDB38F6', 'belum', 'camaba', NULL, '2024-05-29 05:37:01', '2024-05-29 05:37:01'),
(78, 'HAIRUL', 'herulnisam682@gmail.com', NULL, '$2y$10$alW5/cOqKS6d6eIoEIhSSuZs8fvrJwGIelHI0bsTD6L1OPt7s/OBa', 'belum', 'camaba', NULL, '2024-05-29 06:22:34', '2024-05-29 06:22:34'),
(79, 'AHMAD MUSLEH', 'ahmadmusleh22@gmail.com', NULL, '$2y$10$VidcSZdGEGyxigkiu.zJtuPEtJVtAsu5wuqrmphsnnPttNkn96dIe', 'belum', 'camaba', NULL, '2024-05-29 09:37:25', '2024-05-29 09:37:25'),
(80, 'DANI PRATAMA NUGRAHA', 'danipratamanugraha93@gmail.com', NULL, '$2y$10$73oYsqhSUJ.Vr6.ywS8dse0zR4E5Yvw0jw4lGXgqqLC8YKzfg6lOq', 'belum', 'camaba', NULL, '2024-05-31 01:18:56', '2024-05-31 01:18:56'),
(81, 'MOH. FADLAN HUSEIN', 'alanhusein2005@gamil.com', NULL, '$2y$10$Yhx.nB/AVs9D.G/B9DeDFOtpb1llJFn03wcGiPJhC6hZZbBuw1tIC', 'belum', 'camaba', NULL, '2024-05-31 04:54:29', '2024-05-31 04:54:29'),
(82, 'ANDIKA TRI MUSLIMIN', 'halimatus.76@gmail.com', NULL, '$2y$10$uaIaLTz/Ch7.dvFf8b.k4.3iG0zCt.ZDc5fgstmo9qU9OBcyl05NO', 'belum', 'camaba', NULL, '2024-05-31 05:00:02', '2024-05-31 05:00:02'),
(83, 'NAILATUL MANNAH, SH', 'ndutnayla01@gmail.com', NULL, '$2y$10$mWXGkIB7pYyKmD7g14R/YuUkI1K9rOV0kRlVnQWjcAgtyrcArfv7C', 'belum', 'camaba', NULL, '2024-05-31 10:48:28', '2024-05-31 10:48:28'),
(84, 'ALIYATUL FIKRIYAH', 'aliyatulfikriyah415@gmail.com', NULL, '$2y$10$GEJ4AURKNJP/Mm2YEjc2gOY0PyVxX.9fLUIKhV8tcUQPwUdHP6QO2', 'belum', 'camaba', NULL, '2024-05-31 12:02:12', '2024-05-31 12:02:12'),
(85, 'ALYATUL FIKRIYAH', 'muallifahseptiawardani@gmail.com', NULL, '$2y$10$8zbVNWyP6xfZtM6PPXrB8OCoBCCL57aGvbu.iKlx8ZdWWOEUYhfSO', 'belum', 'camaba', NULL, '2024-06-03 03:01:12', '2024-06-03 03:01:12'),
(86, 'cobain123', 'a@abc.com', NULL, '$2y$10$uz0NifXS.CV5JXCxki2PMuOPiSl0sNgr2FnV4eo/UOohgUs4b8mJG', 'belum', 'camaba', NULL, '2024-06-03 04:04:26', '2024-06-03 04:04:26'),
(87, 'MOH. RONAL DONI', 'mohronaldoni22@gmail.com', NULL, '$2y$10$oWru9/0Yxc6meq1TZyrer.2Ql9tbMYnw0tESpJ5xevC0QYIQzpOpG', 'belum', 'camaba', NULL, '2024-06-03 04:16:03', '2024-06-03 04:16:03'),
(88, 'RIA ALIYA RAHMA', 'riarahma159@gmail.com', NULL, '$2y$10$eLbm8STi0I/j4U8skzh5Q.t5OIp1wP18d5h1x1F7PFuqnFmO.vz3C', 'belum', 'camaba', NULL, '2024-06-03 08:07:46', '2024-06-03 08:07:46'),
(89, 'SITI NURUL ULUM', 'pipitsitibkl2024@gmail.com', NULL, '$2y$10$zyhgY2VQnXXWYTUzjFuvFuRmWiqseVZbVJWw1w9hzeS4EgpCdXvgy', 'belum', 'camaba', NULL, '2024-06-03 14:07:45', '2024-06-03 14:07:45'),
(90, 'ANDIKA TRI MUSLIMIN', '63ky23@gmail.com', NULL, '$2y$10$np1AFdwxzCrhbMilN2CSseqbGO4LL8XoMP3LQYA6Ph/pBqyKPhLrK', 'belum', 'camaba', NULL, '2024-06-04 02:48:38', '2024-06-04 02:48:38'),
(91, 'Nuri Fatika salsabila', 'nurifatikasalsabila@gmail.com', NULL, '$2y$10$wqzRRvDH5UeLAyBu7mg1CeFB/4EXz2oPsiwA91ao22.4iyUtGoDem', 'belum', 'camaba', NULL, '2024-06-04 12:33:08', '2024-06-04 12:33:08'),
(92, 'ADFIN NAHUBAL', 'adfinnahubal@gmail.com', NULL, '$2y$10$j2/eO8GuCwNIJJL.uBoiDePiyaXnn2hQm9ZtaIx0VxDzSX0ZK6UGe', 'belum', 'camaba', NULL, '2024-06-04 13:24:21', '2024-06-04 13:24:21'),
(93, 'Nuri Fatika salsabila', 'snurifatika@gmail.com', NULL, '$2y$10$1YK/HDHL1EZQ5YLyqI/Y3O3OPqYwDugyKPXZhnA91RnaFXNBHJ5IC', 'belum', 'camaba', NULL, '2024-06-05 02:04:52', '2024-06-05 02:04:52'),
(94, 'ADFIN NAHUBAL', 'adfinnahubal3@gmail.com', NULL, '$2y$10$IV1exYoMHFGFPxmBWxfUgO4NOTF.iJkJUqle3KtektWj4//auHKfe', 'belum', 'camaba', NULL, '2024-06-05 03:42:14', '2024-06-05 03:42:14'),
(95, 'MANISA UTARI MOFID', 'manisautari70@gmail.com', NULL, '$2y$10$6bgsqHQ6O0bhxwZTkTw9SeyKpyrKGJHxxjYrYDTMYt6FTruKiVk/q', 'belum', 'camaba', NULL, '2024-06-05 14:09:42', '2024-06-05 14:09:42'),
(96, 'Ika lastari', 'lestariika0302@gmail.com', NULL, '$2y$10$5kMcJMDL1ZEI3OXI7NGmfOXGvBJs4XGFwMgl3PUF6XswtLoblqf72', 'belum', 'camaba', NULL, '2024-06-06 02:28:02', '2024-06-06 02:28:02'),
(97, 'SITI HAFIFAH', 'hafifahsiti.saja@gmail.com', NULL, '$2y$10$3.1pWoy445LT42.7VzWuiOIT1BpefruWZ3/gyDcW9W3izgGobMUmG', 'belum', 'camaba', NULL, '2024-06-06 09:43:31', '2024-06-06 09:43:31'),
(98, 'NOVAL', 'novaldanil91@gmail.com', NULL, '$2y$10$QmF/yfbdxXFpJD5DuNZVO.Anqbw2eKtAejmqPKWDJmOI9pa9b2EGG', 'belum', 'camaba', NULL, '2024-06-06 14:50:22', '2024-06-06 14:50:22'),
(99, 'QURROTUL AINY UTAMI', 'ainyutamiq@gmail.com', NULL, '$2y$10$Idj7wctVXnobhtGH7yl49Ob08jE1pQhZolnMdmwIVSHCro57GmfSy', 'belum', 'camaba', NULL, '2024-06-07 01:43:43', '2024-06-07 01:43:43'),
(100, 'AGUS SAPUTRA ASSAGAF', 'aagussaputraa89@gmail.com', NULL, '$2y$10$NCgd1PgkrN2FzoYqR5enV.aT3o2TO/7RiO7qSqAXestXuIHOfgdcy', 'belum', 'camaba', NULL, '2024-06-07 06:03:23', '2024-06-07 06:03:23'),
(101, 'Rika Raga Putri', 'ragaputririka@gmail.com', NULL, '$2y$10$2/7UfsKxnIVG8O/.OymBD.ZXUZfiQqWA/L8tEeHii.NanVUtjroVy', 'belum', 'camaba', NULL, '2024-06-07 13:43:58', '2024-06-07 13:43:58'),
(102, 'AHMAD ZAINI', 'zaentgd27@gmail.com', NULL, '$2y$10$thWS8KJ8mFvMWPFXWD0Aoe2.hOQZku5W3Ifot1N0wxDijfQjMt2uu', 'belum', 'camaba', NULL, '2024-06-09 07:01:29', '2024-06-09 07:01:29'),
(103, 'Evi suciati', 'evisuciatievisuciati@gmail.com', NULL, '$2y$10$6KwU4NyKxad93mvOqrCjse8v7872HkhhMJZNUleoAhagTaGg3ajHi', 'belum', 'camaba', NULL, '2024-06-10 07:18:46', '2024-06-10 07:18:46'),
(104, 'ALIATUL KARIMAH', 'aliatulkarimah35@gmail.com', NULL, '$2y$10$ahUpK97pFPWevFwrT4YYcubCIJCH9udB6dyioKelzg99rpyYzJZVi', 'belum', 'camaba', NULL, '2024-06-10 07:50:58', '2024-06-10 07:50:58'),
(105, 'HASAN BESRI', 'hasanakeloy653@gmail.com', NULL, '$2y$10$qG0Iz0EtmmbRyRGNbub4Cewvb9fXaU82Qeb/Qp1Z7Pp9ZYnf2.hH2', 'belum', 'camaba', NULL, '2024-06-11 08:17:16', '2024-06-11 08:17:16'),
(106, 'Rofiqotul mawla', 'rofiqotulmaula47@gmail.com', NULL, '$2y$10$ZZcSlMrSlr7gC.qoZK75iu1eFxyZ.aCQJQSNCvywcigZN/KWiQq62', 'belum', 'camaba', NULL, '2024-06-11 15:09:20', '2024-06-11 15:09:20'),
(107, 'ABDILLAH AL FARISI', 'abdillahalfarisi33@gmail.com', NULL, '$2y$10$SQOqx1WJCkA3vWg/MdUcVusmDr/OlrweTICl0WqISsRnM93uKprGe', 'belum', 'camaba', NULL, '2024-06-12 08:10:00', '2024-06-12 08:10:00'),
(108, 'NAILIZ ZULVA RIZKYA', 'nailissulfarizqia@gmail.com', NULL, '$2y$10$ZQkVfJobGn8XTkqzIrQTmOs4oPZ3fwy540/EJ0nwOVjAZOAeLzcRK', 'belum', 'camaba', NULL, '2024-06-13 09:03:37', '2024-06-13 09:03:37'),
(109, 'Nurul Widhad', 'widhadnurul@gmail.com', NULL, '$2y$10$8ISc98EzjBO5hXzKFwg.9uPc8JfmzKFLXv1AUvhlcbO64dy6Bxs8m', 'belum', 'camaba', NULL, '2024-06-13 15:37:31', '2024-06-13 15:37:31'),
(110, 'Desy Lovevita Ramadhani', 'fitamuslimah971@gmail.com', NULL, '$2y$10$1zHxW6plqEuqqF5gqIafMu9GmphD1UBy1uN20fe069hJGH5BfsU6G', 'belum', 'camaba', NULL, '2024-06-14 03:29:41', '2024-06-14 03:29:41'),
(111, 'Nurul Widhad', 'bichoiri.nisa321@gmail.com', NULL, '$2y$10$.sYehySV/RJfeRpJxUcHGeyl1r3NfpjHVJCKsqIDqqmiFI.Jqs3Bq', 'belum', 'camaba', NULL, '2024-06-14 05:02:03', '2024-06-14 05:02:03'),
(112, 'AYU SUGIARTI', 'lusisugiarti70@gmail.com', NULL, '$2y$10$yX17BjRH4olv38HHXca4l.GnaJVzzLLDzZlNM3HEDx8wHghmcSxu6', 'belum', 'camaba', NULL, '2024-06-14 07:56:06', '2024-06-14 07:56:06'),
(113, 'Nurul Sakinah', 'nurulsakinah6115@gmail.com', NULL, '$2y$10$1a3h/WZsfLr7XQvgS./0teiX5.EVobhmBc9tCoYOASPSSZHv7J2Wm', 'belum', 'camaba', NULL, '2024-06-14 10:50:17', '2024-06-14 10:50:17'),
(114, 'Elisya Agustini Asyari', 'elisyaagustiniasyari@gmail.com', NULL, '$2y$10$PxevUU4omwTheD2qOIyoEe8ST1kHVJCBoxWpM58.bLnHqVMENX85O', 'belum', 'camaba', NULL, '2024-06-14 13:45:59', '2024-06-14 13:45:59'),
(115, 'HAIRUL NIZAM', 'herulnisam229@gmail.com', NULL, '$2y$10$Ge.dmCpLO12YI2LvdbikSObXZOif3283KQFXgSXfOVHL.STTjFbk6', 'belum', 'camaba', NULL, '2024-06-14 16:05:27', '2024-06-14 16:05:27'),
(116, 'Alfiatus Syifa', 'alfiatussyifa600@gmail.com', NULL, '$2y$10$LeiWcwHGZC9mhckpkUigquQZ900rHRTZks1rlLyf.fVT9mLT8Gx5e', 'belum', 'camaba', NULL, '2024-06-15 03:37:14', '2024-06-15 03:37:14'),
(117, 'HAIRUL NIZAM', 'heruln171@gmail.com', NULL, '$2y$10$eODavOck1bOyk0zq4LYi9.cDUiAasAMteSBEL0yRQA.seK06bF8m6', 'belum', 'camaba', NULL, '2024-06-15 10:44:43', '2024-06-15 10:44:43'),
(118, 'HAIRUL NIZAM', 'nizamherul271@gmail.com', NULL, '$2y$10$GOaXVepr0bRAupQ/4j7eMuTxx8vniynLZ1QmUaoA.uvg24kOMLmCq', 'belum', 'camaba', NULL, '2024-06-15 12:18:09', '2024-06-15 12:18:09'),
(119, 'HAIRUL NIZAM', 'nisamherul@gmail.com', NULL, '$2y$10$GoxUhFRSkpUoAB8iPCKHVO9VQ2Fia2T.YErXZ6zuwn5BOFMayhbuK', 'belum', 'camaba', NULL, '2024-06-15 12:44:05', '2024-06-15 12:44:05'),
(120, 'Nurul Marom', 'nurulmarom205@gmail.com', NULL, '$2y$10$VooJtR6MGC6llOEaln6riOBwkP8VC3gSxtQLuOQ/mWjbdXLKAFPUm', 'belum', 'camaba', NULL, '2024-06-16 04:58:14', '2024-06-16 04:58:14'),
(121, 'HAIRUL NIZAM', 'hairulnizam7319@gmail.com', NULL, '$2y$10$/XxI1pWWp3mmx.ZBs.XCO.tiSADEJuPVZmjJ9rDeXnsqwMARSeZuK', 'belum', 'camaba', NULL, '2024-06-16 15:58:15', '2024-06-16 15:58:15'),
(122, 'RAYSA EKA DELVIRA', 'raysaekaekadelvira@gmail.com', NULL, '$2y$10$HqRY9O2WmgUjM6Giy9MV2.Pu55sa1Pzd9ZRJDz12lAgBVqGlXy2l6', 'belum', 'camaba', NULL, '2024-06-17 14:50:30', '2024-06-17 14:50:30'),
(123, 'HAIRUL NIZAM', 'nizamherul427@gmail.com', NULL, '$2y$10$YNXZN8HAuUPP8sBBdWa0yeUlDbKEgSpnTsQdAaxJt2yOVpkOHyMlu', 'belum', 'camaba', NULL, '2024-06-18 07:38:03', '2024-06-18 07:38:03'),
(124, 'Suhrotus syafaah', 'fadiasuro@gmail.com', NULL, '$2y$10$Gb1y53xzV8424FSqQCgLe.6oPMqyukFJA.ApVopZ.7RHxN1V/31Oq', 'belum', 'camaba', NULL, '2024-06-19 03:58:31', '2024-06-19 03:58:31'),
(125, 'Suhrotus syafaah', 'diafadiaa6@gmail.com', NULL, '$2y$10$pXBApHMdwR02XmdoHSdvhOG7pX1P/6Uai.HQDLqQgDzG9SN/4o07O', 'belum', 'camaba', NULL, '2024-06-19 04:17:45', '2024-06-19 04:17:45'),
(126, 'Moh. Abi Farhan', 'abifarhan533@gmail.com', NULL, '$2y$10$KHTIeGPelGgD90ahV/SFaeRqw/NxL2ZJYAMOjVA65T30vgR06Qctu', 'belum', 'camaba', NULL, '2024-06-19 04:26:24', '2024-06-19 04:26:24'),
(127, 'Suhrotus syafaah', 'fadiasuhro@gmail.com', NULL, '$2y$10$C6aZkb51MXSvumN4NBtT6eB2bV4t9zjJgZSiRUyDBWZ4V4L0EeA8K', 'belum', 'camaba', NULL, '2024-06-19 04:39:10', '2024-06-19 04:39:10'),
(128, 'Sayidatul Fitria', 'sayyidatul26fitria@gmail.com', NULL, '$2y$10$BiRetIQ7DbK7CuwLtph80ubDZUdBkYtyGHm9POzFVvoyY1D4iGxaG', 'belum', 'camaba', NULL, '2024-06-19 05:13:47', '2024-06-19 05:13:47'),
(129, 'Nur Rizkiyati Maulida', 'nurisputri26@gmail.com', NULL, '$2y$10$t6eZ8611oIyFAx5Gh5Jb5.Jx7dDRrOU4ea0PgqDD/aXrvDQ29XTBq', 'belum', 'camaba', NULL, '2024-06-19 10:24:02', '2024-06-19 10:24:02'),
(130, 'Audina Noor Avivah', 'audinanooravivah6@gmail.com', NULL, '$2y$10$NsOTSNhBThJmp.OYhSJZ0uVyS.gOslrx3v3LmmpZW4TMljUUtnIui', 'belum', 'camaba', NULL, '2024-06-19 10:32:05', '2024-06-19 10:32:05'),
(131, 'Manarotul Maghfiroh', 'manarotulmaghfiroh1112@gmail.com', NULL, '$2y$10$3Q15IcmnJypbFJMvF48k6OBCAQstu9SBLhK9zz9052BnVNF/7XV7q', 'belum', 'camaba', NULL, '2024-06-19 23:45:39', '2024-06-19 23:45:39'),
(132, 'Rinda Safinatul Hujjah', 'rindasafina@gmail.com', NULL, '$2y$10$u.jj.JJDf/tp9yTa9W788.iR.ffTsN1vuaBV06x/lMr2Hi1eOdG3a', 'belum', 'camaba', NULL, '2024-06-20 11:20:22', '2024-06-20 11:20:22'),
(133, 'Filda Maulidiyah', 'fildamdy@gmail.com', NULL, '$2y$10$p13/TPkOlg6G3jfNt8sl8.AGgDlruGc/DrBONBmI7p.wI2MHsYaYy', 'belum', 'camaba', NULL, '2024-06-20 15:39:43', '2024-06-20 15:39:43'),
(134, 'Angky pratama Hermawan', 'angkysanjaya80@gmail.com', NULL, '$2y$10$BroAnGMDKGHjnfslygRMz.20oh4KeqmdowgjqGP9HMa.H/E.i6K7e', 'belum', 'camaba', NULL, '2024-06-22 00:14:58', '2024-06-22 00:14:58'),
(135, 'Angky Pratama Hermawan', 'angkyhermawan02@gmail.com', NULL, '$2y$10$iKTMdY5xeEXoAyylfEma4e.vBozQfhkxDKOFBixbxD5E1gTGNXx3u', 'belum', 'camaba', NULL, '2024-06-22 00:47:52', '2024-06-22 00:47:52'),
(136, 'Angky Pratama Hermawan', 'Pratamaangky05@gmail.com', NULL, '$2y$10$2JYeD/F5mdnWeMqrrsuzwuTGscEQXiuQtrvpyIzp9/s7xHFRlsujC', 'belum', 'camaba', NULL, '2024-06-22 01:18:56', '2024-06-22 01:18:56'),
(137, 'Fitria', 'fitriatiksan@gmail.com', NULL, '$2y$10$m777Qv5MZ8Ws5b5N72/qVeDa0RBvnpDCyFVTnzij8D8KaQF0OI5he', 'belum', 'camaba', NULL, '2024-06-22 10:54:14', '2024-06-22 10:54:14'),
(138, 'Najlah Hasania', 'hasanianajlah@gmail.com', NULL, '$2y$10$vMDtHbBWnGQCkEXhnepu9e2PpiqX2q4RqfCTFxhi3adixSWnVSDoS', 'belum', 'camaba', NULL, '2024-06-22 10:58:08', '2024-06-22 10:58:08'),
(139, 'Maulidia', 'maulidlidia736@gmail.com', NULL, '$2y$10$CPH9WBURWlGYQNye0qxLZuunkTpZyG2dJ6AHDOpxkVvpkwbFo5iQ2', 'belum', 'camaba', NULL, '2024-06-23 03:59:29', '2024-06-23 03:59:29'),
(140, 'Rachel Agustiana', 'Rachelagustianarachelherman@gmail.com', NULL, '$2y$10$M4U/Cv068JoNLg5P9ILVF.XDeks4jURpXeO0luQCUEW./qVb689R2', 'belum', 'camaba', NULL, '2024-06-23 04:22:41', '2024-06-23 04:22:41'),
(141, 'NADIYATUL HASANAH', 'nadiatulhasanah2405@gmail.com', NULL, '$2y$10$9T1e32BESDRqZlJ/j/tgB..fmVoMRe13aPhWhXgLnuWfXcgu2206e', 'belum', 'camaba', NULL, '2024-06-23 11:35:51', '2024-06-23 11:35:51'),
(142, 'Kiswatul Rohma', 'kisweh168@gmail.com', NULL, '$2y$10$AMmUMlrwCGrdyPgP8/HWfujStv1LReS5aXD9Lt95Pej4.kPwr4JPy', 'belum', 'camaba', NULL, '2024-06-23 12:14:21', '2024-06-23 12:14:21'),
(143, 'Asmaul Husna', 'asmaulhusna7772481@gmail.com', NULL, '$2y$10$AaHMY1Dw7vTteY1HloOVl.P0uRixEXkPcVoEh6C2cunmWvBHzKQ8G', 'belum', 'camaba', NULL, '2024-06-23 12:17:17', '2024-06-23 12:17:17'),
(144, 'Moh syukron', 'sukronnn96@gmail.com', NULL, '$2y$10$XZgRFYRfudy7Ei2LvcuGlumKg8ynrsCygFcbrX1/M.7hWJ9Rc5OAi', 'belum', 'camaba', NULL, '2024-06-23 13:44:01', '2024-06-23 13:44:01'),
(145, 'Moh syukron', 'sukronmoh632@gmail.com', NULL, '$2y$10$h2BWJ4yPvXywOCDdlGQOqODwS1cBWcCmtbZQYx/.VLoz9H/MScD7S', 'belum', 'camaba', NULL, '2024-06-23 14:16:39', '2024-06-23 14:16:39'),
(146, 'Adinda Dwi Rizca Bella', 'dwiadinda734@gmail.com', NULL, '$2y$10$pWs1Cl4S75po/6FhAqXI0e94vhin.24YJGw7erNdcNoQmq9LY/Q/K', 'belum', 'camaba', NULL, '2024-06-24 05:43:28', '2024-06-24 05:43:28'),
(147, 'Rachel Agustiana', 'Contact.rahman23@gmail.com', NULL, '$2y$10$MiAuAN92jFbIWy4DXzgRsef5L9YBwuCjN6/OEUzj1oSSzbDqE0sdO', 'belum', 'camaba', NULL, '2024-06-24 06:09:49', '2024-06-24 06:09:49'),
(148, 'FITRIA', 'dewiindah32@gmail.com', NULL, '$2y$10$nxxw3gzV8SKlWvkmy3XPM.4YoceO4sSp2CQZf83Rcd.1AUDWK/jH.', 'belum', 'camaba', NULL, '2024-06-25 00:54:04', '2024-06-25 00:54:04'),
(149, 'ARINATIL MUTA\'ALLIMAH', 'rafaurrafik@gmail.com', NULL, '$2y$10$hmzhtc4VgJWGHnEZxQ3EU.quJ0AAGmRVQiA.7AgA4bnLYYt8vqwsS', 'belum', 'camaba', NULL, '2024-06-25 03:33:31', '2024-06-25 03:33:31'),
(150, 'SILFIYA', 'silfiya44@gmail.com', NULL, '$2y$10$3N2jd0aTBQXZGqHJkPant.MfdDhS0dgFRQb29d/A47aTi1HagTl7G', 'belum', 'camaba', NULL, '2024-06-25 05:52:22', '2024-06-25 05:52:22'),
(151, 'FARID WINATA', 'faridbociel7@gmail.com', NULL, '$2y$10$llD6uXqQGZCtPZAc/qX1iuv9f933LrlzPZHo1GM7jpuL0i.1rRrP.', 'belum', 'camaba', NULL, '2024-06-25 07:12:53', '2024-06-25 07:12:53'),
(152, 'Kurmatul umami', 'badriyehannawawi000@gmail.com', NULL, '$2y$10$iF5fxUF1UM9dTX.3mSkiOOVRBsTHRczI/Z5ActzImyIL9WMfliPXS', 'belum', 'camaba', NULL, '2024-06-25 08:34:20', '2024-06-25 08:34:20'),
(153, 'sonia contesa', 'soniacontesa@gmail.com', NULL, '$2y$10$HeQ4iair7EM9iBdhkl04DukqJc1J6ol3dt6pIdSxabeVluYrXnBZa', 'belum', 'camaba', NULL, '2024-06-26 05:30:41', '2024-06-26 05:30:41'),
(154, 'Siti aisyah', 'sityaisya2005@gmail.com', NULL, '$2y$10$N.GH6ozl0L2HlFKJQ99fJOkIED3SSzO2HLC15fhmhRMD1jBlD.9na', 'belum', 'camaba', NULL, '2024-06-26 05:35:32', '2024-06-26 05:35:32'),
(155, 'Siti aisyah', 'sitiyyaisyah2005@gmail.com', NULL, '$2y$10$XNy1b0yGsXh4IpYcLVJvJOTEv4ulDa8wSmcX6nPNDW11kH21L.xRa', 'belum', 'camaba', NULL, '2024-06-26 05:55:17', '2024-06-26 05:55:17'),
(156, 'WIKAYATUL FARADILA', 'Wikayatul05@gmail.com', NULL, '$2y$10$R8cxPB8saF/NHGAdgJomTODrNQnS/S3gLm60NzOhw/7NkN1/NQU0K', 'belum', 'camaba', NULL, '2024-06-26 22:32:40', '2024-06-26 22:32:40'),
(157, 'Nuzulah Ramadhani', 'rnuzulah@gmail.com', NULL, '$2y$10$mHOfOZUINlSzOO7O92DI0OgQ31UBkFDLxQT8RMttdASyKGHX2Usn.', 'belum', 'camaba', NULL, '2024-06-27 01:56:29', '2024-06-27 01:56:29'),
(158, 'safitri setiawani', 'safitrisetiawan19@gmail.com', NULL, '$2y$10$ai7WQziqX0g2zgosdxV9ReoOAL/sT1kWmvPBLn6HsGlHNLNGUqyc.', 'belum', 'camaba', NULL, '2024-06-27 04:08:15', '2024-06-27 04:08:15'),
(159, 'FEBRIAN IBRAHIMOVIQ', 'febrianibrahimovic99@gmail.com', NULL, '$2y$10$mEbrV48jAW/fXLRqiiJhcOKu9HuLJFJ/wjKSfkqSKdEK6eqIFNoV6', 'belum', 'camaba', NULL, '2024-06-27 11:45:41', '2024-06-27 11:45:41'),
(160, 'FEBRIAN IBRAHIMOVIQ', 'febrianibrahim88@gmail.com', NULL, '$2y$10$prmyBIaQBWvWf4KvDPLD0eDsZtyLHP4PxspaPZcP1uQ2yiEmAOz/.', 'belum', 'camaba', NULL, '2024-06-27 12:04:47', '2024-06-27 12:04:47'),
(161, 'RAUDHOTUL JANNAH', 'raudhotuljennah20@gmail.com', NULL, '$2y$10$Kjw196gkEIxAQ1cam9lfvulNYHPI95p7NC6F7vlKFFJaQeD2AcU1W', 'belum', 'camaba', NULL, '2024-06-27 13:58:25', '2024-06-27 13:58:25'),
(162, 'WARDAH', 'wardah.dh07@gmail.com', NULL, '$2y$10$MZsTeNcOj7gbGfnI0XE0seypoxVx6vfA3c70ZUUwiHjy2QxCXm/We', 'belum', 'camaba', NULL, '2024-06-27 13:58:53', '2024-06-27 13:58:53'),
(163, 'RAUDHOTUL JANNAH', 'rjennah@gmail.com', NULL, '$2y$10$dbX0bQWL1dzb6Ral60.zuOzthr9S0o9j3GAGDMyYHcyR.iKMnD.B6', 'belum', 'camaba', NULL, '2024-06-27 14:27:58', '2024-06-27 14:27:58'),
(164, 'RAUDHOTUL JANNAH', 'erjennah@gmail.com', NULL, '$2y$10$s96zUjIDzb3oRFUjb118quMFEsOmNBSyfZnYAvi4y8AV1KqmsPB3C', 'belum', 'camaba', NULL, '2024-06-27 14:38:27', '2024-06-27 14:38:27'),
(165, 'RAUDHOTUL JANNAH', 'erjnnh@gmail.com', NULL, '$2y$10$c5i/exa9IORNOweSCpoP4OMMJbEpLf5U//ijnyucuU5t1o6rzCo3W', 'belum', 'camaba', NULL, '2024-06-27 14:44:14', '2024-06-27 14:44:14'),
(166, 'RIA RISKA', 'riskaria743@gmail.com', NULL, '$2y$10$RxLpPG0UywsbMK2gaAavNO.UREnCqj6oZpMiEYliNvPS0WgGcxer2', 'belum', 'camaba', NULL, '2024-06-27 15:36:43', '2024-06-27 15:36:43'),
(167, 'ria riska', 'imamzahroni842@gmail.com', NULL, '$2y$10$4bPhbPxsmE.gXcxHUgUlpefzFlWDovcNNlPfONhLoHWltT5AQemPO', 'belum', 'camaba', NULL, '2024-06-27 16:05:28', '2024-06-27 16:05:28'),
(168, 'Daneal Suddud Zarai', 'zaraizarai69@gmail.com', NULL, '$2y$10$Jvk4eexRx5M0WFt2a82m4.CcwBCjJgfu8Q4c5BQqIzNO74QVTf4kS', 'belum', 'camaba', NULL, '2024-06-28 04:35:35', '2024-06-28 04:35:35'),
(169, 'Moh Sukri', 'sukriwalad@gmail.com', NULL, '$2y$10$jzZ0mlQMrvZzIAKtMw3wKOQ/rH.ogGAJoz704RlUMax2.HWIzAvRS', 'belum', 'camaba', NULL, '2024-06-28 08:30:36', '2024-06-28 08:30:36'),
(170, 'Moh Sukri', 'mohsukrii136@gmail.com', NULL, '$2y$10$RxHkV6v73RKVwIy9xNBpEObi8CdDj.qzJdmxzmy8/DNAo1HZQ.C5G', 'belum', 'camaba', NULL, '2024-06-28 10:44:53', '2024-06-28 10:44:53'),
(171, 'Rana Dwi Arafah', 'ranadwiarafah14@gmail.com', NULL, '$2y$10$7GrTtMell6Xif4uAUV3COOfhsgcQ80yD/yT9.MfpD6MUVOjUTNFtu', 'belum', 'camaba', NULL, '2024-06-29 04:07:13', '2024-06-29 04:07:13'),
(172, 'NAHRISYA PRITA AGUSTIN', 'nahrisyapritaagustinaja@gmail.com', NULL, '$2y$10$6WsZRIZVgimp80nYE/ULBewylh29c0SbL7AunEx3/cKSGdD/csezi', 'belum', 'camaba', NULL, '2024-06-29 04:31:37', '2024-06-29 04:31:37'),
(173, 'Rana Dwi Arafah', 'ranadwiarafah2005@gmail.com', NULL, '$2y$10$FhOFSUvefSiz8CTVD37UqecFM6J0BLGI8ReFvcV1SZxb6nruAMdgW', 'belum', 'camaba', NULL, '2024-06-29 05:04:40', '2024-06-29 05:04:40'),
(174, 'Rana Dwi Arafah', 'ranadwiarafah01@gmail.com', NULL, '$2y$10$1tmBH8ZG7I8.anAfiDrclOXz66eMW97Kd73ZxsbkvItDEmPXwXqXC', 'belum', 'camaba', NULL, '2024-06-29 05:37:38', '2024-06-29 05:37:38'),
(175, 'M. Hasbi', 'hasbimohhasbi28@gmail.com', NULL, '$2y$10$NhiTGzyHBNH/puKDZUAmK.u8yHGBEeMHbC4C0oaCUNgYp/Ri8VvDC', 'belum', 'camaba', NULL, '2024-06-29 06:51:56', '2024-06-29 06:51:56'),
(176, 'Uwais al qorni', 'uwaisalqorni466@gmail.com', NULL, '$2y$10$3iCuixLkczswLMvNAPSUqeYxscUvPdEV.MCObc8QP184nzgXJV.YO', 'belum', 'camaba', NULL, '2024-06-29 14:04:24', '2024-06-29 14:04:24'),
(177, 'FIDIYAN LIZA ANDARU', 'putrisbn05@gmail.com', NULL, '$2y$10$gzQKFsR7fHBNAoZrAoG10uT9j4HwEzPKkfD/RAaYgZGXMGLV4skb2', 'belum', 'camaba', NULL, '2024-06-30 04:39:22', '2024-06-30 04:39:22'),
(178, 'FIDIYAN LIZA ANDARU', 'kamiliaputri007@gmail.com', NULL, '$2y$10$BlathvZr8.avQ3fvDjDWPeV45TkEMhzR3Nc8/FRTrG6Xbrf04K8X2', 'belum', 'camaba', NULL, '2024-06-30 04:53:49', '2024-06-30 04:53:49'),
(179, 'SYARIFAH LAILI ANGGRAINI', 'syarifahlailia11@gmail.com', NULL, '$2y$10$yI8MXdjUVN.yrwvWgSA3pe11k0/1EJVRRkSmhpLp00lFxd6IYiL8a', 'belum', 'camaba', NULL, '2024-07-01 02:46:58', '2024-07-01 02:46:58'),
(180, 'ISWATUS SHOLEHA', 'watus09@gmail.com', NULL, '$2y$10$VtE2IFqpzLy0xLhn7VC7A.HiPtgWJhxek3LGw5dOwpAMM/ehnoCO6', 'belum', 'camaba', NULL, '2024-07-01 02:55:33', '2024-07-01 02:55:33'),
(181, 'AISYATUR RIDHO NAVILA EKA PUTRI', 'aisyaturrnavilaep@gmail.com', NULL, '$2y$10$/s.HJr1Pm98U98A0ljtjteUe1nlDbuoKBEBMX1vcoLU75VLc0D1vO', 'belum', 'camaba', NULL, '2024-07-01 03:08:50', '2024-07-01 03:08:50'),
(182, 'ULFATUL ULYA', 'ulfatululya07@gmail.com', NULL, '$2y$10$3ExnpXjMYkcUGd9KNeIxCODgduyCRndEaK6oYkEE3IICy25tBU15W', 'belum', 'camaba', NULL, '2024-07-01 03:40:20', '2024-07-01 03:40:20'),
(183, 'Sulaiman', 'hoppo9478@gmail.com', NULL, '$2y$10$NOsQByDzRujaJ4bsCo8pCOyLw4RgwEkx6tgv0IaY71XirRenj/G0C', 'belum', 'camaba', NULL, '2024-07-01 14:34:57', '2024-07-01 14:34:57'),
(184, 'Nasrulloh', 'nsrulloh05@gmail.com', NULL, '$2y$10$6Bk8B/YgYqnIhxM7v0DGg.YYq/D2C6Spte4z40KuBYhm7vSY/sqLO', 'belum', 'camaba', NULL, '2024-07-01 14:43:13', '2024-07-01 14:43:13'),
(185, 'Nasrulloh', 'anasayonk02@gmail.com', NULL, '$2y$10$/eEPP8sKYnKfLx1S.wH2XuOBgNJ5aYPhddKOG3PItPihJe57naZ/W', 'belum', 'camaba', NULL, '2024-07-01 15:23:23', '2024-07-01 15:23:23'),
(186, 'QURROTUL UYUN', 'uyunqurrotul218@gmail.com', NULL, '$2y$10$3y3PcpDEuHoPEQmHpHwDruxAw/PrVQsgDWuJ0C1KOWDDjSihTHaJi', 'belum', 'camaba', NULL, '2024-07-03 05:27:04', '2024-07-03 05:27:04'),
(187, 'QURROTUL UYUN', 'jamilaturrohma40@gmail.com', NULL, '$2y$10$GBKJvUGIef4intkRNaY3Wu7i6QnEgKpIGp5arCT0rAoEqQMFHTio2', 'belum', 'camaba', NULL, '2024-07-03 05:43:23', '2024-07-03 05:43:23'),
(188, 'Sulaiman', 'hpinfinix62@gmail.com', NULL, '$2y$10$xhqN/wKYVH1HB0OZ5Z.F3ebiyBDabYORgIjOwjMYO6f/DKKD6S89C', 'belum', 'camaba', NULL, '2024-07-03 05:46:31', '2024-07-03 05:46:31'),
(189, 'Sulaiman', 'jrsulaiman94@gmail.com', NULL, '$2y$10$hOUIvRv36sao30nq/oOuU.keEh50v9klNiuN7w890G..BlTY.akXi', 'belum', 'camaba', NULL, '2024-07-03 06:22:36', '2024-07-03 06:22:36'),
(190, 'Mafula Bilqis Jamil', 'mafulabilqis5@gmail.com', NULL, '$2y$10$YeruGKTQQHG8RVIHMbojU.3J.km/pf4B.aqbv4O6ZpjdStRallNCe', 'belum', 'camaba', NULL, '2024-07-03 08:07:14', '2024-07-03 08:07:14'),
(191, 'Alfin Hasanah', 'hasanahalfin05@gmail.com', NULL, '$2y$10$hkY5NTA4OTLAq8EfPxib4Ou.nRuTu.zOTFPYcMf8nMVS1YQOIcZLi', 'belum', 'camaba', NULL, '2024-07-03 10:39:28', '2024-07-03 10:39:28'),
(192, 'IRFAN TAMAM WIJAYA', 'irfantamamw@gmail.com', NULL, '$2y$10$KbZDNfYWYLOGcz/s/R4DaeTH5l5NV2F9fpFV6poroHKxwv2v.VfGO', 'belum', 'camaba', NULL, '2024-07-04 05:57:36', '2024-07-04 05:57:36'),
(193, 'IRFAN TAMAM WIJAYA', 'irfantamamwijaya@gmail.com', NULL, '$2y$10$1Yzt.nxjHCrY24ZllEePw.z2Yo1XjVtgo7oSbhul8sZeTN.o4lJs2', 'belum', 'camaba', NULL, '2024-07-04 06:06:44', '2024-07-04 06:06:44'),
(194, 'MOH. ROHIB', 'rohibulala123@gmail.com', NULL, '$2y$10$qsqyVif049DOUIS1aOVdPuHKhGWBScvElw523AkJq0DOkvH.ofoQy', 'belum', 'camaba', NULL, '2024-07-04 12:14:43', '2024-07-04 12:14:43'),
(195, 'Dwi Cahyo', 'cahyoocahyo1911@gmail.com', NULL, '$2y$10$CZd4vyRBIjiW9pCpAAAHmudrivR9Vjjp8W3dSrJV99wr7Z8wnc9le', 'belum', 'camaba', NULL, '2024-07-05 02:55:32', '2024-07-05 02:55:32'),
(196, 'Sulaiman', 'cocgggameng@gmail.com', NULL, '$2y$10$NeS.ehmIuhYvrBLXl9xMn.bKX6ns0KqhEhVRXX7umgy7GUpITQUqa', 'belum', 'camaba', NULL, '2024-07-06 00:30:14', '2024-07-06 00:30:14'),
(197, 'Maudya aszara putri', 'maudyaaszarap@gmail.com', NULL, '$2y$10$Eh0kUyHwt9BF1XWYBeKe0uKP1IvUc0JZvaB1uHjVssE1fduYM8yBS', 'belum', 'camaba', NULL, '2024-07-08 12:54:32', '2024-07-08 12:54:32'),
(198, 'Yulia Susanti', 'yuliasusanti906@gmail.com', NULL, '$2y$10$NoPNW1ETcBKtKaBxcZ.TqOlAZ8oZHsyVFOk9qEuUqAs0zdHH2DHDq', 'belum', 'camaba', NULL, '2024-07-08 13:33:23', '2024-07-08 13:33:23'),
(199, 'MUHAMMAD WILDAN NASRULLAH', 'wwildan710@gmail.com', NULL, '$2y$10$5akVgI8s0lkiRrzevkxJVulm3Hrq3XKPKZF6Je1SA7FADj4zuKy1i', 'belum', 'camaba', NULL, '2024-07-09 05:43:22', '2024-07-09 05:43:22'),
(200, 'MUHAMMAD WILDAN NASRULLAH', 'muhammadwildannasrullahwildan@gmail.com', NULL, '$2y$10$JrDma/wQEz5slQP96K6zz.E.xj2h8zXD3mBr.j2P94eL95TrXzms2', 'belum', 'camaba', NULL, '2024-07-09 06:14:53', '2024-07-09 06:14:53'),
(201, 'SITI RINI INDRIANI', 'riniindriyani23@gmail.com', NULL, '$2y$10$Nfe9I63HnvG79IY52oto/e.jn5ql3xfLl1fTd64uXbgjiSV.oNzHO', 'belum', 'camaba', NULL, '2024-07-10 02:15:18', '2024-07-10 02:15:18'),
(202, 'Aqmarina', 'aqmarinarahman@gmail.com', NULL, '$2y$10$vM/nS0tA0lB428ynm57aUePr0RZEPFyqTHee8IINcinKVW7JQKkL2', 'belum', 'camaba', NULL, '2024-07-10 05:59:00', '2024-07-10 05:59:00'),
(203, 'Safinatun ilmiyah', 'safinailmiyah559@gmail.com', NULL, '$2y$10$oSkAKc6HMZyXcXIF1fKbsemixvUYBo24rFCOZjC4zz.0vGERYv/VK', 'belum', 'camaba', NULL, '2024-07-10 06:04:34', '2024-07-10 06:04:34'),
(204, 'Lulu', 'nurulkamalia632@gmail.com', NULL, '$2y$10$fQ.E7EO0wVQ8CSkxCWc/W.cGfWiQ/Wpd3WQXI/nW0RNON117eypL6', 'belum', 'camaba', NULL, '2024-07-10 06:04:55', '2024-07-10 06:04:55'),
(205, 'Lulu', 'nurulkamalia1514@gmail.com', NULL, '$2y$10$clLkN8w27iu8vB3YaEdEPu8/6HLGcp2RoicPH8HGDSc3LFmJqrNz6', 'belum', 'camaba', NULL, '2024-07-10 06:12:07', '2024-07-10 06:12:07'),
(206, 'Lulu', 'luluhadorii@gmail.com', NULL, '$2y$10$XlHRqKEfIQ5j/QIp5FV82ey54VjTrm6af3/q77MGp0kWBxpM4ASPG', 'belum', 'camaba', NULL, '2024-07-10 06:19:16', '2024-07-10 06:19:16'),
(207, 'USWATUN HASANAH', 'anah82593@gmail.com', NULL, '$2y$10$nV5FszD7X2Ls7YVgMz7MSuERpsnkB5dvQs4Rn5Kqo127dJA8nlRM2', 'belum', 'camaba', NULL, '2024-07-11 04:17:11', '2024-07-11 04:17:11'),
(208, 'Desiy Qur\'ani', 'desiyqurani@gmail.com', NULL, '$2y$10$jUhrA5M8RUQnCdWdj08VbOGuwgtp3wzDGl6UpKPMLF8Kz1.1lVjfK', 'belum', 'camaba', NULL, '2024-07-11 12:31:37', '2024-07-11 12:31:37'),
(209, 'shofiyatul fitriyati', 'shofiyatulfitriyati88@gmail.com', NULL, '$2y$10$WJ1r7bWN2ohJ5e95lIILHebgLt1pp2hdNYIOfkH.sNfRGah8fVhbi', 'belum', 'camaba', NULL, '2024-07-14 05:47:49', '2024-07-14 05:47:49'),
(210, 'shofiyatul fitriyati', 'shofiyatulfitriyati96@gmail.com', NULL, '$2y$10$R7Gg3jIQVk66.u2u5jw4DuAEgLH4b3jX8pXdyLTO/jwn117ZgdAMG', 'belum', 'camaba', NULL, '2024-07-14 09:46:59', '2024-07-14 09:46:59'),
(211, 'Shofi barroh', 'shofibarroh67@gmail.com', NULL, '$2y$10$bj.VINvQuMjAu9.3iZ3dDuMyrLMpPZ7EyOkXBAzTfmOlNlu.uLjm.', 'belum', 'camaba', NULL, '2024-07-14 13:43:43', '2024-07-14 13:43:43'),
(212, 'Shofi barroh', 'shofibarroh12@gmail.com', NULL, '$2y$10$zHI3f9QZ.1P2kCHVFFDGY.ALBuTGLTi5XO2wM2.Vh8xoNPjn9JxPi', 'belum', 'camaba', NULL, '2024-07-14 14:37:07', '2024-07-14 14:37:07'),
(213, 'Nabilatul Husna', 'nabilatulhusnabela@gmail.com', NULL, '$2y$10$n5DAzFcuIsU/hwfAnEpRn.RQKRnf4CEDRN180/aekKnYCWcJv/O3e', 'belum', 'camaba', NULL, '2024-07-18 05:53:05', '2024-07-18 05:53:05'),
(214, 'Nabilatul Husna', 'bellaafcha@gmail.com', NULL, '$2y$10$hZXRW8b9BjjT4Dt.Y0RvyeuCZG1wA2YdECCKeH3lG2x0clk3.ko7W', 'belum', 'camaba', NULL, '2024-07-19 04:31:37', '2024-07-19 04:31:37'),
(215, 'Andrianto  Mulasin', 'andrebas212@gmail.com', NULL, '$2y$10$vKfZrFBEx56ZlUP8OMPdn.1/W6MSl9nnSE2sfPggBT318CWwhyic6', 'belum', 'camaba', NULL, '2024-07-19 12:33:30', '2024-07-19 12:33:30'),
(216, 'MOH. FAHRI', 'balenofahri@gmail.com', NULL, '$2y$10$iq89tNGBO2Uq8FRKuewM8eCbhsCGhmCiiurza9ZgsSchMJew4Aj6m', 'belum', 'camaba', NULL, '2024-07-21 05:47:05', '2024-07-21 05:47:05'),
(217, 'MOH. FADLAN HUSEIN', 'alanhusein2005@gmail.com', NULL, '$2y$10$RlDd3/3LC5jkM57rJX/zdeoZCEIF7ypc1.oro81QSrHk0JmTplEfe', 'belum', 'camaba', NULL, '2024-07-22 07:40:39', '2024-07-22 07:40:39'),
(218, 'MIFTAHUL ULUM', 'umiftahul641@gmail.com', NULL, '$2y$10$3XGkVqmBmwEkKsQuCr6gUO65XAMzSX/HCInH/j4I84k6ZP5bOuZYS', 'belum', 'camaba', NULL, '2024-07-23 02:35:50', '2024-07-23 02:35:50'),
(219, 'Putri Nurul Aini', 'uswah.hs00@gmail.com', NULL, '$2y$10$9x/KFIrTz/2rcBH8hXJpMO3xeLDdIxdvrGCOoIEJA83yM2KC.C6b.', 'belum', 'camaba', NULL, '2024-07-23 05:09:55', '2024-07-23 05:09:55'),
(220, 'YULIADA', 'yuliada37@gmail.com', NULL, '$2y$10$xETlDUJepWDyH/x2OgXJXenkxrbOrQ3HLOTvEfjXpGUmBf35tuvz2', 'belum', 'camaba', NULL, '2024-07-23 10:20:45', '2024-07-23 10:20:45'),
(221, 'BUSRO', 'ayymuhammad567@gmail.com', NULL, '$2y$10$XXphGzZrve640XqUWMUeAu.GDF5.r7qsUl2bJzUqS09YVr1HPCRYS', 'belum', 'camaba', NULL, '2024-07-23 12:37:27', '2024-07-23 12:37:27'),
(222, 'ZIDAN RAMADANI', 'zidanramadani838@gmail.com', NULL, '$2y$10$Nr1M33rDV5RdmSBdUcGh5ujy/K2E1lsjyjmsLSAf6hNYMU8tcMgFW', 'belum', 'camaba', NULL, '2024-07-24 13:54:06', '2024-07-24 13:54:06'),
(223, 'ARIS ALFANANI', 'aristroubleboys58@gmail.com', NULL, '$2y$10$nKeiJIvE77OtKrHEBGGiEumpG4Ux/dQUo5VLGPn89maeBecr1h7xG', 'belum', 'camaba', NULL, '2024-07-25 05:59:14', '2024-07-25 05:59:14'),
(224, 'YULIADA', 'yuliada123@guru.sd.belajar.id', NULL, '$2y$10$LFX05DdmyvqGaTR97crAdOdGYxQwonNeeBDiPsPBwmj6YsMgBm402', 'belum', 'camaba', NULL, '2024-07-26 02:18:37', '2024-07-26 02:18:37'),
(225, 'SITI SOFIA', 'hyawiyah@gmail.com', NULL, '$2y$10$yoaUaT8pcw61TdqaICOmq.8287b6aaHDG8B48GByaQxww9GnBsCpe', 'belum', 'camaba', NULL, '2024-07-26 11:10:59', '2024-07-26 11:10:59'),
(226, 'Siti Hasanah', 'sh9641636@gmail.com', NULL, '$2y$10$xxuUBNv/VDfKL6.oC2Nb3.exMToHg/MbVRwZloHEfTfBslHvMUJCS', 'belum', 'camaba', NULL, '2024-07-27 11:02:40', '2024-07-27 11:02:40'),
(227, 'MUSLIHA ULHAQ', 'muslihaulhaq@gmail.com', NULL, '$2y$10$A54UNKc7.ndUNk6dRSya7.pVKIku93addsw4gS7QEMA7SjD01kr0i', 'belum', 'camaba', NULL, '2024-07-29 03:26:28', '2024-07-29 03:26:28'),
(228, 'Atika Maulida Ats-Tsaqiba', 'lidia.atika05@gmail.com', NULL, '$2y$10$NhRambKHy959790v.LQv4.urK4SMQYsI9lV3n6ICku/6ChhLLrBHG', 'belum', 'camaba', NULL, '2024-07-29 05:47:10', '2024-07-29 05:47:10'),
(229, 'HAIRUL NIZAM', 'herulnizam42@gmail.com', NULL, '$2y$10$Ekm5jHYS2W9RRDs2t33yGOBUM9jALytWri7bBSDbsOM58GOLFluTm', 'belum', 'camaba', NULL, '2024-07-29 10:03:15', '2024-07-29 10:03:15'),
(230, 'BASIR', 'basir557268@gmail.com', NULL, '$2y$10$/LPy/cZnx9/nxlsdBwUb5.b982fWDKghhEBMG9xE8AQ7DwSkjmojO', 'belum', 'camaba', NULL, '2024-07-30 03:28:10', '2024-07-30 03:28:10'),
(231, 'Jihad Rabbany', 'jihadrabbany6@gmail.com', NULL, '$2y$10$qRLKz.sw2cbEX1X8h0okleoY04uYRzvVtKr5UZota1.BeGWrpwDX.', 'belum', 'camaba', NULL, '2024-07-30 04:36:09', '2024-07-30 04:36:09'),
(232, 'ABDUL HARIS', 'habd22229@gmail.com', NULL, '$2y$10$MRp0Gcr4EEAWsp0Xw2lz4eayBp/x5apOgGB4Ge2t0/voBemZReXF6', 'belum', 'camaba', NULL, '2024-07-30 05:28:46', '2024-07-30 05:28:46'),
(233, 'Jihad rabbany', 'jihadrabbany@6gmail.com', NULL, '$2y$10$HGdzUL.9ICkvRa8a/0.AC.JGvrEgHLGAvbFopv9UTeUs4mDhHbdca', 'belum', 'camaba', NULL, '2024-07-30 06:01:13', '2024-07-30 06:01:13'),
(234, 'ABDUL', 'harispikiboy@gmail.com', NULL, '$2y$10$E3Q6/d/4QQ8WMJCt.PQaHeVZ1a/wfpBy8XnH/1yRb/XZxCXprKrA6', 'belum', 'camaba', NULL, '2024-07-30 06:33:03', '2024-07-30 06:33:03'),
(235, 'ABDUL HARIS', 'rizkyanto126@gmail.com', NULL, '$2y$10$gJVH4Bt9id3I0e9oulY.uuLjS7S1bwpYK2f6eX50trETnJcwwtEeq', 'belum', 'camaba', NULL, '2024-07-30 06:43:25', '2024-07-30 06:43:25'),
(236, 'MAT SOBIRIN', 'najahnurainy@gmail.com', NULL, '$2y$10$NZhjeTfUIEnuH8jJarajv.iHeSxV4YwHqsrtN5srDcAKPlxPJnJsq', 'belum', 'camaba', NULL, '2024-07-30 13:02:49', '2024-07-30 13:02:49'),
(237, 'Tiara Wulandari', 'tiarawulandari3644@gmail.com', NULL, '$2y$10$dxJx66tdJDKmkzz8016tmuI75RNI9Qcrd4rVMsKCCJ/JFVKfh1FlW', 'belum', 'camaba', NULL, '2024-07-31 01:55:37', '2024-07-31 01:55:37'),
(238, 'Muhammad Irsyadul halim', 'putrairsyad880@gmail.com', NULL, '$2y$10$C7GCBaELzHlmiU7UTsSNV.PJgtgB0JnebEb0LKsK7SOIRgEfDNgdO', 'belum', 'camaba', NULL, '2024-07-31 13:28:35', '2024-07-31 13:28:35'),
(239, 'Ariffa Husnul Huda', 'huda.ariffa@gmail.com', NULL, '$2y$10$3ZK4SmAoQNSATvoDy7LuBOVKBQ9.ffXO47Y53ZBd5/zmAPVYvv2ga', 'belum', 'camaba', NULL, '2024-07-31 13:29:11', '2024-07-31 13:29:11'),
(240, 'HAIRUL NIZAM', 'nizamherul060@gmail.com', NULL, '$2y$10$au4kquUGL150iN1xEu96MOQ2YyRmlyFimq0tqCu62Evwk3IOsy5dC', 'belum', 'camaba', NULL, '2024-08-01 02:44:02', '2024-08-01 02:44:02'),
(241, 'HANINATUS SYAMSIYAH', 'hanysyamsi@gmail.com', NULL, '$2y$10$kmf7/ool4LF/GgzuKEtgM.TUccCai36ElG/RHceGT3D8nBwUr0uKy', 'belum', 'camaba', NULL, '2024-08-01 09:47:52', '2024-08-01 09:47:52'),
(242, 'Dhiaz Syahrul Mubarok', 'dhiazsyahrulmubarok@gmail.com', NULL, '$2y$10$XWyvV6Zs7/q3IFj5Kpmfve5vMJGUzB51pLacWsxCeSEsIB6QPrj.y', 'belum', 'camaba', NULL, '2024-08-03 07:26:18', '2024-08-03 07:26:18'),
(243, 'RINA AULIA', 'wrina2822@gmail.com', NULL, '$2y$10$J.jlbcD4doycJYqbF8u8b.rsd7Z9BvjcNhIclEnP8iLAtJXI.qRv.', 'belum', 'camaba', NULL, '2024-08-05 02:36:39', '2024-08-05 02:36:39'),
(244, 'MAMDUDAH', 'mamdudah318@gmail.com', NULL, '$2y$10$yK41TvlTjdQLDsBG4HLHweoQLdHCmOe7frMhMTaygV7f6V2ZNefyq', 'belum', 'camaba', NULL, '2024-08-05 03:18:09', '2024-08-05 03:18:09'),
(245, 'SAMSUL MAARIF', 'syamuell051018@gmail.com', NULL, '$2y$10$9YLEqvgB7VQaSGcT083R6OP0p2nFkNFRpmjHma4DCMKyOrJUniFWu', 'belum', 'camaba', NULL, '2024-08-05 07:23:02', '2024-08-05 07:23:02'),
(246, 'SITI HANIYAH', 'nihanhany65@gmail.com', NULL, '$2y$10$cxD2r/9jWSW6XbCLsA7T8O/kr7rnl8JtaEKczp06RJRKUkM7F.44i', 'belum', 'camaba', NULL, '2024-08-05 16:50:27', '2024-08-05 16:50:27'),
(247, 'Nakrifatul Lisailiyah', 'ukhtilayzaan@gmail.com', NULL, '$2y$10$f4KD/uT74zU/Ks6krZgJVOQOBXQh9Tf3sCNC3HzIkjJKBtVkKyIim', 'belum', 'camaba', NULL, '2024-08-06 03:56:35', '2024-08-06 03:56:35'),
(248, 'HOLIS', 'Muhammadholis3422@gmail.com', NULL, '$2y$10$YzohrpT4vlN4m/86PvruNeeH2IsQPpV.T6jTrtz4AUfQYwULN4FJm', 'belum', 'camaba', NULL, '2024-08-06 14:23:19', '2024-08-06 14:23:19'),
(249, 'Jabbar', 'akbartoger9@gmail.com', NULL, '$2y$10$AIlKYgWs.FBYW8ogZSMEHe1G3AUi0ttMr0ujleD/6BRC0aALeR28O', 'belum', 'camaba', NULL, '2024-08-07 06:45:37', '2024-08-07 06:45:37'),
(250, 'Kamilia zaskia tul uswah', 'zaskiaa7667@gmail.com', NULL, '$2y$10$eAqLPVnvJh0AymHYzgmUreIllk1xikW7Wn8DRc1wqjaac3J2e6Ft6', 'belum', 'camaba', NULL, '2024-08-07 07:28:50', '2024-08-07 07:28:50'),
(251, 'Nuhah fitriani', 'nohahfitriani@gmail.com', NULL, '$2y$10$DlASf2d/sdXjGcu8ptO/5urnS4K1SRLK6UqjgfBs/Foljb67cf82a', 'belum', 'camaba', NULL, '2024-08-07 08:37:51', '2024-08-07 08:37:51'),
(252, 'Yulis Damayanti', 'sulisdamayanti@gmail.com', NULL, '$2y$10$PNrWeuatMQaBRQmzTd3JBOQ9lXb5ROi2PFNdR/TOVCOUk8n6EHZ4e', 'belum', 'camaba', NULL, '2024-08-10 11:00:49', '2024-08-10 11:00:49'),
(253, 'Yulis Damayanti', 'sulisdamayanti28@gmail.com', NULL, '$2y$10$vos3d4/cBShE61nA8vRUi.PiHLtpHYuPiPAd.qijCJpg2uESsrHDS', 'belum', 'camaba', NULL, '2024-08-10 12:11:39', '2024-08-10 12:11:39'),
(254, 'FAHRUDDIN', 'fahruddf33@gmail.com', NULL, '$2y$10$rnbR2b6YNfcQ0g1CL7gk1efyfqhDVtE4c6Z/v2WkHNO2pvwppJNHC', 'belum', 'camaba', NULL, '2024-08-11 05:00:33', '2024-08-11 05:00:33'),
(255, 'Lailatul badriyeh', 'zahrazea762@gmail.com', NULL, '$2y$10$5CuzlMh96TBukrzREw91Ie8HEtiWXn0tLKRiJbKb.xLkX3ieZaWeG', 'belum', 'camaba', NULL, '2024-08-11 21:04:23', '2024-08-11 21:04:23'),
(256, 'RIZQILLAH ADITYA RAHMAN', 'rizqimuhamad.co.id@gmail.com', NULL, '$2y$10$6Cp3L22.p8T6PKqHrc/B9OKtaCjo8Vkz8pR4rKhAGfXs/KRIc8gp.', 'belum', 'camaba', NULL, '2024-08-12 00:54:59', '2024-08-12 00:54:59'),
(257, 'RIZQILLAH ADITYA RAHMAN', 'rizqillahadityarahman@gmail.com', NULL, '$2y$10$3Ap/DWxDIKaVoUnkpQ0ys.a78AVb0lLbC2I5YmBXnRXeCOT/Bha2C', 'belum', 'camaba', NULL, '2024-08-12 01:08:37', '2024-08-12 01:08:37'),
(258, 'Jamilatul Mukarromah', 'jamilatulmukarromah56@gmail.com', NULL, '$2y$10$kiYJoHBURVDu/7m2pzWgHO8FHBAku95k5JkdKzboVVgQZ4z4UBkcC', 'belum', 'camaba', NULL, '2024-08-12 03:12:34', '2024-08-12 03:12:34'),
(259, 'KHAIRUL MUTAWAKKILIN', 'khairulmutawakkilin3@gmail.com', NULL, '$2y$10$1qlESzmjH4JFjxdyTzoXm.Koy8km9ho6D5r2/UIOZuyDrhx.FHovC', 'belum', 'camaba', NULL, '2024-08-12 03:49:20', '2024-08-12 03:49:20'),
(260, 'BUSRO', 'busyromuhammad1706@gmail.com', NULL, '$2y$10$iD/gKU/7XklYc5cd.NM43.9d6WwuRhMc1j9dAsLLdWEHfT0XlleXy', 'belum', 'camaba', NULL, '2024-08-13 02:08:37', '2024-08-13 02:08:37'),
(261, 'Kalimasada Akbar Muslim', 'kalimasadaakbar@gmail.com', NULL, '$2y$10$asNrhXehiA5.jVC/TdSNbOoQAF0q1vZ2YNR37RvqL6l2.9qVibvdi', 'belum', 'camaba', NULL, '2024-08-13 12:14:57', '2024-08-13 12:14:57'),
(262, 'DANDI TIRTATULLAH AL HAQ', 'dandytirta45@gmail.com', NULL, '$2y$10$Oe7B3JYj37kL4LfLrVws1ufYja5HBLScj/TGCy9.4ZWUUqd7698hy', 'belum', 'camaba', NULL, '2024-08-13 12:40:45', '2024-08-13 12:40:45'),
(263, 'Nur Aini Muhfia Sari', 'muhfia778@gmail.com', NULL, '$2y$10$EMf4GylfTnlIkZejlfSw1eGOG/0hQIxLSmVQ6H7vPP2vxLlsQCcjy', 'belum', 'camaba', NULL, '2024-08-14 02:09:51', '2024-08-14 02:09:51'),
(264, 'Sahrul hidayat', 'sahrulhidayat5864@gmail.com', NULL, '$2y$10$QdwwcwShbRdjgSqQzcMT6uRsHqgk5i.rUSM2c8Cn.w8uvAw5Tvx4q', 'belum', 'camaba', NULL, '2024-08-14 04:08:33', '2024-08-14 04:08:33'),
(265, 'NUR AINI MUHFIA SARI', 'nmuhfiasari@gmail.com', NULL, '$2y$10$4ykVlXgAABVM8dS4ifKhH.efz7xbJvyb1qGqQOK1X8sofApcO69Gy', 'belum', 'camaba', NULL, '2024-08-14 04:53:23', '2024-08-14 04:53:23'),
(266, 'Mahesa ardi', 'mahesaardi12@gamil.com', NULL, '$2y$10$kpIAY.dYQb5GODycoZuDKuCuGKqLFPZxPCWMPi0D9w0/MlLi2mkMq', 'belum', 'camaba', NULL, '2024-08-14 05:16:52', '2024-08-14 05:16:52'),
(267, 'M.Rizki Royan Habibi', 'royanriski52@gmail.com', NULL, '$2y$10$5PA9.aJCYeF.vN.U8psyM.vKFVMuZs2FozT0koNVXtFv.OchGvjAW', 'belum', 'camaba', NULL, '2024-08-15 03:59:16', '2024-08-15 03:59:16');

--
-- Indexes for dumped tables
--

--
-- Indexes for table `banks`
--
ALTER TABLE `banks`
  ADD PRIMARY KEY (`id`);

--
-- Indexes for table `berkas_pendaftars`
--
ALTER TABLE `berkas_pendaftars`
  ADD PRIMARY KEY (`id`),
  ADD KEY `berkas_pendaftars_user_id_foreign` (`user_id`);

--
-- Indexes for table `failed_jobs`
--
ALTER TABLE `failed_jobs`
  ADD PRIMARY KEY (`id`),
  ADD UNIQUE KEY `failed_jobs_uuid_unique` (`uuid`);

--
-- Indexes for table `informasis`
--
ALTER TABLE `informasis`
  ADD PRIMARY KEY (`id`),
  ADD UNIQUE KEY `informasis_slug_unique` (`slug`);

--
-- Indexes for table `informasi_kampuses`
--
ALTER TABLE `informasi_kampuses`
  ADD PRIMARY KEY (`id`);

--
-- Indexes for table `jalur_masuks`
--
ALTER TABLE `jalur_masuks`
  ADD PRIMARY KEY (`id`);

--
-- Indexes for table `jalur_masuk_prodis`
--
ALTER TABLE `jalur_masuk_prodis`
  ADD PRIMARY KEY (`id`);

--
-- Indexes for table `jenjang_pendidikans`
--
ALTER TABLE `jenjang_pendidikans`
  ADD PRIMARY KEY (`id`);

--
-- Indexes for table `migrations`
--
ALTER TABLE `migrations`
  ADD PRIMARY KEY (`id`);

--
-- Indexes for table `password_reset_tokens`
--
ALTER TABLE `password_reset_tokens`
  ADD PRIMARY KEY (`email`);

--
-- Indexes for table `personal_access_tokens`
--
ALTER TABLE `personal_access_tokens`
  ADD PRIMARY KEY (`id`),
  ADD UNIQUE KEY `personal_access_tokens_token_unique` (`token`),
  ADD KEY `personal_access_tokens_tokenable_type_tokenable_id_index` (`tokenable_type`,`tokenable_id`);

--
-- Indexes for table `prodis`
--
ALTER TABLE `prodis`
  ADD PRIMARY KEY (`id`);

--
-- Indexes for table `registers`
--
ALTER TABLE `registers`
  ADD PRIMARY KEY (`id`),
  ADD UNIQUE KEY `registers_email_unique` (`email`),
  ADD KEY `registers_user_id_foreign` (`user_id`),
  ADD KEY `registers_jenjang_pendidikan_id_foreign` (`jenjang_pendidikan_id`),
  ADD KEY `registers_sistem_kuliah_id_foreign` (`sistem_kuliah_id`),
  ADD KEY `registers_jalur_masuk_id_foreign` (`jalur_masuk_id`),
  ADD KEY `registers_pilihan1_foreign` (`pilihan1`),
  ADD KEY `registers_pilihan2_foreign` (`pilihan2`),
  ADD KEY `registers_pilihan3_foreign` (`pilihan3`),
  ADD KEY `registers_diterima_di_foreign` (`diterima_di`);

--
-- Indexes for table `sistem_kuliahs`
--
ALTER TABLE `sistem_kuliahs`
  ADD PRIMARY KEY (`id`);

--
-- Indexes for table `sosmeds`
--
ALTER TABLE `sosmeds`
  ADD PRIMARY KEY (`id`);

--
-- Indexes for table `users`
--
ALTER TABLE `users`
  ADD PRIMARY KEY (`id`),
  ADD UNIQUE KEY `users_email_unique` (`email`);

--
-- AUTO_INCREMENT for dumped tables
--

--
-- AUTO_INCREMENT for table `banks`
--
ALTER TABLE `banks`
  MODIFY `id` bigint(20) UNSIGNED NOT NULL AUTO_INCREMENT, AUTO_INCREMENT=6;

--
-- AUTO_INCREMENT for table `berkas_pendaftars`
--
ALTER TABLE `berkas_pendaftars`
  MODIFY `id` bigint(20) UNSIGNED NOT NULL AUTO_INCREMENT, AUTO_INCREMENT=261;

--
-- AUTO_INCREMENT for table `failed_jobs`
--
ALTER TABLE `failed_jobs`
  MODIFY `id` bigint(20) UNSIGNED NOT NULL AUTO_INCREMENT;

--
-- AUTO_INCREMENT for table `informasis`
--
ALTER TABLE `informasis`
  MODIFY `id` bigint(20) UNSIGNED NOT NULL AUTO_INCREMENT, AUTO_INCREMENT=3;

--
-- AUTO_INCREMENT for table `informasi_kampuses`
--
ALTER TABLE `informasi_kampuses`
  MODIFY `id` bigint(20) UNSIGNED NOT NULL AUTO_INCREMENT, AUTO_INCREMENT=2;

--
-- AUTO_INCREMENT for table `jalur_masuks`
--
ALTER TABLE `jalur_masuks`
  MODIFY `id` bigint(20) UNSIGNED NOT NULL AUTO_INCREMENT, AUTO_INCREMENT=19;

--
-- AUTO_INCREMENT for table `jalur_masuk_prodis`
--
ALTER TABLE `jalur_masuk_prodis`
  MODIFY `id` bigint(20) UNSIGNED NOT NULL AUTO_INCREMENT, AUTO_INCREMENT=85;

--
-- AUTO_INCREMENT for table `jenjang_pendidikans`
--
ALTER TABLE `jenjang_pendidikans`
  MODIFY `id` bigint(20) UNSIGNED NOT NULL AUTO_INCREMENT, AUTO_INCREMENT=4;

--
-- AUTO_INCREMENT for table `migrations`
--
ALTER TABLE `migrations`
  MODIFY `id` int(10) UNSIGNED NOT NULL AUTO_INCREMENT, AUTO_INCREMENT=34;

--
-- AUTO_INCREMENT for table `personal_access_tokens`
--
ALTER TABLE `personal_access_tokens`
  MODIFY `id` bigint(20) UNSIGNED NOT NULL AUTO_INCREMENT;

--
-- AUTO_INCREMENT for table `prodis`
--
ALTER TABLE `prodis`
  MODIFY `id` bigint(20) UNSIGNED NOT NULL AUTO_INCREMENT, AUTO_INCREMENT=12;

--
-- AUTO_INCREMENT for table `registers`
--
ALTER TABLE `registers`
  MODIFY `id` bigint(20) UNSIGNED NOT NULL AUTO_INCREMENT, AUTO_INCREMENT=265;

--
-- AUTO_INCREMENT for table `sistem_kuliahs`
--
ALTER TABLE `sistem_kuliahs`
  MODIFY `id` bigint(20) UNSIGNED NOT NULL AUTO_INCREMENT, AUTO_INCREMENT=4;

--
-- AUTO_INCREMENT for table `sosmeds`
--
ALTER TABLE `sosmeds`
  MODIFY `id` bigint(20) UNSIGNED NOT NULL AUTO_INCREMENT;

--
-- AUTO_INCREMENT for table `users`
--
ALTER TABLE `users`
  MODIFY `id` bigint(20) UNSIGNED NOT NULL AUTO_INCREMENT, AUTO_INCREMENT=268;

--
-- Constraints for dumped tables
--

--
-- Constraints for table `berkas_pendaftars`
--
ALTER TABLE `berkas_pendaftars`
  ADD CONSTRAINT `berkas_pendaftars_user_id_foreign` FOREIGN KEY (`user_id`) REFERENCES `users` (`id`);

--
-- Constraints for table `registers`
--
ALTER TABLE `registers`
  ADD CONSTRAINT `registers_diterima_di_foreign` FOREIGN KEY (`diterima_di`) REFERENCES `prodis` (`id`),
  ADD CONSTRAINT `registers_jalur_masuk_id_foreign` FOREIGN KEY (`jalur_masuk_id`) REFERENCES `jalur_masuks` (`id`),
  ADD CONSTRAINT `registers_jenjang_pendidikan_id_foreign` FOREIGN KEY (`jenjang_pendidikan_id`) REFERENCES `jenjang_pendidikans` (`id`),
  ADD CONSTRAINT `registers_pilihan1_foreign` FOREIGN KEY (`pilihan1`) REFERENCES `prodis` (`id`),
  ADD CONSTRAINT `registers_pilihan2_foreign` FOREIGN KEY (`pilihan2`) REFERENCES `prodis` (`id`),
  ADD CONSTRAINT `registers_pilihan3_foreign` FOREIGN KEY (`pilihan3`) REFERENCES `prodis` (`id`),
  ADD CONSTRAINT `registers_sistem_kuliah_id_foreign` FOREIGN KEY (`sistem_kuliah_id`) REFERENCES `sistem_kuliahs` (`id`),
  ADD CONSTRAINT `registers_user_id_foreign` FOREIGN KEY (`user_id`) REFERENCES `users` (`id`);
COMMIT;

/*!40101 SET CHARACTER_SET_CLIENT=@OLD_CHARACTER_SET_CLIENT */;
/*!40101 SET CHARACTER_SET_RESULTS=@OLD_CHARACTER_SET_RESULTS */;
/*!40101 SET COLLATION_CONNECTION=@OLD_COLLATION_CONNECTION */;
